16:11:49 [INFO] =======================================================
16:11:49 [INFO]    BOT PRE-LIVE LAY 0x1 / 1x0
16:11:49 [INFO] =======================================================
16:11:51 [INFO] Buscando lista de jogos do dia...
16:11:51 [INFO] Jogos agendados: 117 novos | Total ativo: 117
16:11:51 [INFO] =======================================================
16:11:51 [INFO]    AGENDA DO DIA — 19/04/2026 | 117 jogos
16:11:51 [INFO] =======================================================
16:11:51 [INFO]   13h
16:11:51 [INFO]     13:15  Guadalajara v Pontevedra CF
16:11:51 [INFO]     13:15  B68 Toftir v HB Torshavn
16:11:51 [INFO]     13:30  Albacete v Granada
16:11:51 [INFO]     13:30  Plzen v Pardubice
16:11:51 [INFO]     13:30  Union St Gilloise v Club Brugge
16:11:51 [INFO]     13:30  Coquimbo Unido v Nublense
16:11:51 [INFO]     13:30  Aldosivi v Racing Club
16:11:51 [INFO]     13:30  Eibar v Huesca
16:11:51 [INFO]   14h
16:11:51 [INFO]     14:00  CA Colegiales v CA Temperley
16:11:51 [INFO]     14:00  Sporting Lisbon v Benfica
16:11:51 [INFO]     14:00  Trabzonspor v Basaksehir
16:11:51 [INFO]     14:00  Partizani Tirana v Bylis Ballsh
16:11:51 [INFO]     14:00  Beitar Jerusalem v Maccabi Haifa
16:11:51 [INFO]     14:15  RAAL La Louviere v Zulte-Waregem
16:11:51 [INFO]     14:15  Start v Molde
16:11:51 [INFO]     14:30  Mgladbach v Mainz
16:11:51 [INFO]     14:30  Wehen Wiesbaden v Waldhof Mannheim
16:11:51 [INFO]     14:30  Warta Poznan v Podbeskidzie B-B
16:11:51 [INFO]     14:30  Empoli v Entella
16:11:51 [INFO]     14:30  Gyori v Ferencvaros
16:11:51 [INFO]     14:30  Maccabi Tel Aviv v Hapoel Tel Aviv
16:11:51 [INFO]   15h
16:11:51 [INFO]     15:00  Manta FC v Deportivo Cuenca
16:11:51 [INFO]     15:00  Kahraba Ismailia v Ghazl El Mahallah
16:11:51 [INFO]     15:00  Universitatea Craiova v Rapid Bucharest
16:11:51 [INFO]     15:00  Modern Sport FC v ZED FC
16:11:51 [INFO]     15:00  Club Atletico Mitre v Ferro Carril Oeste
16:11:51 [INFO]     15:00  Almirante Brown v CA Central Norte
16:11:51 [INFO]     15:00  Estudiantes de Caseros v Chaco For Ever
16:11:51 [INFO]     15:00  FK IMT Novi Beograd v Mladost Lucani
16:11:51 [INFO]     15:00  Panathinaikos v Olympiakos
16:11:51 [INFO]     15:00  Universidad Guadalajara v Cancun FC
16:11:51 [INFO]     15:00  FC Supra du Quebec v Atletico Ottawa
16:11:51 [INFO]     15:10  Universidad Cesar Vallejo v AD Cantolao
16:11:51 [INFO]     15:30  Lugo v Talavera CF
16:11:51 [INFO]     15:30  Gimnasia Jujuy v Almagro BA
16:11:51 [INFO]     15:30  Audace Cerignola v Team Altamura
16:11:51 [INFO]     15:30  Salernitana v AZ Picerno ASD
16:11:51 [INFO]     15:30  S.S.D. Casarano Calcio v Crotone
16:11:51 [INFO]     15:30  Catania v Potenza
16:11:51 [INFO]     15:30  Cosenza v Trapani
16:11:51 [INFO]     15:30  Sorrento v Atalanta B
16:11:51 [INFO]     15:30  Siracusa v Cavese 1919
16:11:51 [INFO]     15:30  US Latina Calcio v Casertana
16:11:51 [INFO]     15:30  FC Giugliano v Benevento
16:11:51 [INFO]     15:30  Monopoli v Foggia
16:11:51 [INFO]     15:45  Juventus v Bologna
16:11:51 [INFO]     15:45  Paris St-G v Lyon
16:11:51 [INFO]   16h
16:11:51 [INFO]     16:00  Huracan del Paso v Centro Atletico Fenix
16:11:51 [INFO]     16:00  Santos v Fluminense
16:11:51 [INFO]     16:00  Danubio v Deportivo Maldonado
16:11:51 [INFO]     16:00  Olympic Safi v USM Alger
16:11:51 [INFO]     16:00  Botafogo SP v Atletico GO
16:11:51 [INFO]     16:00  Santa Fe v Cucuta Deportivo
16:11:51 [INFO]     16:00  Almeria v Malaga
16:11:51 [INFO]     16:00  Londrina v Ceara SC Fortaleza
16:11:51 [INFO]     16:00  Al Ahli (QAT) v Al Hussein
16:11:51 [INFO]     16:00  Uruguay de Coronado v Quepos Cambute
16:11:51 [INFO]     16:00  Coritiba v Atletico MG
16:11:51 [INFO]     16:00  Deportivo Mixco v Aurora FC
16:11:51 [INFO]     16:30  Guarani v Itabaiana
16:11:51 [INFO]     16:30  Antofagasta v Deportes Copiapo
16:11:51 [INFO]     16:30  Braga v Famalicao
16:11:51 [INFO]     16:30  Cobresal v OHiggins
16:11:51 [INFO]     16:30  Porto v Tondela
16:11:51 [INFO]   17h
16:11:51 [INFO]     17:00  River Plate v Boca Juniors
16:11:51 [INFO]     17:00  San Marcos v Pirata FC
16:11:51 [INFO]     17:00  Alianza Atletico v Sport Boys (Per)
16:11:51 [INFO]     17:20  Comerciantes FC v Santos FC de Ica
16:11:51 [INFO]     17:30  Harbour View FC v Waterhouse FC
16:11:51 [INFO]     17:30  Tivoli Gardens v Dunbeholden FC
16:11:51 [INFO]     17:30  Independiente (Ecu) v LDU
16:11:51 [INFO]     17:30  Chapelton v Portmore Utd
16:11:51 [INFO]     17:30  Montego Bay United v Racing United FC
16:11:51 [INFO]     17:30  Olimpia v Cerro Porteno
16:11:51 [INFO]     17:30  Molynes United FC v Arnett Gardens FC
16:11:51 [INFO]   18h
16:11:51 [INFO]     18:00  Estudiantes de Merida v Monagas
16:11:51 [INFO]     18:00  Inter Toronto FC v Vancouver FC
16:11:51 [INFO]     18:00  Birmingham Legion FC v Indy Eleven
16:11:51 [INFO]     18:00  Union Cocle v San Francisco FC
16:11:51 [INFO]     18:00  Goias v Cuiaba
16:11:51 [INFO]     18:00  CD Hercules v CD Luis Angel Firpo
16:11:51 [INFO]     18:00  CD Aguila v Inter FA
16:11:51 [INFO]     18:00  Coban Imperial v Achuapa FC
16:11:51 [INFO]     18:00  Platense FC v Lobos UPNFM
16:11:51 [INFO]     18:10  Alianza FC Valledupar v Ind Medellin
16:11:51 [INFO]     18:30  Figueirense v Botafogo PB
16:11:51 [INFO]     18:30  SE Palmeiras v Athletico-PR
16:11:51 [INFO]     18:30  Red Bull Bragantino v Remo
16:11:51 [INFO]   19h
16:11:51 [INFO]     19:00  San Luis v Deportes Iquique
16:11:51 [INFO]     19:00  San Martin de Tucuman v Tristan Suarez
16:11:51 [INFO]     19:15  Melgar v Universitario de Deportes
16:11:51 [INFO]     19:30  Flamengo v Bahia
16:11:51 [INFO]     19:30  Liverpool Montevideo v Nacional (Uru)
16:11:51 [INFO]     19:30  Club Atletico Racing de  v Defensores de Belgrano
16:11:51 [INFO]     19:30  Colo Colo v Palestino
16:11:51 [INFO]   20h
16:11:51 [INFO]     20:00  LD Alajuelense v Deportivo Saprissa
16:11:51 [INFO]     20:00  Fortaleza EC v Criciuma
16:11:51 [INFO]     20:00  Novorizontino v Athletic Club
16:11:51 [INFO]     20:00  Club Gimnasia y Tiro v CA Guemes
16:11:51 [INFO]     20:00  CD Fas v CD Cacahuatique
16:11:51 [INFO]     20:00  Universidad de Venezuela v Deportivo Tachira
16:11:51 [INFO]     20:00  Santos Laguna v Atlas
16:11:51 [INFO]     20:00  Los Angeles FC v San Jose Earthquakes
16:11:51 [INFO]     20:00  Club Jaiba Brava v Club Atletico Morelia
16:11:51 [INFO]     20:00  Deportivo Mictlan v Xelaju
16:11:51 [INFO]     20:10  Macara v Barcelona (Ecu)
16:11:51 [INFO]     20:15  CD Motagua v Juticalpa
16:11:51 [INFO]     20:15  Sporting San Miguelito v Plaza Amador
16:11:51 [INFO]     20:20  Junior FC Barranquilla v Llaneros FC
16:11:51 [INFO]     20:30  Rosario Central v Sarmiento de Junin
16:11:51 [INFO]     20:30  Talleres v Deportivo Riestra
16:11:51 [INFO]   21h
16:11:51 [INFO]     21:30  Cienciano v Cesar Vallejo Moquegua
16:11:51 [INFO]     21:45  Huachipato v Audax Italiano
16:11:51 [INFO]   22h
16:11:51 [INFO]     22:00  Suchitepequez v S Lucia Cotzumalguapa
16:11:51 [INFO]     22:00  Antigua GFC v Malacateco
16:11:51 [INFO]     22:30  America de Cali S.A v Millonarios
16:11:51 [INFO]     22:30  Olancho v CD Victoria
16:11:53 [INFO] Fila: 117 aguardando | Cache: 0 bloqueados | Monitor odds: 0 | Monitor saida: 0 | ✅ 0 aprovados | 🔍 0 analisados | 📡 1 chamadas API
16:11:53 [INFO]   🔍 Guadalajara v Pontevedra CF (13:15) | +3 min
16:11:54 [INFO]   ⛔ Favorito fora faixa: 2.42
16:11:54 [INFO]     -> Proxima: 13:16 (intervalo 5 min — 3 min p/ inicio)
16:11:54 [INFO]   🔍 B68 Toftir v HB Torshavn (13:15) | +3 min
16:11:55 [INFO]   ⛔ Odd 1-0 fora faixa: 1000.0
16:11:55 [INFO]     -> Proxima: 13:16 (intervalo 5 min — 3 min p/ inicio)
16:11:55 [INFO] Fila: 117 aguardando | Cache: 0 bloqueados | Monitor odds: 0 | Monitor saida: 0 | ✅ 0 aprovados | 🔍 2 analisados | 📡 6 chamadas API
16:11:55 [INFO]   Proxima: 13:16 — aguardando 60s
16:12:55 [INFO] Fila: 117 aguardando | Cache: 0 bloqueados | Monitor odds: 0 | Monitor saida: 0 | ✅ 0 aprovados | 🔍 2 analisados | 📡 6 chamadas API
16:12:55 [INFO]   Proxima: 13:16 — aguardando 60s
16:13:55 [INFO] Fila: 117 aguardando | Cache: 0 bloqueados | Monitor odds: 0 | Monitor saida: 0 | ✅ 0 aprovados | 🔍 2 analisados | 📡 6 chamadas API
16:13:55 [INFO]   Proxima: 13:16 — aguardando 60s
16:14:55 [INFO] Fila: 117 aguardando | Cache: 0 bloqueados | Monitor odds: 0 | Monitor saida: 0 | ✅ 0 aprovados | 🔍 2 analisados | 📡 6 chamadas API
16:14:55 [INFO]   Proxima: 13:16 — aguardando 60s
16:15:55 [INFO] Fila: 117 aguardando | Cache: 0 bloqueados | Monitor odds: 0 | Monitor saida: 0 | ✅ 0 aprovados | 🔍 2 analisados | 📡 6 chamadas API
16:15:55 [INFO]   Proxima: 13:16 — aguardando 59s
16:16:54 [INFO] Fila: 117 aguardando | Cache: 0 bloqueados | Monitor odds: 0 | Monitor saida: 0 | ✅ 0 aprovados | 🔍 2 analisados | 📡 6 chamadas API
16:16:54 [INFO]   🔍 Guadalajara v Pontevedra CF (13:15) | -1 min
16:16:54 [INFO]   ⛔ Favorito fora faixa: 2.18
16:16:54 [INFO]     -> Proxima: 13:21 (intervalo 5 min — -1 min p/ inicio)
16:16:54 [INFO] Fila: 117 aguardando | Cache: 0 bloqueados | Monitor odds: 0 | Monitor saida: 0 | ✅ 0 aprovados | 🔍 3 analisados | 📡 8 chamadas API
16:16:54 [INFO]   Proxima: 13:16 — aguardando 10s
16:17:04 [INFO] Fila: 117 aguardando | Cache: 0 bloqueados | Monitor odds: 0 | Monitor saida: 0 | ✅ 0 aprovados | 🔍 3 analisados | 📡 8 chamadas API
16:17:04 [INFO]   🔍 B68 Toftir v HB Torshavn (13:15) | -2 min
16:17:05 [INFO]   ⛔ Liquidez CS insuficiente: £35 disp. (historico £144, min £150)
16:17:05 [INFO]     -> Proxima: 13:22 (intervalo 5 min — -2 min p/ inicio)
16:17:05 [INFO] Fila: 117 aguardando | Cache: 0 bloqueados | Monitor odds: 0 | Monitor saida: 0 | ✅ 0 aprovados | 🔍 4 analisados | 📡 11 chamadas API
16:17:05 [INFO]   Proxima: 13:21 — aguardando 60s
16:18:05 [INFO] Fila: 117 aguardando | Cache: 0 bloqueados | Monitor odds: 0 | Monitor saida: 0 | ✅ 0 aprovados | 🔍 4 analisados | 📡 11 chamadas API
16:18:05 [INFO]   Proxima: 13:21 — aguardando 60s
16:19:05 [INFO] Fila: 117 aguardando | Cache: 0 bloqueados | Monitor odds: 0 | Monitor saida: 0 | ✅ 0 aprovados | 🔍 4 analisados | 📡 11 chamadas API
16:19:05 [INFO]   Proxima: 13:21 — aguardando 60s
16:20:05 [INFO] Fila: 117 aguardando | Cache: 0 bloqueados | Monitor odds: 0 | Monitor saida: 0 | ✅ 0 aprovados | 🔍 4 analisados | 📡 11 chamadas API
16:20:05 [INFO]   Proxima: 13:21 — aguardando 60s
16:21:05 [INFO] Fila: 117 aguardando | Cache: 0 bloqueados | Monitor odds: 0 | Monitor saida: 0 | ✅ 0 aprovados | 🔍 4 analisados | 📡 11 chamadas API
16:21:05 [INFO]   Proxima: 13:21 — aguardando 49s
16:21:54 [INFO] Fila: 117 aguardando | Cache: 0 bloqueados | Monitor odds: 0 | Monitor saida: 0 | ✅ 0 aprovados | 🔍 4 analisados | 📡 11 chamadas API
16:21:54 [INFO]   🔍 Guadalajara v Pontevedra CF (13:15) | -6 min
16:21:55 [INFO]   ⛔ Favorito fora faixa: 2.46
16:21:55 [INFO]     Descartado: Guadalajara v Pontevedra CF — Janela encerrada (+10 min)
16:21:55 [INFO]   Agendador: 1 jogos removidos da fila
16:21:55 [INFO] Fila: 116 aguardando | Cache: 0 bloqueados | Monitor odds: 0 | Monitor saida: 0 | ✅ 0 aprovados | 🔍 5 analisados | 📡 13 chamadas API
16:21:55 [INFO]   Proxima: 13:22 — aguardando 10s
16:22:05 [INFO] Fila: 116 aguardando | Cache: 0 bloqueados | Monitor odds: 0 | Monitor saida: 0 | ✅ 0 aprovados | 🔍 5 analisados | 📡 13 chamadas API
16:22:05 [INFO]   🔍 B68 Toftir v HB Torshavn (13:15) | -7 min
16:22:06 [INFO]   ⛔ Liquidez CS insuficiente: £55 disp. (historico £170, min £150)
16:22:06 [INFO]     Descartado: B68 Toftir v HB Torshavn — Janela encerrada (+10 min)
16:22:06 [INFO]   Agendador: 1 jogos removidos da fila
16:22:06 [INFO] Fila: 115 aguardando | Cache: 0 bloqueados | Monitor odds: 0 | Monitor saida: 0 | ✅ 0 aprovados | 🔍 6 analisados | 📡 16 chamadas API
16:22:06 [INFO]   Proxima: 13:25 — aguardando 60s
16:23:06 [INFO] Fila: 115 aguardando | Cache: 0 bloqueados | Monitor odds: 0 | Monitor saida: 0 | ✅ 0 aprovados | 🔍 6 analisados | 📡 16 chamadas API
16:23:06 [INFO]   Proxima: 13:25 — aguardando 60s
16:24:06 [INFO] Fila: 115 aguardando | Cache: 0 bloqueados | Monitor odds: 0 | Monitor saida: 0 | ✅ 0 aprovados | 🔍 6 analisados | 📡 16 chamadas API
16:24:06 [INFO]   Proxima: 13:25 — aguardando 53s
16:25:00 [INFO] Fila: 115 aguardando | Cache: 0 bloqueados | Monitor odds: 0 | Monitor saida: 0 | ✅ 0 aprovados | 🔍 6 analisados | 📡 16 chamadas API
16:25:00 [INFO]   🔍 Albacete v Granada (13:30) | +4 min
16:25:00 [INFO]   ⛔ Favorito fora faixa: 2.6
16:25:00 [INFO]     -> Proxima: 13:30 (intervalo 5 min — 4 min p/ inicio)
16:25:00 [INFO]   🔍 Plzen v Pardubice (13:30) | +4 min
16:25:01 [INFO]   ⛔ Odd 0-1 fora faixa: 30.0
16:25:01 [INFO]     -> Proxima: 13:30 (intervalo 5 min — 4 min p/ inicio)
16:25:01 [INFO]   🔍 Union St Gilloise v Club Brugge (13:30) | +4 min
16:25:01 [INFO]   ⛔ Favorito fora faixa: 2.28
16:25:01 [INFO]     -> Proxima: 13:30 (intervalo 5 min — 4 min p/ inicio)
16:25:01 [INFO]   🔍 Coquimbo Unido v Nublense (13:30) | +4 min
16:25:02 [INFO]   ⛔ Over 1.5 fora faixa: 1.46
16:25:02 [INFO]     -> Proxima: 13:30 (intervalo 5 min — 4 min p/ inicio)
16:25:02 [INFO]   🔍 Aldosivi v Racing Club (13:30) | +4 min
16:25:03 [INFO]   ⛔ Favorito fora faixa: 2.02
16:25:03 [INFO]     -> Proxima: 13:30 (intervalo 5 min — 4 min p/ inicio)
16:25:03 [INFO]   🔍 Eibar v Huesca (13:30) | +4 min
16:25:04 [INFO]   ⛔ Over 1.5 fora faixa: 1.44
16:25:04 [INFO]     -> Proxima: 13:30 (intervalo 5 min — 4 min p/ inicio)
16:25:04 [INFO] Fila: 115 aguardando | Cache: 0 bloqueados | Monitor odds: 0 | Monitor saida: 0 | ✅ 0 aprovados | 🔍 12 analisados | 📡 31 chamadas API
16:25:04 [INFO]   Proxima: 13:30 — aguardando 60s
16:26:04 [INFO] Fila: 115 aguardando | Cache: 0 bloqueados | Monitor odds: 0 | Monitor saida: 0 | ✅ 0 aprovados | 🔍 12 analisados | 📡 31 chamadas API
16:26:04 [INFO]   Proxima: 13:30 — aguardando 60s
16:27:04 [INFO] Fila: 115 aguardando | Cache: 0 bloqueados | Monitor odds: 0 | Monitor saida: 0 | ✅ 0 aprovados | 🔍 12 analisados | 📡 31 chamadas API
16:27:04 [INFO]   Proxima: 13:30 — aguardando 60s
16:28:04 [INFO] Fila: 115 aguardando | Cache: 0 bloqueados | Monitor odds: 0 | Monitor saida: 0 | ✅ 0 aprovados | 🔍 12 analisados | 📡 31 chamadas API
16:28:04 [INFO]   Proxima: 13:30 — aguardando 60s
16:29:04 [INFO] Fila: 115 aguardando | Cache: 0 bloqueados | Monitor odds: 0 | Monitor saida: 0 | ✅ 0 aprovados | 🔍 12 analisados | 📡 31 chamadas API
16:29:04 [INFO]   Proxima: 13:30 — aguardando 56s
16:30:00 [INFO] Fila: 115 aguardando | Cache: 0 bloqueados | Monitor odds: 0 | Monitor saida: 0 | ✅ 0 aprovados | 🔍 12 analisados | 📡 31 chamadas API
16:30:00 [INFO]   🔍 Albacete v Granada (13:30) | +0 min
16:30:01 [INFO]   ⛔ Favorito fora faixa: 2.58
16:30:01 [INFO]     -> Proxima: 13:35 (intervalo 5 min — 0 min p/ inicio)
16:30:01 [INFO] Fila: 115 aguardando | Cache: 0 bloqueados | Monitor odds: 0 | Monitor saida: 0 | ✅ 0 aprovados | 🔍 13 analisados | 📡 33 chamadas API
16:30:01 [INFO]   Proxima: 13:30 — aguardando 10s
16:30:11 [INFO] Fila: 115 aguardando | Cache: 0 bloqueados | Monitor odds: 0 | Monitor saida: 0 | ✅ 0 aprovados | 🔍 13 analisados | 📡 33 chamadas API
16:30:11 [INFO]   🔍 Plzen v Pardubice (13:30) | +0 min
16:30:11 [INFO]   ⛔ Odd 0-1 fora faixa: 34.0
16:30:11 [INFO]     -> Proxima: 13:35 (intervalo 5 min — 0 min p/ inicio)
16:30:11 [INFO]   🔍 Union St Gilloise v Club Brugge (13:30) | +0 min
16:30:12 [INFO]   ⛔ Favorito fora faixa: 2.28
16:30:12 [INFO]     -> Proxima: 13:35 (intervalo 5 min — 0 min p/ inicio)
16:30:12 [INFO]   🔍 Coquimbo Unido v Nublense (13:30) | +0 min
16:30:13 [INFO]   ⛔ Over 1.5 fora faixa: 1.45
16:30:13 [INFO]     -> Proxima: 13:35 (intervalo 5 min — 0 min p/ inicio)
16:30:13 [INFO]   🔍 Aldosivi v Racing Club (13:30) | +0 min
16:30:13 [INFO]   ⛔ Favorito fora faixa: 2.04
16:30:13 [INFO]     -> Proxima: 13:35 (intervalo 5 min — 0 min p/ inicio)
16:30:13 [INFO]   🔍 Eibar v Huesca (13:30) | +0 min
16:30:14 [INFO]   ⛔ Over 1.5 fora faixa: 1.45
16:30:14 [INFO]     -> Proxima: 13:35 (intervalo 5 min — 0 min p/ inicio)
16:30:14 [INFO] Fila: 115 aguardando | Cache: 0 bloqueados | Monitor odds: 0 | Monitor saida: 0 | ✅ 0 aprovados | 🔍 18 analisados | 📡 46 chamadas API
16:30:14 [INFO]   Proxima: 13:35 — aguardando 60s
16:31:14 [INFO] Fila: 115 aguardando | Cache: 0 bloqueados | Monitor odds: 0 | Monitor saida: 0 | ✅ 0 aprovados | 🔍 18 analisados | 📡 46 chamadas API
16:31:14 [INFO]   Proxima: 13:35 — aguardando 60s
16:32:14 [INFO] Fila: 115 aguardando | Cache: 0 bloqueados | Monitor odds: 0 | Monitor saida: 0 | ✅ 0 aprovados | 🔍 18 analisados | 📡 46 chamadas API
16:32:14 [INFO]   Proxima: 13:35 — aguardando 60s
16:33:14 [INFO] Fila: 115 aguardando | Cache: 0 bloqueados | Monitor odds: 0 | Monitor saida: 0 | ✅ 0 aprovados | 🔍 18 analisados | 📡 46 chamadas API
16:33:14 [INFO]   Proxima: 13:35 — aguardando 60s
16:34:14 [INFO] Fila: 115 aguardando | Cache: 0 bloqueados | Monitor odds: 0 | Monitor saida: 0 | ✅ 0 aprovados | 🔍 18 analisados | 📡 46 chamadas API
16:34:14 [INFO]   Proxima: 13:35 — aguardando 46s
16:35:01 [INFO] Fila: 115 aguardando | Cache: 0 bloqueados | Monitor odds: 0 | Monitor saida: 0 | ✅ 0 aprovados | 🔍 18 analisados | 📡 46 chamadas API
16:35:01 [INFO]   🔍 Albacete v Granada (13:30) | -5 min
16:35:01 [INFO]   ⛔ Favorito fora faixa: 2.56
16:35:01 [INFO]     Descartado: Albacete v Granada — Janela encerrada (+10 min)
16:35:01 [INFO]   Agendador: 1 jogos removidos da fila
16:35:01 [INFO] Fila: 114 aguardando | Cache: 0 bloqueados | Monitor odds: 0 | Monitor saida: 0 | ✅ 0 aprovados | 🔍 19 analisados | 📡 48 chamadas API
16:35:01 [INFO]   Proxima: 13:35 — aguardando 10s
16:35:11 [INFO] Fila: 114 aguardando | Cache: 0 bloqueados | Monitor odds: 0 | Monitor saida: 0 | ✅ 0 aprovados | 🔍 19 analisados | 📡 48 chamadas API
16:35:11 [INFO]   🔍 Plzen v Pardubice (13:30) | -5 min
16:35:12 [INFO]   ⛔ Odd 0-1 fora faixa: 40.0
16:35:12 [INFO]     Descartado: Plzen v Pardubice — Janela encerrada (+10 min)
16:35:12 [INFO]   Agendador: 1 jogos removidos da fila
16:35:12 [INFO] Fila: 113 aguardando | Cache: 0 bloqueados | Monitor odds: 0 | Monitor saida: 0 | ✅ 0 aprovados | 🔍 20 analisados | 📡 51 chamadas API
16:35:12 [INFO]   🔍 Union St Gilloise v Club Brugge (13:30) | -5 min
16:35:13 [INFO]   ⛔ Favorito fora faixa: 2.22
16:35:13 [INFO]     Descartado: Union St Gilloise v Club Brugge — Janela encerrada (+10 min)
16:35:13 [INFO]   Agendador: 1 jogos removidos da fila
16:35:13 [INFO] Fila: 112 aguardando | Cache: 0 bloqueados | Monitor odds: 0 | Monitor saida: 0 | ✅ 0 aprovados | 🔍 21 analisados | 📡 53 chamadas API
16:35:13 [INFO]   🔍 Coquimbo Unido v Nublense (13:30) | -5 min
16:35:13 [INFO]   ⛔ Liquidez CS insuficiente: £44 disp. (historico £2106, min £150)
16:35:13 [INFO]     Descartado: Coquimbo Unido v Nublense — Janela encerrada (+10 min)
16:35:13 [INFO]   Agendador: 1 jogos removidos da fila
16:35:13 [INFO] Fila: 111 aguardando | Cache: 0 bloqueados | Monitor odds: 0 | Monitor saida: 0 | ✅ 0 aprovados | 🔍 22 analisados | 📡 56 chamadas API
16:35:13 [INFO]   🔍 Aldosivi v Racing Club (13:30) | -5 min
16:35:14 [INFO]   ⛔ Favorito fora faixa: 2.02
16:35:14 [INFO]     Descartado: Aldosivi v Racing Club — Janela encerrada (+10 min)
16:35:14 [INFO]   Agendador: 1 jogos removidos da fila
16:35:14 [INFO] Fila: 110 aguardando | Cache: 0 bloqueados | Monitor odds: 0 | Monitor saida: 0 | ✅ 0 aprovados | 🔍 23 analisados | 📡 58 chamadas API
16:35:14 [INFO]   Proxima: 13:35 — aguardando 10s
16:35:24 [INFO] Fila: 110 aguardando | Cache: 0 bloqueados | Monitor odds: 0 | Monitor saida: 0 | ✅ 0 aprovados | 🔍 23 analisados | 📡 58 chamadas API
16:35:24 [INFO]   🔍 Eibar v Huesca (13:30) | -5 min
16:35:25 [INFO]   ⛔ Over 1.5 fora faixa: 1.47
16:35:25 [INFO]     Descartado: Eibar v Huesca — Janela encerrada (+10 min)
16:35:25 [INFO]   Agendador: 1 jogos removidos da fila
16:35:25 [INFO] Fila: 109 aguardando | Cache: 0 bloqueados | Monitor odds: 0 | Monitor saida: 0 | ✅ 0 aprovados | 🔍 24 analisados | 📡 61 chamadas API
16:35:25 [INFO]   Proxima: 13:55 — aguardando 60s
16:36:25 [INFO] Fila: 109 aguardando | Cache: 0 bloqueados | Monitor odds: 0 | Monitor saida: 0 | ✅ 0 aprovados | 🔍 24 analisados | 📡 61 chamadas API
16:36:25 [INFO]   Proxima: 13:55 — aguardando 60s
16:37:25 [INFO] Fila: 109 aguardando | Cache: 0 bloqueados | Monitor odds: 0 | Monitor saida: 0 | ✅ 0 aprovados | 🔍 24 analisados | 📡 61 chamadas API
16:37:25 [INFO]   Proxima: 13:55 — aguardando 60s
16:38:25 [INFO] Fila: 109 aguardando | Cache: 0 bloqueados | Monitor odds: 0 | Monitor saida: 0 | ✅ 0 aprovados | 🔍 24 analisados | 📡 61 chamadas API
16:38:25 [INFO]   Proxima: 13:55 — aguardando 60s
16:39:25 [INFO] Fila: 109 aguardando | Cache: 0 bloqueados | Monitor odds: 0 | Monitor saida: 0 | ✅ 0 aprovados | 🔍 24 analisados | 📡 61 chamadas API
16:39:25 [INFO]   Proxima: 13:55 — aguardando 60s
16:40:25 [INFO] Fila: 109 aguardando | Cache: 0 bloqueados | Monitor odds: 0 | Monitor saida: 0 | ✅ 0 aprovados | 🔍 24 analisados | 📡 61 chamadas API
16:40:25 [INFO]   Proxima: 13:55 — aguardando 60s
16:41:25 [INFO] Fila: 109 aguardando | Cache: 0 bloqueados | Monitor odds: 0 | Monitor saida: 0 | ✅ 0 aprovados | 🔍 24 analisados | 📡 61 chamadas API
16:41:25 [INFO]   Proxima: 13:55 — aguardando 60s
16:42:25 [INFO] Fila: 109 aguardando | Cache: 0 bloqueados | Monitor odds: 0 | Monitor saida: 0 | ✅ 0 aprovados | 🔍 24 analisados | 📡 61 chamadas API
16:42:25 [INFO]   Proxima: 13:55 — aguardando 60s
16:43:25 [INFO] Fila: 109 aguardando | Cache: 0 bloqueados | Monitor odds: 0 | Monitor saida: 0 | ✅ 0 aprovados | 🔍 24 analisados | 📡 61 chamadas API
16:43:25 [INFO]   Proxima: 13:55 — aguardando 60s
16:44:25 [INFO] Fila: 109 aguardando | Cache: 0 bloqueados | Monitor odds: 0 | Monitor saida: 0 | ✅ 0 aprovados | 🔍 24 analisados | 📡 61 chamadas API
16:44:25 [INFO]   Proxima: 13:55 — aguardando 60s
16:45:25 [INFO] Fila: 109 aguardando | Cache: 0 bloqueados | Monitor odds: 0 | Monitor saida: 0 | ✅ 0 aprovados | 🔍 24 analisados | 📡 61 chamadas API
16:45:25 [INFO]   Proxima: 13:55 — aguardando 60s
16:46:25 [INFO] Fila: 109 aguardando | Cache: 0 bloqueados | Monitor odds: 0 | Monitor saida: 0 | ✅ 0 aprovados | 🔍 24 analisados | 📡 61 chamadas API
16:46:25 [INFO]   Proxima: 13:55 — aguardando 60s
16:47:25 [INFO] Fila: 109 aguardando | Cache: 0 bloqueados | Monitor odds: 0 | Monitor saida: 0 | ✅ 0 aprovados | 🔍 24 analisados | 📡 61 chamadas API
16:47:25 [INFO]   Proxima: 13:55 — aguardando 60s
16:48:25 [INFO] Fila: 109 aguardando | Cache: 0 bloqueados | Monitor odds: 0 | Monitor saida: 0 | ✅ 0 aprovados | 🔍 24 analisados | 📡 61 chamadas API
16:48:25 [INFO]   Proxima: 13:55 — aguardando 60s
16:49:25 [INFO] Fila: 109 aguardando | Cache: 0 bloqueados | Monitor odds: 0 | Monitor saida: 0 | ✅ 0 aprovados | 🔍 24 analisados | 📡 61 chamadas API
16:49:25 [INFO]   Proxima: 13:55 — aguardando 60s
16:50:25 [INFO] Fila: 109 aguardando | Cache: 0 bloqueados | Monitor odds: 0 | Monitor saida: 0 | ✅ 0 aprovados | 🔍 24 analisados | 📡 61 chamadas API
16:50:25 [INFO]   Proxima: 13:55 — aguardando 60s
16:51:25 [INFO] Fila: 109 aguardando | Cache: 0 bloqueados | Monitor odds: 0 | Monitor saida: 0 | ✅ 0 aprovados | 🔍 24 analisados | 📡 61 chamadas API
16:51:25 [INFO]   Proxima: 13:55 — aguardando 60s
16:52:25 [INFO] Fila: 109 aguardando | Cache: 0 bloqueados | Monitor odds: 0 | Monitor saida: 0 | ✅ 0 aprovados | 🔍 24 analisados | 📡 61 chamadas API
16:52:25 [INFO]   Proxima: 13:55 — aguardando 60s
16:53:25 [INFO] Fila: 109 aguardando | Cache: 0 bloqueados | Monitor odds: 0 | Monitor saida: 0 | ✅ 0 aprovados | 🔍 24 analisados | 📡 61 chamadas API
16:53:25 [INFO]   Proxima: 13:55 — aguardando 60s
16:54:25 [INFO] Fila: 109 aguardando | Cache: 0 bloqueados | Monitor odds: 0 | Monitor saida: 0 | ✅ 0 aprovados | 🔍 24 analisados | 📡 61 chamadas API
16:54:25 [INFO]   Proxima: 13:55 — aguardando 34s
16:55:00 [INFO] Fila: 109 aguardando | Cache: 0 bloqueados | Monitor odds: 0 | Monitor saida: 0 | ✅ 0 aprovados | 🔍 24 analisados | 📡 61 chamadas API
16:55:00 [INFO]   🔍 CA Colegiales v CA Temperley (14:00) | +4 min
16:55:00 [INFO]   ⛔ Sem mercados
16:55:00 [INFO]     -> Proxima: 14:00 (intervalo 5 min — 4 min p/ inicio)
16:55:00 [INFO]   🔍 Sporting Lisbon v Benfica (14:00) | +4 min
16:55:00 [INFO]   ⛔ Sem mercados
16:55:00 [INFO]     -> Proxima: 14:00 (intervalo 5 min — 4 min p/ inicio)
16:55:00 [INFO]   🔍 Trabzonspor v Basaksehir (14:00) | +4 min
16:55:00 [INFO]   ⛔ Sem mercados
16:55:00 [INFO]     -> Proxima: 14:00 (intervalo 5 min — 4 min p/ inicio)
16:55:00 [INFO]   🔍 Partizani Tirana v Bylis Ballsh (14:00) | +4 min
16:55:01 [INFO]   ⛔ Sem mercados
16:55:01 [INFO]     -> Proxima: 14:00 (intervalo 5 min — 4 min p/ inicio)
16:55:01 [INFO]   🔍 Beitar Jerusalem v Maccabi Haifa (14:00) | +4 min
16:55:01 [INFO]   ⛔ Sem mercados
16:55:01 [INFO]     -> Proxima: 14:00 (intervalo 5 min — 4 min p/ inicio)
16:55:01 [INFO] Fila: 109 aguardando | Cache: 0 bloqueados | Monitor odds: 0 | Monitor saida: 0 | ✅ 0 aprovados | 🔍 29 analisados | 📡 66 chamadas API
16:55:01 [INFO]   Proxima: 14:00 — aguardando 60s
16:56:01 [INFO] Fila: 109 aguardando | Cache: 0 bloqueados | Monitor odds: 0 | Monitor saida: 0 | ✅ 0 aprovados | 🔍 29 analisados | 📡 66 chamadas API
16:56:01 [INFO]   Proxima: 14:00 — aguardando 60s
16:57:01 [INFO] Fila: 109 aguardando | Cache: 0 bloqueados | Monitor odds: 0 | Monitor saida: 0 | ✅ 0 aprovados | 🔍 29 analisados | 📡 66 chamadas API
16:57:01 [INFO]   Proxima: 14:00 — aguardando 60s
16:58:01 [INFO] Fila: 109 aguardando | Cache: 0 bloqueados | Monitor odds: 0 | Monitor saida: 0 | ✅ 0 aprovados | 🔍 29 analisados | 📡 66 chamadas API
16:58:01 [INFO]   Proxima: 14:00 — aguardando 60s
16:59:01 [INFO] Fila: 109 aguardando | Cache: 0 bloqueados | Monitor odds: 0 | Monitor saida: 0 | ✅ 0 aprovados | 🔍 29 analisados | 📡 66 chamadas API
16:59:01 [INFO]   Proxima: 14:00 — aguardando 58s
17:00:00 [INFO] Fila: 109 aguardando | Cache: 0 bloqueados | Monitor odds: 0 | Monitor saida: 0 | ✅ 0 aprovados | 🔍 29 analisados | 📡 66 chamadas API
17:00:00 [INFO]   🔍 CA Colegiales v CA Temperley (14:00) | +0 min
17:00:00 [INFO]   ⛔ Sem mercados
17:00:00 [INFO]     -> Proxima: 14:05 (intervalo 5 min — 0 min p/ inicio)
17:00:00 [INFO] Fila: 109 aguardando | Cache: 0 bloqueados | Monitor odds: 0 | Monitor saida: 0 | ✅ 0 aprovados | 🔍 30 analisados | 📡 67 chamadas API
17:00:00 [INFO]   🔍 Sporting Lisbon v Benfica (14:00) | +0 min
17:00:00 [INFO]   ⛔ Sem mercados
17:00:00 [INFO]     -> Proxima: 14:05 (intervalo 5 min — 0 min p/ inicio)
17:00:00 [INFO] Fila: 109 aguardando | Cache: 0 bloqueados | Monitor odds: 0 | Monitor saida: 0 | ✅ 0 aprovados | 🔍 31 analisados | 📡 68 chamadas API
17:00:00 [INFO]   Proxima: 14:00 — aguardando 10s
17:00:10 [INFO] Fila: 109 aguardando | Cache: 0 bloqueados | Monitor odds: 0 | Monitor saida: 0 | ✅ 0 aprovados | 🔍 31 analisados | 📡 68 chamadas API
17:00:10 [INFO]   🔍 Trabzonspor v Basaksehir (14:00) | +0 min
17:00:11 [INFO]   ⛔ Sem mercados
17:00:11 [INFO]     -> Proxima: 14:05 (intervalo 5 min — 0 min p/ inicio)
17:00:11 [INFO]   🔍 Partizani Tirana v Bylis Ballsh (14:00) | +0 min
17:00:11 [INFO]   ⛔ Sem mercados
17:00:11 [INFO]     -> Proxima: 14:05 (intervalo 5 min — 0 min p/ inicio)
17:00:11 [INFO]   🔍 Beitar Jerusalem v Maccabi Haifa (14:00) | +0 min
17:00:11 [INFO]   ⛔ Sem mercados
17:00:11 [INFO]     -> Proxima: 14:05 (intervalo 5 min — 0 min p/ inicio)
17:00:11 [INFO] Fila: 109 aguardando | Cache: 0 bloqueados | Monitor odds: 0 | Monitor saida: 0 | ✅ 0 aprovados | 🔍 34 analisados | 📡 71 chamadas API
17:00:11 [INFO]   Proxima: 14:05 — aguardando 60s
17:01:11 [INFO] Fila: 109 aguardando | Cache: 0 bloqueados | Monitor odds: 0 | Monitor saida: 0 | ✅ 0 aprovados | 🔍 34 analisados | 📡 71 chamadas API
17:01:11 [INFO]   Proxima: 14:05 — aguardando 60s
17:02:11 [INFO] Fila: 109 aguardando | Cache: 0 bloqueados | Monitor odds: 0 | Monitor saida: 0 | ✅ 0 aprovados | 🔍 34 analisados | 📡 71 chamadas API
17:02:11 [INFO]   Proxima: 14:05 — aguardando 60s
17:03:11 [INFO] Fila: 109 aguardando | Cache: 0 bloqueados | Monitor odds: 0 | Monitor saida: 0 | ✅ 0 aprovados | 🔍 34 analisados | 📡 71 chamadas API
17:03:11 [INFO]   Proxima: 14:05 — aguardando 60s
17:04:11 [INFO] Fila: 109 aguardando | Cache: 0 bloqueados | Monitor odds: 0 | Monitor saida: 0 | ✅ 0 aprovados | 🔍 34 analisados | 📡 71 chamadas API
17:04:11 [INFO]   Proxima: 14:05 — aguardando 49s
17:05:00 [INFO] Fila: 109 aguardando | Cache: 0 bloqueados | Monitor odds: 0 | Monitor saida: 0 | ✅ 0 aprovados | 🔍 34 analisados | 📡 71 chamadas API
17:05:00 [INFO]   🔍 CA Colegiales v CA Temperley (14:00) | -5 min
17:05:00 [INFO]   ⛔ Sem mercados
17:05:00 [INFO]     Descartado: CA Colegiales v CA Temperley — Janela encerrada (+10 min)
17:05:00 [INFO]   Agendador: 1 jogos removidos da fila
17:05:00 [INFO] Fila: 108 aguardando | Cache: 0 bloqueados | Monitor odds: 0 | Monitor saida: 0 | ✅ 0 aprovados | 🔍 35 analisados | 📡 72 chamadas API
17:05:00 [INFO]   🔍 Sporting Lisbon v Benfica (14:00) | -5 min
17:05:01 [INFO]   ⛔ Sem mercados
17:05:01 [INFO]     Descartado: Sporting Lisbon v Benfica — Janela encerrada (+10 min)
17:05:01 [INFO]   Agendador: 1 jogos removidos da fila
17:05:01 [INFO] Fila: 107 aguardando | Cache: 0 bloqueados | Monitor odds: 0 | Monitor saida: 0 | ✅ 0 aprovados | 🔍 36 analisados | 📡 73 chamadas API
17:05:01 [INFO]   Proxima: 14:05 — aguardando 10s
17:05:11 [INFO] Fila: 107 aguardando | Cache: 0 bloqueados | Monitor odds: 0 | Monitor saida: 0 | ✅ 0 aprovados | 🔍 36 analisados | 📡 73 chamadas API
17:05:11 [INFO]   🔍 Trabzonspor v Basaksehir (14:00) | -5 min
17:05:11 [INFO]   ⛔ Sem mercados
17:05:11 [INFO]     Descartado: Trabzonspor v Basaksehir — Janela encerrada (+10 min)
17:05:11 [INFO]   Agendador: 1 jogos removidos da fila
17:05:11 [INFO] Fila: 106 aguardando | Cache: 0 bloqueados | Monitor odds: 0 | Monitor saida: 0 | ✅ 0 aprovados | 🔍 37 analisados | 📡 74 chamadas API
17:05:11 [INFO]   🔍 Partizani Tirana v Bylis Ballsh (14:00) | -5 min
17:05:11 [INFO]   ⛔ Sem mercados
17:05:11 [INFO]     Descartado: Partizani Tirana v Bylis Ballsh — Janela encerrada (+10 min)
17:05:11 [INFO]   Agendador: 1 jogos removidos da fila
17:05:11 [INFO] Fila: 105 aguardando | Cache: 0 bloqueados | Monitor odds: 0 | Monitor saida: 0 | ✅ 0 aprovados | 🔍 38 analisados | 📡 75 chamadas API
17:05:11 [INFO]   🔍 Beitar Jerusalem v Maccabi Haifa (14:00) | -5 min
17:05:11 [INFO]   ⛔ Sem mercados
17:05:11 [INFO]     Descartado: Beitar Jerusalem v Maccabi Haifa — Janela encerrada (+10 min)
17:05:11 [INFO]   Agendador: 1 jogos removidos da fila
17:05:11 [INFO] Fila: 104 aguardando | Cache: 0 bloqueados | Monitor odds: 0 | Monitor saida: 0 | ✅ 0 aprovados | 🔍 39 analisados | 📡 76 chamadas API
17:05:11 [INFO]   Proxima: 14:10 — aguardando 60s
17:06:11 [INFO] Fila: 104 aguardando | Cache: 0 bloqueados | Monitor odds: 0 | Monitor saida: 0 | ✅ 0 aprovados | 🔍 39 analisados | 📡 76 chamadas API
17:06:11 [INFO]   Proxima: 14:10 — aguardando 60s
17:07:11 [INFO] Fila: 104 aguardando | Cache: 0 bloqueados | Monitor odds: 0 | Monitor saida: 0 | ✅ 0 aprovados | 🔍 39 analisados | 📡 76 chamadas API
17:07:11 [INFO]   Proxima: 14:10 — aguardando 60s
17:08:11 [INFO] Fila: 104 aguardando | Cache: 0 bloqueados | Monitor odds: 0 | Monitor saida: 0 | ✅ 0 aprovados | 🔍 39 analisados | 📡 76 chamadas API
17:08:11 [INFO]   Proxima: 14:10 — aguardando 60s
17:09:11 [INFO] Fila: 104 aguardando | Cache: 0 bloqueados | Monitor odds: 0 | Monitor saida: 0 | ✅ 0 aprovados | 🔍 39 analisados | 📡 76 chamadas API
17:09:11 [INFO]   Proxima: 14:10 — aguardando 48s
17:10:00 [INFO] Fila: 104 aguardando | Cache: 0 bloqueados | Monitor odds: 0 | Monitor saida: 0 | ✅ 0 aprovados | 🔍 39 analisados | 📡 76 chamadas API
17:10:00 [INFO]   🔍 RAAL La Louviere v Zulte-Waregem (14:15) | +4 min
17:10:00 [INFO]   ⛔ Sem mercados
17:10:00 [INFO]     -> Proxima: 14:15 (intervalo 5 min — 4 min p/ inicio)
17:10:00 [INFO]   🔍 Start v Molde (14:15) | +4 min
17:10:00 [INFO]   ⛔ Sem mercados
17:10:00 [INFO]     -> Proxima: 14:15 (intervalo 5 min — 4 min p/ inicio)
17:10:00 [INFO] Fila: 104 aguardando | Cache: 0 bloqueados | Monitor odds: 0 | Monitor saida: 0 | ✅ 0 aprovados | 🔍 41 analisados | 📡 78 chamadas API
17:10:00 [INFO]   Proxima: 14:15 — aguardando 60s
17:11:00 [INFO] Fila: 104 aguardando | Cache: 0 bloqueados | Monitor odds: 0 | Monitor saida: 0 | ✅ 0 aprovados | 🔍 41 analisados | 📡 78 chamadas API
17:11:00 [INFO]   Proxima: 14:15 — aguardando 60s
17:12:00 [INFO] Fila: 104 aguardando | Cache: 0 bloqueados | Monitor odds: 0 | Monitor saida: 0 | ✅ 0 aprovados | 🔍 41 analisados | 📡 78 chamadas API
17:12:00 [INFO] Buscando lista de jogos do dia...
17:12:00 [WARNING] Nenhum jogo retornado pela API Betfair!
17:12:01 [INFO]   Proxima: 14:15 — aguardando 60s
17:13:01 [INFO] Fila: 104 aguardando | Cache: 0 bloqueados | Monitor odds: 0 | Monitor saida: 0 | ✅ 0 aprovados | 🔍 41 analisados | 📡 79 chamadas API
17:13:01 [INFO]   Proxima: 14:15 — aguardando 60s
17:14:01 [INFO] Fila: 104 aguardando | Cache: 0 bloqueados | Monitor odds: 0 | Monitor saida: 0 | ✅ 0 aprovados | 🔍 41 analisados | 📡 79 chamadas API
17:14:01 [INFO]   Proxima: 14:15 — aguardando 58s
17:15:00 [INFO] Fila: 104 aguardando | Cache: 0 bloqueados | Monitor odds: 0 | Monitor saida: 0 | ✅ 0 aprovados | 🔍 41 analisados | 📡 79 chamadas API
17:15:00 [INFO]   🔍 RAAL La Louviere v Zulte-Waregem (14:15) | +0 min
17:15:00 [INFO]   ⛔ Sem mercados
17:15:00 [INFO]     -> Proxima: 14:20 (intervalo 5 min — 0 min p/ inicio)
17:15:00 [INFO] Fila: 104 aguardando | Cache: 0 bloqueados | Monitor odds: 0 | Monitor saida: 0 | ✅ 0 aprovados | 🔍 42 analisados | 📡 80 chamadas API
17:15:00 [INFO]   🔍 Start v Molde (14:15) | +0 min
17:15:00 [INFO]   ⛔ Sem mercados
17:15:00 [INFO]     -> Proxima: 14:20 (intervalo 5 min — 0 min p/ inicio)
17:15:00 [INFO] Fila: 104 aguardando | Cache: 0 bloqueados | Monitor odds: 0 | Monitor saida: 0 | ✅ 0 aprovados | 🔍 43 analisados | 📡 81 chamadas API
17:15:00 [INFO]   Proxima: 14:20 — aguardando 60s
17:16:00 [INFO] Fila: 104 aguardando | Cache: 0 bloqueados | Monitor odds: 0 | Monitor saida: 0 | ✅ 0 aprovados | 🔍 43 analisados | 📡 81 chamadas API
17:16:00 [INFO]   Proxima: 14:20 — aguardando 60s
17:17:00 [INFO] Fila: 104 aguardando | Cache: 0 bloqueados | Monitor odds: 0 | Monitor saida: 0 | ✅ 0 aprovados | 🔍 43 analisados | 📡 81 chamadas API
17:17:00 [INFO]   Proxima: 14:20 — aguardando 60s
17:18:00 [INFO] Fila: 104 aguardando | Cache: 0 bloqueados | Monitor odds: 0 | Monitor saida: 0 | ✅ 0 aprovados | 🔍 43 analisados | 📡 81 chamadas API
17:18:00 [INFO]   Proxima: 14:20 — aguardando 60s
17:19:00 [INFO] Fila: 104 aguardando | Cache: 0 bloqueados | Monitor odds: 0 | Monitor saida: 0 | ✅ 0 aprovados | 🔍 43 analisados | 📡 81 chamadas API
17:19:00 [INFO]   Proxima: 14:20 — aguardando 59s
17:20:00 [INFO] Fila: 104 aguardando | Cache: 0 bloqueados | Monitor odds: 0 | Monitor saida: 0 | ✅ 0 aprovados | 🔍 43 analisados | 📡 81 chamadas API
17:20:00 [INFO]   🔍 RAAL La Louviere v Zulte-Waregem (14:15) | -5 min
17:20:00 [INFO]   ⛔ Sem mercados
17:20:00 [INFO]     Descartado: RAAL La Louviere v Zulte-Waregem — Janela encerrada (+10 min)
17:20:00 [INFO]   Agendador: 1 jogos removidos da fila
17:20:00 [INFO] Fila: 103 aguardando | Cache: 0 bloqueados | Monitor odds: 0 | Monitor saida: 0 | ✅ 0 aprovados | 🔍 44 analisados | 📡 82 chamadas API
17:20:00 [INFO]   Proxima: 14:20 — aguardando 10s
17:20:10 [INFO] Fila: 103 aguardando | Cache: 0 bloqueados | Monitor odds: 0 | Monitor saida: 0 | ✅ 0 aprovados | 🔍 44 analisados | 📡 82 chamadas API
17:20:10 [INFO]   🔍 Start v Molde (14:15) | -5 min
17:20:11 [INFO]   ⛔ Sem mercados
17:20:11 [INFO]     Descartado: Start v Molde — Janela encerrada (+10 min)
17:20:11 [INFO]   Agendador: 1 jogos removidos da fila
17:20:11 [INFO] Fila: 102 aguardando | Cache: 0 bloqueados | Monitor odds: 0 | Monitor saida: 0 | ✅ 0 aprovados | 🔍 45 analisados | 📡 83 chamadas API
17:20:11 [INFO]   Proxima: 14:25 — aguardando 60s
17:21:11 [INFO] Fila: 102 aguardando | Cache: 0 bloqueados | Monitor odds: 0 | Monitor saida: 0 | ✅ 0 aprovados | 🔍 45 analisados | 📡 83 chamadas API
17:21:11 [INFO]   Proxima: 14:25 — aguardando 60s
17:22:11 [INFO] Fila: 102 aguardando | Cache: 0 bloqueados | Monitor odds: 0 | Monitor saida: 0 | ✅ 0 aprovados | 🔍 45 analisados | 📡 83 chamadas API
17:22:11 [INFO]   Proxima: 14:25 — aguardando 60s
17:23:11 [INFO] Fila: 102 aguardando | Cache: 0 bloqueados | Monitor odds: 0 | Monitor saida: 0 | ✅ 0 aprovados | 🔍 45 analisados | 📡 83 chamadas API
17:23:11 [INFO]   Proxima: 14:25 — aguardando 60s
17:24:11 [INFO] Fila: 102 aguardando | Cache: 0 bloqueados | Monitor odds: 0 | Monitor saida: 0 | ✅ 0 aprovados | 🔍 45 analisados | 📡 83 chamadas API
17:24:11 [INFO]   Proxima: 14:25 — aguardando 48s
17:25:00 [INFO] Fila: 102 aguardando | Cache: 0 bloqueados | Monitor odds: 0 | Monitor saida: 0 | ✅ 0 aprovados | 🔍 45 analisados | 📡 83 chamadas API
17:25:00 [INFO]   🔍 Mgladbach v Mainz (14:30) | +4 min
17:25:00 [INFO]   ⛔ Sem mercados
17:25:00 [INFO]     -> Proxima: 14:30 (intervalo 5 min — 4 min p/ inicio)
17:25:00 [INFO]   🔍 Wehen Wiesbaden v Waldhof Mannheim (14:30) | +4 min
17:25:00 [INFO]   ⛔ Sem mercados
17:25:00 [INFO]     -> Proxima: 14:30 (intervalo 5 min — 4 min p/ inicio)
17:25:00 [INFO]   🔍 Warta Poznan v Podbeskidzie B-B (14:30) | +4 min
17:25:00 [INFO]   ⛔ Sem mercados
17:25:00 [INFO]     -> Proxima: 14:30 (intervalo 5 min — 4 min p/ inicio)
17:25:00 [INFO]   🔍 Empoli v Entella (14:30) | +4 min
17:25:01 [INFO]   ⛔ Sem mercados
17:25:01 [INFO]     -> Proxima: 14:30 (intervalo 5 min — 4 min p/ inicio)
17:25:01 [INFO]   🔍 Gyori v Ferencvaros (14:30) | +4 min
17:25:01 [INFO]   ⛔ Sem mercados
17:25:01 [INFO]     -> Proxima: 14:30 (intervalo 5 min — 4 min p/ inicio)
17:25:01 [INFO]   🔍 Maccabi Tel Aviv v Hapoel Tel Aviv (14:30) | +4 min
17:25:01 [INFO]   ⛔ Sem mercados
17:25:01 [INFO]     -> Proxima: 14:30 (intervalo 5 min — 4 min p/ inicio)
17:25:01 [INFO] Fila: 102 aguardando | Cache: 0 bloqueados | Monitor odds: 0 | Monitor saida: 0 | ✅ 0 aprovados | 🔍 51 analisados | 📡 89 chamadas API
17:25:01 [INFO]   Proxima: 14:30 — aguardando 60s
17:26:01 [INFO] Fila: 102 aguardando | Cache: 0 bloqueados | Monitor odds: 0 | Monitor saida: 0 | ✅ 0 aprovados | 🔍 51 analisados | 📡 89 chamadas API
17:26:01 [INFO]   Proxima: 14:30 — aguardando 60s
17:27:01 [INFO] Fila: 102 aguardando | Cache: 0 bloqueados | Monitor odds: 0 | Monitor saida: 0 | ✅ 0 aprovados | 🔍 51 analisados | 📡 89 chamadas API
17:27:01 [INFO]   Proxima: 14:30 — aguardando 60s
17:28:01 [INFO] Fila: 102 aguardando | Cache: 0 bloqueados | Monitor odds: 0 | Monitor saida: 0 | ✅ 0 aprovados | 🔍 51 analisados | 📡 89 chamadas API
17:28:01 [INFO]   Proxima: 14:30 — aguardando 60s
17:29:01 [INFO] Fila: 102 aguardando | Cache: 0 bloqueados | Monitor odds: 0 | Monitor saida: 0 | ✅ 0 aprovados | 🔍 51 analisados | 📡 89 chamadas API
17:29:01 [INFO]   Proxima: 14:30 — aguardando 58s
17:30:00 [INFO] Fila: 102 aguardando | Cache: 0 bloqueados | Monitor odds: 0 | Monitor saida: 0 | ✅ 0 aprovados | 🔍 51 analisados | 📡 89 chamadas API
17:30:00 [INFO]   🔍 Mgladbach v Mainz (14:30) | +0 min
17:30:00 [INFO]   ⛔ Sem mercados
17:30:00 [INFO]     -> Proxima: 14:35 (intervalo 5 min — 0 min p/ inicio)
17:30:00 [INFO] Fila: 102 aguardando | Cache: 0 bloqueados | Monitor odds: 0 | Monitor saida: 0 | ✅ 0 aprovados | 🔍 52 analisados | 📡 90 chamadas API
17:30:00 [INFO]   🔍 Wehen Wiesbaden v Waldhof Mannheim (14:30) | +0 min
17:30:00 [INFO]   ⛔ Sem mercados
17:30:00 [INFO]     -> Proxima: 14:35 (intervalo 5 min — 0 min p/ inicio)
17:30:00 [INFO] Fila: 102 aguardando | Cache: 0 bloqueados | Monitor odds: 0 | Monitor saida: 0 | ✅ 0 aprovados | 🔍 53 analisados | 📡 91 chamadas API
17:30:00 [INFO]   Proxima: 14:30 — aguardando 10s
17:30:10 [INFO] Fila: 102 aguardando | Cache: 0 bloqueados | Monitor odds: 0 | Monitor saida: 0 | ✅ 0 aprovados | 🔍 53 analisados | 📡 91 chamadas API
17:30:10 [INFO]   🔍 Warta Poznan v Podbeskidzie B-B (14:30) | +0 min
17:30:11 [INFO]   ⛔ Sem mercados
17:30:11 [INFO]     -> Proxima: 14:35 (intervalo 5 min — 0 min p/ inicio)
17:30:11 [INFO]   🔍 Empoli v Entella (14:30) | +0 min
17:30:11 [INFO]   ⛔ Sem mercados
17:30:11 [INFO]     -> Proxima: 14:35 (intervalo 5 min — 0 min p/ inicio)
17:30:11 [INFO]   🔍 Gyori v Ferencvaros (14:30) | +0 min
17:30:11 [INFO]   ⛔ Sem mercados
17:30:11 [INFO]     -> Proxima: 14:35 (intervalo 5 min — 0 min p/ inicio)
17:30:11 [INFO]   🔍 Maccabi Tel Aviv v Hapoel Tel Aviv (14:30) | +0 min
17:30:11 [INFO]   ⛔ Sem mercados
17:30:11 [INFO]     -> Proxima: 14:35 (intervalo 5 min — 0 min p/ inicio)
17:30:11 [INFO] Fila: 102 aguardando | Cache: 0 bloqueados | Monitor odds: 0 | Monitor saida: 0 | ✅ 0 aprovados | 🔍 57 analisados | 📡 95 chamadas API
17:30:11 [INFO]   Proxima: 14:35 — aguardando 60s
17:31:11 [INFO] Fila: 102 aguardando | Cache: 0 bloqueados | Monitor odds: 0 | Monitor saida: 0 | ✅ 0 aprovados | 🔍 57 analisados | 📡 95 chamadas API
17:31:11 [INFO]   Proxima: 14:35 — aguardando 60s
17:32:11 [INFO] Fila: 102 aguardando | Cache: 0 bloqueados | Monitor odds: 0 | Monitor saida: 0 | ✅ 0 aprovados | 🔍 57 analisados | 📡 95 chamadas API
17:32:11 [INFO]   Proxima: 14:35 — aguardando 60s
17:33:11 [INFO] Fila: 102 aguardando | Cache: 0 bloqueados | Monitor odds: 0 | Monitor saida: 0 | ✅ 0 aprovados | 🔍 57 analisados | 📡 95 chamadas API
17:33:11 [INFO]   Proxima: 14:35 — aguardando 60s
17:34:11 [INFO] Fila: 102 aguardando | Cache: 0 bloqueados | Monitor odds: 0 | Monitor saida: 0 | ✅ 0 aprovados | 🔍 57 analisados | 📡 95 chamadas API
17:34:11 [INFO]   Proxima: 14:35 — aguardando 48s
17:35:00 [INFO] Fila: 102 aguardando | Cache: 0 bloqueados | Monitor odds: 0 | Monitor saida: 0 | ✅ 0 aprovados | 🔍 57 analisados | 📡 95 chamadas API
17:35:00 [INFO]   🔍 Mgladbach v Mainz (14:30) | -5 min
17:35:00 [INFO]   ⛔ Sem mercados
17:35:00 [INFO]     Descartado: Mgladbach v Mainz — Janela encerrada (+10 min)
17:35:00 [INFO]   Agendador: 1 jogos removidos da fila
17:35:00 [INFO] Fila: 101 aguardando | Cache: 0 bloqueados | Monitor odds: 0 | Monitor saida: 0 | ✅ 0 aprovados | 🔍 58 analisados | 📡 96 chamadas API
17:35:00 [INFO]   🔍 Wehen Wiesbaden v Waldhof Mannheim (14:30) | -5 min
17:35:01 [INFO]   ⛔ Sem mercados
17:35:01 [INFO]     Descartado: Wehen Wiesbaden v Waldhof Mannheim — Janela encerrada (+10 min)
17:35:01 [INFO]   Agendador: 1 jogos removidos da fila
17:35:01 [INFO] Fila: 100 aguardando | Cache: 0 bloqueados | Monitor odds: 0 | Monitor saida: 0 | ✅ 0 aprovados | 🔍 59 analisados | 📡 97 chamadas API
17:35:01 [INFO]   Proxima: 14:35 — aguardando 10s
17:35:11 [INFO] Fila: 100 aguardando | Cache: 0 bloqueados | Monitor odds: 0 | Monitor saida: 0 | ✅ 0 aprovados | 🔍 59 analisados | 📡 97 chamadas API
17:35:11 [INFO]   🔍 Warta Poznan v Podbeskidzie B-B (14:30) | -5 min
17:35:11 [INFO]   ⛔ Sem mercados
17:35:11 [INFO]     Descartado: Warta Poznan v Podbeskidzie B-B — Janela encerrada (+10 min)
17:35:11 [INFO]   Agendador: 1 jogos removidos da fila
17:35:11 [INFO] Fila: 99 aguardando | Cache: 0 bloqueados | Monitor odds: 0 | Monitor saida: 0 | ✅ 0 aprovados | 🔍 60 analisados | 📡 98 chamadas API
17:35:11 [INFO]   Proxima: 14:35 — aguardando 10s
17:35:21 [INFO] Fila: 99 aguardando | Cache: 0 bloqueados | Monitor odds: 0 | Monitor saida: 0 | ✅ 0 aprovados | 🔍 60 analisados | 📡 98 chamadas API
17:35:21 [INFO]   🔍 Empoli v Entella (14:30) | -5 min
17:35:21 [INFO]   ⛔ Sem mercados
17:35:21 [INFO]     Descartado: Empoli v Entella — Janela encerrada (+10 min)
17:35:21 [INFO]   🔍 Gyori v Ferencvaros (14:30) | -5 min
17:35:21 [INFO]   ⛔ Sem mercados
17:35:21 [INFO]     Descartado: Gyori v Ferencvaros — Janela encerrada (+10 min)
17:35:21 [INFO]   🔍 Maccabi Tel Aviv v Hapoel Tel Aviv (14:30) | -5 min
17:35:22 [INFO]   ⛔ Sem mercados
17:35:22 [INFO]     Descartado: Maccabi Tel Aviv v Hapoel Tel Aviv — Janela encerrada (+10 min)
17:35:22 [INFO]   Agendador: 3 jogos removidos da fila
17:35:22 [INFO] Fila: 96 aguardando | Cache: 0 bloqueados | Monitor odds: 0 | Monitor saida: 0 | ✅ 0 aprovados | 🔍 63 analisados | 📡 101 chamadas API
17:35:22 [INFO]   Proxima: 14:55 — aguardando 60s
17:36:22 [INFO] Fila: 96 aguardando | Cache: 0 bloqueados | Monitor odds: 0 | Monitor saida: 0 | ✅ 0 aprovados | 🔍 63 analisados | 📡 101 chamadas API
17:36:22 [INFO]   Proxima: 14:55 — aguardando 60s
17:37:22 [INFO] Fila: 96 aguardando | Cache: 0 bloqueados | Monitor odds: 0 | Monitor saida: 0 | ✅ 0 aprovados | 🔍 63 analisados | 📡 101 chamadas API
17:37:22 [INFO]   Proxima: 14:55 — aguardando 60s
17:38:22 [INFO] Fila: 96 aguardando | Cache: 0 bloqueados | Monitor odds: 0 | Monitor saida: 0 | ✅ 0 aprovados | 🔍 63 analisados | 📡 101 chamadas API
17:38:22 [INFO]   Proxima: 14:55 — aguardando 60s
17:39:22 [INFO] Fila: 96 aguardando | Cache: 0 bloqueados | Monitor odds: 0 | Monitor saida: 0 | ✅ 0 aprovados | 🔍 63 analisados | 📡 101 chamadas API
17:39:22 [INFO]   Proxima: 14:55 — aguardando 60s
17:40:22 [INFO] Fila: 96 aguardando | Cache: 0 bloqueados | Monitor odds: 0 | Monitor saida: 0 | ✅ 0 aprovados | 🔍 63 analisados | 📡 101 chamadas API
17:40:22 [INFO]   Proxima: 14:55 — aguardando 60s
17:41:22 [INFO] Fila: 96 aguardando | Cache: 0 bloqueados | Monitor odds: 0 | Monitor saida: 0 | ✅ 0 aprovados | 🔍 63 analisados | 📡 101 chamadas API
17:41:22 [INFO]   Proxima: 14:55 — aguardando 60s
17:42:22 [INFO] Fila: 96 aguardando | Cache: 0 bloqueados | Monitor odds: 0 | Monitor saida: 0 | ✅ 0 aprovados | 🔍 63 analisados | 📡 101 chamadas API
17:42:22 [INFO]   Proxima: 14:55 — aguardando 60s
17:43:22 [INFO] Fila: 96 aguardando | Cache: 0 bloqueados | Monitor odds: 0 | Monitor saida: 0 | ✅ 0 aprovados | 🔍 63 analisados | 📡 101 chamadas API
17:43:22 [INFO]   Proxima: 14:55 — aguardando 60s
17:44:22 [INFO] Fila: 96 aguardando | Cache: 0 bloqueados | Monitor odds: 0 | Monitor saida: 0 | ✅ 0 aprovados | 🔍 63 analisados | 📡 101 chamadas API
17:44:22 [INFO]   Proxima: 14:55 — aguardando 60s
17:45:22 [INFO] Fila: 96 aguardando | Cache: 0 bloqueados | Monitor odds: 0 | Monitor saida: 0 | ✅ 0 aprovados | 🔍 63 analisados | 📡 101 chamadas API
17:45:22 [INFO]   Proxima: 14:55 — aguardando 60s
17:46:22 [INFO] Fila: 96 aguardando | Cache: 0 bloqueados | Monitor odds: 0 | Monitor saida: 0 | ✅ 0 aprovados | 🔍 63 analisados | 📡 101 chamadas API
17:46:22 [INFO]   Proxima: 14:55 — aguardando 60s
17:47:22 [INFO] Fila: 96 aguardando | Cache: 0 bloqueados | Monitor odds: 0 | Monitor saida: 0 | ✅ 0 aprovados | 🔍 63 analisados | 📡 101 chamadas API
17:47:22 [INFO]   Proxima: 14:55 — aguardando 60s
17:48:22 [INFO] Fila: 96 aguardando | Cache: 0 bloqueados | Monitor odds: 0 | Monitor saida: 0 | ✅ 0 aprovados | 🔍 63 analisados | 📡 101 chamadas API
17:48:22 [INFO]   Proxima: 14:55 — aguardando 60s
17:49:22 [INFO] Fila: 96 aguardando | Cache: 0 bloqueados | Monitor odds: 0 | Monitor saida: 0 | ✅ 0 aprovados | 🔍 63 analisados | 📡 101 chamadas API
17:49:22 [INFO]   Proxima: 14:55 — aguardando 60s
17:50:22 [INFO] Fila: 96 aguardando | Cache: 0 bloqueados | Monitor odds: 0 | Monitor saida: 0 | ✅ 0 aprovados | 🔍 63 analisados | 📡 101 chamadas API
17:50:22 [INFO]   Proxima: 14:55 — aguardando 60s
17:51:22 [INFO] Fila: 96 aguardando | Cache: 0 bloqueados | Monitor odds: 0 | Monitor saida: 0 | ✅ 0 aprovados | 🔍 63 analisados | 📡 101 chamadas API
17:51:22 [INFO]   Proxima: 14:55 — aguardando 60s
17:52:22 [INFO] Fila: 96 aguardando | Cache: 0 bloqueados | Monitor odds: 0 | Monitor saida: 0 | ✅ 0 aprovados | 🔍 63 analisados | 📡 101 chamadas API
17:52:22 [INFO]   Proxima: 14:55 — aguardando 60s
17:53:22 [INFO] Fila: 96 aguardando | Cache: 0 bloqueados | Monitor odds: 0 | Monitor saida: 0 | ✅ 0 aprovados | 🔍 63 analisados | 📡 101 chamadas API
17:53:22 [INFO]   Proxima: 14:55 — aguardando 60s
17:54:22 [INFO] Fila: 96 aguardando | Cache: 0 bloqueados | Monitor odds: 0 | Monitor saida: 0 | ✅ 0 aprovados | 🔍 63 analisados | 📡 101 chamadas API
17:54:22 [INFO]   Proxima: 14:55 — aguardando 37s
17:55:00 [INFO] Fila: 96 aguardando | Cache: 0 bloqueados | Monitor odds: 0 | Monitor saida: 0 | ✅ 0 aprovados | 🔍 63 analisados | 📡 101 chamadas API
17:55:00 [INFO]   🔍 Manta FC v Deportivo Cuenca (15:00) | +4 min
17:55:00 [INFO]   ⛔ Sem mercados
17:55:00 [INFO]     -> Proxima: 15:00 (intervalo 5 min — 4 min p/ inicio)
17:55:00 [INFO]   🔍 Kahraba Ismailia v Ghazl El Mahallah (15:00) | +4 min
17:55:00 [INFO]   ⛔ Sem mercados
17:55:00 [INFO]     -> Proxima: 15:00 (intervalo 5 min — 4 min p/ inicio)
17:55:00 [INFO]   🔍 Universitatea Craiova v Rapid Bucharest (15:00) | +4 min
17:55:00 [INFO]   ⛔ Sem mercados
17:55:00 [INFO]     -> Proxima: 15:00 (intervalo 5 min — 4 min p/ inicio)
17:55:00 [INFO]   🔍 Modern Sport FC v ZED FC (15:00) | +4 min
17:55:01 [INFO]   ⛔ Sem mercados
17:55:01 [INFO]     -> Proxima: 15:00 (intervalo 5 min — 4 min p/ inicio)
17:55:01 [INFO]   🔍 Club Atletico Mitre v Ferro Carril Oeste (15:00) | +4 min
17:55:01 [INFO]   ⛔ Sem mercados
17:55:01 [INFO]     -> Proxima: 15:00 (intervalo 5 min — 4 min p/ inicio)
17:55:01 [INFO]   🔍 Almirante Brown v CA Central Norte (15:00) | +4 min
17:55:01 [INFO]   ⛔ Sem mercados
17:55:01 [INFO]     -> Proxima: 15:00 (intervalo 5 min — 4 min p/ inicio)
17:55:01 [INFO]   🔍 Estudiantes de Caseros v Chaco For Ever (15:00) | +4 min
17:55:01 [INFO]   ⛔ Sem mercados
17:55:01 [INFO]     -> Proxima: 15:00 (intervalo 5 min — 4 min p/ inicio)
17:55:01 [INFO]   🔍 FK IMT Novi Beograd v Mladost Lucani (15:00) | +4 min
17:55:02 [INFO]   ⛔ Sem mercados
17:55:02 [INFO]     -> Proxima: 15:00 (intervalo 5 min — 4 min p/ inicio)
17:55:02 [INFO]   🔍 Panathinaikos v Olympiakos (15:00) | +4 min
17:55:02 [INFO]   ⛔ Sem mercados
17:55:02 [INFO]     -> Proxima: 15:00 (intervalo 5 min — 4 min p/ inicio)
17:55:02 [INFO]   🔍 Universidad Guadalajara v Cancun FC (15:00) | +4 min
17:55:02 [INFO]   ⛔ Sem mercados
17:55:02 [INFO]     -> Proxima: 15:00 (intervalo 5 min — 4 min p/ inicio)
17:55:02 [INFO]   🔍 FC Supra du Quebec v Atletico Ottawa (15:00) | +4 min
17:55:02 [INFO]   ⛔ Sem mercados
17:55:02 [INFO]     -> Proxima: 15:00 (intervalo 5 min — 4 min p/ inicio)
17:55:02 [INFO] Fila: 96 aguardando | Cache: 0 bloqueados | Monitor odds: 0 | Monitor saida: 0 | ✅ 0 aprovados | 🔍 74 analisados | 📡 112 chamadas API
17:55:02 [INFO]   Proxima: 15:00 — aguardando 60s
17:56:02 [INFO] Fila: 96 aguardando | Cache: 0 bloqueados | Monitor odds: 0 | Monitor saida: 0 | ✅ 0 aprovados | 🔍 74 analisados | 📡 112 chamadas API
17:56:02 [INFO]   Proxima: 15:00 — aguardando 60s
17:57:02 [INFO] Fila: 96 aguardando | Cache: 0 bloqueados | Monitor odds: 0 | Monitor saida: 0 | ✅ 0 aprovados | 🔍 74 analisados | 📡 112 chamadas API
17:57:02 [INFO]   Proxima: 15:00 — aguardando 60s
17:58:02 [INFO] Fila: 96 aguardando | Cache: 0 bloqueados | Monitor odds: 0 | Monitor saida: 0 | ✅ 0 aprovados | 🔍 74 analisados | 📡 112 chamadas API
17:58:02 [INFO]   Proxima: 15:00 — aguardando 60s
17:59:02 [INFO] Fila: 96 aguardando | Cache: 0 bloqueados | Monitor odds: 0 | Monitor saida: 0 | ✅ 0 aprovados | 🔍 74 analisados | 📡 112 chamadas API
17:59:02 [INFO]   Proxima: 15:00 — aguardando 57s
18:00:00 [INFO] Fila: 96 aguardando | Cache: 0 bloqueados | Monitor odds: 0 | Monitor saida: 0 | ✅ 0 aprovados | 🔍 74 analisados | 📡 112 chamadas API
18:00:00 [INFO]   🔍 Manta FC v Deportivo Cuenca (15:00) | +0 min
18:00:00 [INFO]   ⛔ Sem mercados
18:00:00 [WARNING] Erro ao carregar reprovados: Expecting value: line 1 column 1 (char 0)
18:00:00 [INFO]     -> Proxima: 15:05 (intervalo 5 min — 0 min p/ inicio)
18:00:00 [INFO] Fila: 96 aguardando | Cache: 0 bloqueados | Monitor odds: 0 | Monitor saida: 0 | ✅ 0 aprovados | 🔍 75 analisados | 📡 113 chamadas API
18:00:00 [INFO]   Proxima: 15:00 — aguardando 10s
18:00:10 [INFO] Fila: 96 aguardando | Cache: 0 bloqueados | Monitor odds: 0 | Monitor saida: 0 | ✅ 0 aprovados | 🔍 75 analisados | 📡 113 chamadas API
18:00:10 [INFO]   🔍 Kahraba Ismailia v Ghazl El Mahallah (15:00) | +0 min
18:00:10 [INFO]   ⛔ Sem mercados
18:00:10 [INFO]     -> Proxima: 15:05 (intervalo 5 min — 0 min p/ inicio)
18:00:10 [INFO]   🔍 Universitatea Craiova v Rapid Bucharest (15:00) | +0 min
18:00:11 [INFO]   ⛔ Sem mercados
18:00:11 [INFO]     -> Proxima: 15:05 (intervalo 5 min — 0 min p/ inicio)
18:00:11 [INFO]   🔍 Modern Sport FC v ZED FC (15:00) | +0 min
18:00:11 [INFO]   ⛔ Sem mercados
18:00:11 [INFO]     -> Proxima: 15:05 (intervalo 5 min — 0 min p/ inicio)
18:00:11 [INFO]   🔍 Club Atletico Mitre v Ferro Carril Oeste (15:00) | +0 min
18:00:11 [INFO]   ⛔ Sem mercados
18:00:11 [INFO]     -> Proxima: 15:05 (intervalo 5 min — 0 min p/ inicio)
18:00:11 [INFO]   🔍 Almirante Brown v CA Central Norte (15:00) | +0 min
18:00:11 [INFO]   ⛔ Sem mercados
18:00:11 [INFO]     -> Proxima: 15:05 (intervalo 5 min — 0 min p/ inicio)
18:00:11 [INFO]   🔍 Estudiantes de Caseros v Chaco For Ever (15:00) | +0 min
18:00:12 [INFO]   ⛔ Sem mercados
18:00:12 [INFO]     -> Proxima: 15:05 (intervalo 5 min — 0 min p/ inicio)
18:00:12 [INFO]   🔍 FK IMT Novi Beograd v Mladost Lucani (15:00) | +0 min
18:00:12 [INFO]   ⛔ Sem mercados
18:00:12 [INFO]     -> Proxima: 15:05 (intervalo 5 min — 0 min p/ inicio)
18:00:12 [INFO]   🔍 Panathinaikos v Olympiakos (15:00) | +0 min
18:00:12 [INFO]   ⛔ Sem mercados
18:00:12 [INFO]     -> Proxima: 15:05 (intervalo 5 min — 0 min p/ inicio)
18:00:12 [INFO]   🔍 Universidad Guadalajara v Cancun FC (15:00) | +0 min
18:00:12 [INFO]   ⛔ Sem mercados
18:00:12 [INFO]     -> Proxima: 15:05 (intervalo 5 min — 0 min p/ inicio)
18:00:12 [INFO]   🔍 FC Supra du Quebec v Atletico Ottawa (15:00) | +0 min
18:00:13 [INFO]   ⛔ Sem mercados
18:00:13 [INFO]     -> Proxima: 15:05 (intervalo 5 min — 0 min p/ inicio)
18:00:13 [INFO] Fila: 96 aguardando | Cache: 0 bloqueados | Monitor odds: 0 | Monitor saida: 0 | ✅ 0 aprovados | 🔍 85 analisados | 📡 123 chamadas API
18:00:13 [INFO]   Proxima: 15:05 — aguardando 60s
18:01:13 [INFO] Fila: 96 aguardando | Cache: 0 bloqueados | Monitor odds: 0 | Monitor saida: 0 | ✅ 0 aprovados | 🔍 85 analisados | 📡 123 chamadas API
18:01:13 [INFO]   Proxima: 15:05 — aguardando 60s
18:02:13 [INFO] Fila: 96 aguardando | Cache: 0 bloqueados | Monitor odds: 0 | Monitor saida: 0 | ✅ 0 aprovados | 🔍 85 analisados | 📡 123 chamadas API
18:02:13 [INFO]   Proxima: 15:05 — aguardando 60s
18:03:13 [INFO] Fila: 96 aguardando | Cache: 0 bloqueados | Monitor odds: 0 | Monitor saida: 0 | ✅ 0 aprovados | 🔍 85 analisados | 📡 123 chamadas API
18:03:13 [INFO]   Proxima: 15:05 — aguardando 60s
18:04:13 [INFO] Fila: 96 aguardando | Cache: 0 bloqueados | Monitor odds: 0 | Monitor saida: 0 | ✅ 0 aprovados | 🔍 85 analisados | 📡 123 chamadas API
18:04:13 [INFO]   Proxima: 15:05 — aguardando 46s
18:05:00 [INFO] Fila: 96 aguardando | Cache: 0 bloqueados | Monitor odds: 0 | Monitor saida: 0 | ✅ 0 aprovados | 🔍 85 analisados | 📡 123 chamadas API
18:05:00 [INFO]   🔍 Universidad Cesar Vallejo v AD Cantolao (15:10) | +4 min
18:05:00 [INFO]   ⛔ Sem mercados
18:05:00 [INFO]     -> Proxima: 15:10 (intervalo 5 min — 4 min p/ inicio)
18:05:00 [INFO] Fila: 96 aguardando | Cache: 0 bloqueados | Monitor odds: 0 | Monitor saida: 0 | ✅ 0 aprovados | 🔍 86 analisados | 📡 124 chamadas API
18:05:00 [INFO]   Proxima: 15:05 — aguardando 10s
18:05:10 [INFO] Fila: 96 aguardando | Cache: 0 bloqueados | Monitor odds: 0 | Monitor saida: 0 | ✅ 0 aprovados | 🔍 86 analisados | 📡 124 chamadas API
18:05:10 [INFO]   🔍 Manta FC v Deportivo Cuenca (15:00) | -5 min
18:05:10 [INFO]   ⛔ Sem mercados
18:05:10 [INFO]     Descartado: Manta FC v Deportivo Cuenca — Janela encerrada (+10 min)
18:05:10 [INFO]   Agendador: 1 jogos removidos da fila
18:05:10 [INFO] Fila: 95 aguardando | Cache: 0 bloqueados | Monitor odds: 0 | Monitor saida: 0 | ✅ 0 aprovados | 🔍 87 analisados | 📡 125 chamadas API
18:05:10 [INFO]   Proxima: 15:05 — aguardando 10s
18:05:20 [INFO] Fila: 95 aguardando | Cache: 0 bloqueados | Monitor odds: 0 | Monitor saida: 0 | ✅ 0 aprovados | 🔍 87 analisados | 📡 125 chamadas API
18:05:20 [INFO]   🔍 Kahraba Ismailia v Ghazl El Mahallah (15:00) | -5 min
18:05:20 [INFO]   ⛔ Sem mercados
18:05:20 [INFO]     Descartado: Kahraba Ismailia v Ghazl El Mahallah — Janela encerrada (+10 min)
18:05:20 [INFO]   🔍 Universitatea Craiova v Rapid Bucharest (15:00) | -5 min
18:05:21 [INFO]   ⛔ Sem mercados
18:05:21 [INFO]     Descartado: Universitatea Craiova v Rapid Bucharest — Janela encerrada (+10 min)
18:05:21 [INFO]   🔍 Modern Sport FC v ZED FC (15:00) | -5 min
18:05:21 [INFO]   ⛔ Sem mercados
18:05:21 [INFO]     Descartado: Modern Sport FC v ZED FC — Janela encerrada (+10 min)
18:05:21 [INFO]   🔍 Club Atletico Mitre v Ferro Carril Oeste (15:00) | -5 min
18:05:21 [INFO]   ⛔ Sem mercados
18:05:21 [INFO]     Descartado: Club Atletico Mitre v Ferro Carril Oeste — Janela encerrada (+10 min)
18:05:21 [INFO]   🔍 Almirante Brown v CA Central Norte (15:00) | -5 min
18:05:21 [INFO]   ⛔ Sem mercados
18:05:21 [INFO]     Descartado: Almirante Brown v CA Central Norte — Janela encerrada (+10 min)
18:05:21 [INFO]   🔍 Estudiantes de Caseros v Chaco For Ever (15:00) | -5 min
18:05:22 [INFO]   ⛔ Sem mercados
18:05:22 [INFO]     Descartado: Estudiantes de Caseros v Chaco For Ever — Janela encerrada (+10 min)
18:05:22 [INFO]   🔍 FK IMT Novi Beograd v Mladost Lucani (15:00) | -5 min
18:05:22 [INFO]   ⛔ Sem mercados
18:05:22 [INFO]     Descartado: FK IMT Novi Beograd v Mladost Lucani — Janela encerrada (+10 min)
18:05:22 [INFO]   🔍 Panathinaikos v Olympiakos (15:00) | -5 min
18:05:22 [INFO]   ⛔ Sem mercados
18:05:22 [INFO]     Descartado: Panathinaikos v Olympiakos — Janela encerrada (+10 min)
18:05:22 [INFO]   🔍 Universidad Guadalajara v Cancun FC (15:00) | -5 min
18:05:22 [INFO]   ⛔ Sem mercados
18:05:22 [INFO]     Descartado: Universidad Guadalajara v Cancun FC — Janela encerrada (+10 min)
18:05:22 [INFO]   🔍 FC Supra du Quebec v Atletico Ottawa (15:00) | -5 min
18:05:23 [INFO]   ⛔ Sem mercados
18:05:23 [INFO]     Descartado: FC Supra du Quebec v Atletico Ottawa — Janela encerrada (+10 min)
18:05:23 [INFO]   Agendador: 10 jogos removidos da fila
18:05:23 [INFO] Fila: 85 aguardando | Cache: 0 bloqueados | Monitor odds: 0 | Monitor saida: 0 | ✅ 0 aprovados | 🔍 97 analisados | 📡 135 chamadas API
18:05:23 [INFO]   Proxima: 15:10 — aguardando 60s
18:06:23 [INFO] Fila: 85 aguardando | Cache: 0 bloqueados | Monitor odds: 0 | Monitor saida: 0 | ✅ 0 aprovados | 🔍 97 analisados | 📡 135 chamadas API
18:06:23 [INFO]   Proxima: 15:10 — aguardando 60s
18:07:23 [INFO] Fila: 85 aguardando | Cache: 0 bloqueados | Monitor odds: 0 | Monitor saida: 0 | ✅ 0 aprovados | 🔍 97 analisados | 📡 135 chamadas API
18:07:23 [INFO]   Proxima: 15:10 — aguardando 60s
18:08:23 [INFO] Fila: 85 aguardando | Cache: 0 bloqueados | Monitor odds: 0 | Monitor saida: 0 | ✅ 0 aprovados | 🔍 97 analisados | 📡 135 chamadas API
18:08:23 [INFO]   Proxima: 15:10 — aguardando 60s
18:09:23 [INFO] Fila: 85 aguardando | Cache: 0 bloqueados | Monitor odds: 0 | Monitor saida: 0 | ✅ 0 aprovados | 🔍 97 analisados | 📡 135 chamadas API
18:09:23 [INFO]   Proxima: 15:10 — aguardando 37s
18:10:00 [INFO] Fila: 85 aguardando | Cache: 0 bloqueados | Monitor odds: 0 | Monitor saida: 0 | ✅ 0 aprovados | 🔍 97 analisados | 📡 135 chamadas API
18:10:00 [INFO]   🔍 Universidad Cesar Vallejo v AD Cantolao (15:10) | +0 min
18:10:00 [INFO]   ⛔ Sem mercados
18:10:00 [INFO]     -> Proxima: 15:15 (intervalo 5 min — 0 min p/ inicio)
18:10:00 [INFO] Fila: 85 aguardando | Cache: 0 bloqueados | Monitor odds: 0 | Monitor saida: 0 | ✅ 0 aprovados | 🔍 98 analisados | 📡 136 chamadas API
18:10:00 [INFO]   Proxima: 15:15 — aguardando 60s
18:11:00 [INFO] Fila: 85 aguardando | Cache: 0 bloqueados | Monitor odds: 0 | Monitor saida: 0 | ✅ 0 aprovados | 🔍 98 analisados | 📡 136 chamadas API
18:11:00 [INFO]   Proxima: 15:15 — aguardando 60s
18:12:00 [INFO] Fila: 85 aguardando | Cache: 0 bloqueados | Monitor odds: 0 | Monitor saida: 0 | ✅ 0 aprovados | 🔍 98 analisados | 📡 136 chamadas API
18:12:00 [INFO]   Proxima: 15:15 — aguardando 60s
18:13:00 [INFO] Fila: 85 aguardando | Cache: 0 bloqueados | Monitor odds: 0 | Monitor saida: 0 | ✅ 0 aprovados | 🔍 98 analisados | 📡 136 chamadas API
18:13:00 [INFO] Buscando lista de jogos do dia...
18:13:00 [WARNING] Nenhum jogo retornado pela API Betfair!
18:13:01 [INFO]   Proxima: 15:15 — aguardando 60s
18:14:01 [INFO] Fila: 85 aguardando | Cache: 0 bloqueados | Monitor odds: 0 | Monitor saida: 0 | ✅ 0 aprovados | 🔍 98 analisados | 📡 137 chamadas API
18:14:01 [INFO]   Proxima: 15:15 — aguardando 58s
18:15:00 [INFO] Fila: 85 aguardando | Cache: 0 bloqueados | Monitor odds: 0 | Monitor saida: 0 | ✅ 0 aprovados | 🔍 98 analisados | 📡 137 chamadas API
18:15:00 [INFO]   🔍 Universidad Cesar Vallejo v AD Cantolao (15:10) | -5 min
18:15:00 [INFO]   ⛔ Sem mercados
18:15:00 [INFO]     Descartado: Universidad Cesar Vallejo v AD Cantolao — Janela encerrada (+10 min)
18:15:00 [INFO]   Agendador: 1 jogos removidos da fila
18:15:00 [INFO] Fila: 84 aguardando | Cache: 0 bloqueados | Monitor odds: 0 | Monitor saida: 0 | ✅ 0 aprovados | 🔍 99 analisados | 📡 138 chamadas API
18:15:00 [INFO]   Proxima: 15:25 — aguardando 60s
18:16:00 [INFO] Fila: 84 aguardando | Cache: 0 bloqueados | Monitor odds: 0 | Monitor saida: 0 | ✅ 0 aprovados | 🔍 99 analisados | 📡 138 chamadas API
18:16:00 [INFO]   Proxima: 15:25 — aguardando 60s
18:17:00 [INFO] Fila: 84 aguardando | Cache: 0 bloqueados | Monitor odds: 0 | Monitor saida: 0 | ✅ 0 aprovados | 🔍 99 analisados | 📡 138 chamadas API
18:17:00 [INFO]   Proxima: 15:25 — aguardando 60s
18:18:00 [INFO] Fila: 84 aguardando | Cache: 0 bloqueados | Monitor odds: 0 | Monitor saida: 0 | ✅ 0 aprovados | 🔍 99 analisados | 📡 138 chamadas API
18:18:00 [INFO]   Proxima: 15:25 — aguardando 60s
18:19:00 [INFO] Fila: 84 aguardando | Cache: 0 bloqueados | Monitor odds: 0 | Monitor saida: 0 | ✅ 0 aprovados | 🔍 99 analisados | 📡 138 chamadas API
18:19:00 [INFO]   Proxima: 15:25 — aguardando 60s
18:20:00 [INFO] Fila: 84 aguardando | Cache: 0 bloqueados | Monitor odds: 0 | Monitor saida: 0 | ✅ 0 aprovados | 🔍 99 analisados | 📡 138 chamadas API
18:20:00 [INFO]   Proxima: 15:25 — aguardando 60s
18:21:00 [INFO] Fila: 84 aguardando | Cache: 0 bloqueados | Monitor odds: 0 | Monitor saida: 0 | ✅ 0 aprovados | 🔍 99 analisados | 📡 138 chamadas API
18:21:00 [INFO]   Proxima: 15:25 — aguardando 60s
18:22:00 [INFO] Fila: 84 aguardando | Cache: 0 bloqueados | Monitor odds: 0 | Monitor saida: 0 | ✅ 0 aprovados | 🔍 99 analisados | 📡 138 chamadas API
18:22:00 [INFO]   Proxima: 15:25 — aguardando 60s
18:23:00 [INFO] Fila: 84 aguardando | Cache: 0 bloqueados | Monitor odds: 0 | Monitor saida: 0 | ✅ 0 aprovados | 🔍 99 analisados | 📡 138 chamadas API
18:23:00 [INFO]   Proxima: 15:25 — aguardando 60s
18:24:00 [INFO] Fila: 84 aguardando | Cache: 0 bloqueados | Monitor odds: 0 | Monitor saida: 0 | ✅ 0 aprovados | 🔍 99 analisados | 📡 138 chamadas API
18:24:00 [INFO]   Proxima: 15:25 — aguardando 59s
18:25:00 [INFO] Fila: 84 aguardando | Cache: 0 bloqueados | Monitor odds: 0 | Monitor saida: 0 | ✅ 0 aprovados | 🔍 99 analisados | 📡 138 chamadas API
18:25:00 [INFO]   🔍 Lugo v Talavera CF (15:30) | +4 min
18:25:00 [INFO]   ⛔ Sem mercados
18:25:00 [INFO]     -> Proxima: 15:30 (intervalo 5 min — 4 min p/ inicio)
18:25:00 [INFO]   🔍 Gimnasia Jujuy v Almagro BA (15:30) | +4 min
18:25:00 [INFO]   ⛔ Sem mercados
18:25:00 [INFO]     -> Proxima: 15:30 (intervalo 5 min — 4 min p/ inicio)
18:25:00 [INFO]   🔍 Audace Cerignola v Team Altamura (15:30) | +4 min
18:25:00 [INFO]   ⛔ Sem mercados
18:25:00 [INFO]     -> Proxima: 15:30 (intervalo 5 min — 4 min p/ inicio)
18:25:00 [INFO]   🔍 Salernitana v AZ Picerno ASD (15:30) | +4 min
18:25:01 [INFO]   ⛔ Sem mercados
18:25:01 [INFO]     -> Proxima: 15:30 (intervalo 5 min — 4 min p/ inicio)
18:25:01 [INFO]   🔍 S.S.D. Casarano Calcio v Crotone (15:30) | +4 min
18:25:01 [INFO]   ⛔ Sem mercados
18:25:01 [INFO]     -> Proxima: 15:30 (intervalo 5 min — 4 min p/ inicio)
18:25:01 [INFO]   🔍 Catania v Potenza (15:30) | +4 min
18:25:01 [INFO]   ⛔ Sem mercados
18:25:01 [INFO]     -> Proxima: 15:30 (intervalo 5 min — 4 min p/ inicio)
18:25:01 [INFO]   🔍 Cosenza v Trapani (15:30) | +4 min
18:25:01 [INFO]   ⛔ Sem mercados
18:25:01 [INFO]     -> Proxima: 15:30 (intervalo 5 min — 4 min p/ inicio)
18:25:01 [INFO]   🔍 Sorrento v Atalanta B (15:30) | +4 min
18:25:02 [INFO]   ⛔ Sem mercados
18:25:02 [INFO]     -> Proxima: 15:30 (intervalo 5 min — 4 min p/ inicio)
18:25:02 [INFO]   🔍 Siracusa v Cavese 1919 (15:30) | +4 min
18:25:02 [INFO]   ⛔ Sem mercados
18:25:02 [INFO]     -> Proxima: 15:30 (intervalo 5 min — 4 min p/ inicio)
18:25:02 [INFO]   🔍 US Latina Calcio v Casertana (15:30) | +4 min
18:25:02 [INFO]   ⛔ Sem mercados
18:25:02 [INFO]     -> Proxima: 15:30 (intervalo 5 min — 4 min p/ inicio)
18:25:02 [INFO]   🔍 FC Giugliano v Benevento (15:30) | +4 min
18:25:02 [INFO]   ⛔ Sem mercados
18:25:02 [INFO]     -> Proxima: 15:30 (intervalo 5 min — 4 min p/ inicio)
18:25:02 [INFO]   🔍 Monopoli v Foggia (15:30) | +4 min
18:25:03 [INFO]   ⛔ Sem mercados
18:25:03 [INFO]     -> Proxima: 15:30 (intervalo 5 min — 4 min p/ inicio)
18:25:03 [INFO] Fila: 84 aguardando | Cache: 0 bloqueados | Monitor odds: 0 | Monitor saida: 0 | ✅ 0 aprovados | 🔍 111 analisados | 📡 150 chamadas API
18:25:03 [INFO]   Proxima: 15:30 — aguardando 60s
18:26:03 [INFO] Fila: 84 aguardando | Cache: 0 bloqueados | Monitor odds: 0 | Monitor saida: 0 | ✅ 0 aprovados | 🔍 111 analisados | 📡 150 chamadas API
18:26:03 [INFO]   Proxima: 15:30 — aguardando 60s
18:27:03 [INFO] Fila: 84 aguardando | Cache: 0 bloqueados | Monitor odds: 0 | Monitor saida: 0 | ✅ 0 aprovados | 🔍 111 analisados | 📡 150 chamadas API
18:27:03 [INFO]   Proxima: 15:30 — aguardando 60s
18:28:03 [INFO] Fila: 84 aguardando | Cache: 0 bloqueados | Monitor odds: 0 | Monitor saida: 0 | ✅ 0 aprovados | 🔍 111 analisados | 📡 150 chamadas API
18:28:03 [INFO]   Proxima: 15:30 — aguardando 60s
18:29:03 [INFO] Fila: 84 aguardando | Cache: 0 bloqueados | Monitor odds: 0 | Monitor saida: 0 | ✅ 0 aprovados | 🔍 111 analisados | 📡 150 chamadas API
18:29:03 [INFO]   Proxima: 15:30 — aguardando 57s
18:30:00 [INFO] Fila: 84 aguardando | Cache: 0 bloqueados | Monitor odds: 0 | Monitor saida: 0 | ✅ 0 aprovados | 🔍 111 analisados | 📡 150 chamadas API
18:30:00 [INFO]   🔍 Lugo v Talavera CF (15:30) | +0 min
18:30:00 [INFO]   ⛔ Sem mercados
18:30:00 [INFO]     -> Proxima: 15:35 (intervalo 5 min — 0 min p/ inicio)
18:30:00 [INFO] Fila: 84 aguardando | Cache: 0 bloqueados | Monitor odds: 0 | Monitor saida: 0 | ✅ 0 aprovados | 🔍 112 analisados | 📡 151 chamadas API
18:30:00 [INFO]   🔍 Gimnasia Jujuy v Almagro BA (15:30) | +0 min
18:30:00 [INFO]   ⛔ Sem mercados
18:30:00 [INFO]     -> Proxima: 15:35 (intervalo 5 min — 0 min p/ inicio)
18:30:00 [INFO] Fila: 84 aguardando | Cache: 0 bloqueados | Monitor odds: 0 | Monitor saida: 0 | ✅ 0 aprovados | 🔍 113 analisados | 📡 152 chamadas API
18:30:00 [INFO]   🔍 Audace Cerignola v Team Altamura (15:30) | +0 min
18:30:01 [INFO]   ⛔ Sem mercados
18:30:01 [INFO]     -> Proxima: 15:35 (intervalo 5 min — 0 min p/ inicio)
18:30:01 [INFO] Fila: 84 aguardando | Cache: 0 bloqueados | Monitor odds: 0 | Monitor saida: 0 | ✅ 0 aprovados | 🔍 114 analisados | 📡 153 chamadas API
18:30:01 [INFO]   🔍 Salernitana v AZ Picerno ASD (15:30) | +0 min
18:30:01 [INFO]   ⛔ Sem mercados
18:30:01 [INFO]     -> Proxima: 15:35 (intervalo 5 min — 0 min p/ inicio)
18:30:01 [INFO] Fila: 84 aguardando | Cache: 0 bloqueados | Monitor odds: 0 | Monitor saida: 0 | ✅ 0 aprovados | 🔍 115 analisados | 📡 154 chamadas API
18:30:01 [INFO]   Proxima: 15:30 — aguardando 10s
18:30:11 [INFO] Fila: 84 aguardando | Cache: 0 bloqueados | Monitor odds: 0 | Monitor saida: 0 | ✅ 0 aprovados | 🔍 115 analisados | 📡 154 chamadas API
18:30:11 [INFO]   🔍 S.S.D. Casarano Calcio v Crotone (15:30) | +0 min
18:30:11 [INFO]   ⛔ Sem mercados
18:30:11 [INFO]     -> Proxima: 15:35 (intervalo 5 min — 0 min p/ inicio)
18:30:11 [INFO]   🔍 Catania v Potenza (15:30) | +0 min
18:30:11 [INFO]   ⛔ Sem mercados
18:30:11 [INFO]     -> Proxima: 15:35 (intervalo 5 min — 0 min p/ inicio)
18:30:11 [INFO]   🔍 Cosenza v Trapani (15:30) | +0 min
18:30:12 [INFO]   ⛔ Sem mercados
18:30:12 [INFO]     -> Proxima: 15:35 (intervalo 5 min — 0 min p/ inicio)
18:30:12 [INFO]   🔍 Sorrento v Atalanta B (15:30) | +0 min
18:30:12 [INFO]   ⛔ Sem mercados
18:30:12 [INFO]     -> Proxima: 15:35 (intervalo 5 min — 0 min p/ inicio)
18:30:12 [INFO]   🔍 Siracusa v Cavese 1919 (15:30) | +0 min
18:30:12 [INFO]   ⛔ Sem mercados
18:30:12 [INFO]     -> Proxima: 15:35 (intervalo 5 min — 0 min p/ inicio)
18:30:12 [INFO]   🔍 US Latina Calcio v Casertana (15:30) | +0 min
18:30:12 [INFO]   ⛔ Sem mercados
18:30:12 [INFO]     -> Proxima: 15:35 (intervalo 5 min — 0 min p/ inicio)
18:30:12 [INFO]   🔍 FC Giugliano v Benevento (15:30) | +0 min
18:30:13 [INFO]   ⛔ Sem mercados
18:30:13 [INFO]     -> Proxima: 15:35 (intervalo 5 min — 0 min p/ inicio)
18:30:13 [INFO]   🔍 Monopoli v Foggia (15:30) | +0 min
18:30:13 [INFO]   ⛔ Sem mercados
18:30:13 [INFO]     -> Proxima: 15:35 (intervalo 5 min — 0 min p/ inicio)
18:30:13 [INFO] Fila: 84 aguardando | Cache: 0 bloqueados | Monitor odds: 0 | Monitor saida: 0 | ✅ 0 aprovados | 🔍 123 analisados | 📡 162 chamadas API
18:30:13 [INFO]   Proxima: 15:35 — aguardando 60s
18:31:13 [INFO] Fila: 84 aguardando | Cache: 0 bloqueados | Monitor odds: 0 | Monitor saida: 0 | ✅ 0 aprovados | 🔍 123 analisados | 📡 162 chamadas API
18:31:13 [INFO]   Proxima: 15:35 — aguardando 60s
18:32:13 [INFO] Fila: 84 aguardando | Cache: 0 bloqueados | Monitor odds: 0 | Monitor saida: 0 | ✅ 0 aprovados | 🔍 123 analisados | 📡 162 chamadas API
18:32:13 [INFO]   Proxima: 15:35 — aguardando 60s
18:33:13 [INFO] Fila: 84 aguardando | Cache: 0 bloqueados | Monitor odds: 0 | Monitor saida: 0 | ✅ 0 aprovados | 🔍 123 analisados | 📡 162 chamadas API
18:33:13 [INFO]   Proxima: 15:35 — aguardando 60s
18:34:13 [INFO] Fila: 84 aguardando | Cache: 0 bloqueados | Monitor odds: 0 | Monitor saida: 0 | ✅ 0 aprovados | 🔍 123 analisados | 📡 162 chamadas API
18:34:13 [INFO]   Proxima: 15:35 — aguardando 47s
18:35:00 [INFO] Fila: 84 aguardando | Cache: 0 bloqueados | Monitor odds: 0 | Monitor saida: 0 | ✅ 0 aprovados | 🔍 123 analisados | 📡 162 chamadas API
18:35:00 [INFO]   🔍 Lugo v Talavera CF (15:30) | -5 min
18:35:00 [INFO]   ⛔ Sem mercados
18:35:00 [INFO]     Descartado: Lugo v Talavera CF — Janela encerrada (+10 min)
18:35:00 [INFO]   Agendador: 1 jogos removidos da fila
18:35:00 [INFO] Fila: 83 aguardando | Cache: 0 bloqueados | Monitor odds: 0 | Monitor saida: 0 | ✅ 0 aprovados | 🔍 124 analisados | 📡 163 chamadas API
18:35:00 [INFO]   Proxima: 15:35 — aguardando 10s
18:35:10 [INFO] Fila: 83 aguardando | Cache: 0 bloqueados | Monitor odds: 0 | Monitor saida: 0 | ✅ 0 aprovados | 🔍 124 analisados | 📡 163 chamadas API
18:35:10 [INFO]   🔍 Gimnasia Jujuy v Almagro BA (15:30) | -5 min
18:35:11 [INFO]   ⛔ Sem mercados
18:35:11 [INFO]     Descartado: Gimnasia Jujuy v Almagro BA — Janela encerrada (+10 min)
18:35:11 [INFO]   🔍 Audace Cerignola v Team Altamura (15:30) | -5 min
18:35:11 [INFO]   ⛔ Sem mercados
18:35:11 [INFO]     Descartado: Audace Cerignola v Team Altamura — Janela encerrada (+10 min)
18:35:11 [INFO]   🔍 Salernitana v AZ Picerno ASD (15:30) | -5 min
18:35:11 [INFO]   ⛔ Sem mercados
18:35:11 [INFO]     Descartado: Salernitana v AZ Picerno ASD — Janela encerrada (+10 min)
18:35:11 [INFO]   Agendador: 3 jogos removidos da fila
18:35:11 [INFO] Fila: 80 aguardando | Cache: 0 bloqueados | Monitor odds: 0 | Monitor saida: 0 | ✅ 0 aprovados | 🔍 127 analisados | 📡 166 chamadas API
18:35:11 [INFO]   Proxima: 15:35 — aguardando 10s
18:35:21 [INFO] Fila: 80 aguardando | Cache: 0 bloqueados | Monitor odds: 0 | Monitor saida: 0 | ✅ 0 aprovados | 🔍 127 analisados | 📡 166 chamadas API
18:35:21 [INFO]   🔍 S.S.D. Casarano Calcio v Crotone (15:30) | -5 min
18:35:21 [INFO]   ⛔ Sem mercados
18:35:21 [INFO]     Descartado: S.S.D. Casarano Calcio v Crotone — Janela encerrada (+10 min)
18:35:21 [INFO]   🔍 Catania v Potenza (15:30) | -5 min
18:35:22 [INFO]   ⛔ Sem mercados
18:35:22 [INFO]     Descartado: Catania v Potenza — Janela encerrada (+10 min)
18:35:22 [INFO]   🔍 Cosenza v Trapani (15:30) | -5 min
18:35:22 [INFO]   ⛔ Sem mercados
18:35:22 [INFO]     Descartado: Cosenza v Trapani — Janela encerrada (+10 min)
18:35:22 [INFO]   🔍 Sorrento v Atalanta B (15:30) | -5 min
18:35:22 [INFO]   ⛔ Sem mercados
18:35:22 [INFO]     Descartado: Sorrento v Atalanta B — Janela encerrada (+10 min)
18:35:22 [INFO]   🔍 Siracusa v Cavese 1919 (15:30) | -5 min
18:35:22 [INFO]   ⛔ Sem mercados
18:35:22 [INFO]     Descartado: Siracusa v Cavese 1919 — Janela encerrada (+10 min)
18:35:22 [INFO]   🔍 US Latina Calcio v Casertana (15:30) | -5 min
18:35:22 [INFO]   ⛔ Sem mercados
18:35:22 [INFO]     Descartado: US Latina Calcio v Casertana — Janela encerrada (+10 min)
18:35:22 [INFO]   🔍 FC Giugliano v Benevento (15:30) | -5 min
18:35:23 [INFO]   ⛔ Sem mercados
18:35:23 [INFO]     Descartado: FC Giugliano v Benevento — Janela encerrada (+10 min)
18:35:23 [INFO]   🔍 Monopoli v Foggia (15:30) | -5 min
18:35:23 [INFO]   ⛔ Sem mercados
18:35:23 [INFO]     Descartado: Monopoli v Foggia — Janela encerrada (+10 min)
18:35:23 [INFO]   Agendador: 8 jogos removidos da fila
18:35:23 [INFO] Fila: 72 aguardando | Cache: 0 bloqueados | Monitor odds: 0 | Monitor saida: 0 | ✅ 0 aprovados | 🔍 135 analisados | 📡 174 chamadas API
18:35:23 [INFO]   Proxima: 15:40 — aguardando 60s
18:36:23 [INFO] Fila: 72 aguardando | Cache: 0 bloqueados | Monitor odds: 0 | Monitor saida: 0 | ✅ 0 aprovados | 🔍 135 analisados | 📡 174 chamadas API
18:36:23 [INFO]   Proxima: 15:40 — aguardando 60s
18:37:23 [INFO] Fila: 72 aguardando | Cache: 0 bloqueados | Monitor odds: 0 | Monitor saida: 0 | ✅ 0 aprovados | 🔍 135 analisados | 📡 174 chamadas API
18:37:23 [INFO]   Proxima: 15:40 — aguardando 60s
18:38:23 [INFO] Fila: 72 aguardando | Cache: 0 bloqueados | Monitor odds: 0 | Monitor saida: 0 | ✅ 0 aprovados | 🔍 135 analisados | 📡 174 chamadas API
18:38:23 [INFO]   Proxima: 15:40 — aguardando 60s
18:39:23 [INFO] Fila: 72 aguardando | Cache: 0 bloqueados | Monitor odds: 0 | Monitor saida: 0 | ✅ 0 aprovados | 🔍 135 analisados | 📡 174 chamadas API
18:39:23 [INFO]   Proxima: 15:40 — aguardando 36s
18:40:00 [INFO] Fila: 72 aguardando | Cache: 0 bloqueados | Monitor odds: 0 | Monitor saida: 0 | ✅ 0 aprovados | 🔍 135 analisados | 📡 174 chamadas API
18:40:00 [INFO]   🔍 Juventus v Bologna (15:45) | +4 min
18:40:00 [INFO]   ⛔ Sem mercados
18:40:00 [INFO]     -> Proxima: 15:45 (intervalo 5 min — 4 min p/ inicio)
18:40:00 [INFO]   🔍 Paris St-G v Lyon (15:45) | +4 min
18:40:00 [INFO]   ⛔ Sem mercados
18:40:00 [INFO]     -> Proxima: 15:45 (intervalo 5 min — 4 min p/ inicio)
18:40:00 [INFO] Fila: 72 aguardando | Cache: 0 bloqueados | Monitor odds: 0 | Monitor saida: 0 | ✅ 0 aprovados | 🔍 137 analisados | 📡 176 chamadas API
18:40:00 [INFO]   Proxima: 15:45 — aguardando 60s
18:41:00 [INFO] Fila: 72 aguardando | Cache: 0 bloqueados | Monitor odds: 0 | Monitor saida: 0 | ✅ 0 aprovados | 🔍 137 analisados | 📡 176 chamadas API
18:41:00 [INFO]   Proxima: 15:45 — aguardando 60s
18:42:00 [INFO] Fila: 72 aguardando | Cache: 0 bloqueados | Monitor odds: 0 | Monitor saida: 0 | ✅ 0 aprovados | 🔍 137 analisados | 📡 176 chamadas API
18:42:00 [INFO]   Proxima: 15:45 — aguardando 60s
18:43:00 [INFO] Fila: 72 aguardando | Cache: 0 bloqueados | Monitor odds: 0 | Monitor saida: 0 | ✅ 0 aprovados | 🔍 137 analisados | 📡 176 chamadas API
18:43:00 [INFO]   Proxima: 15:45 — aguardando 60s
18:44:00 [INFO] Fila: 72 aguardando | Cache: 0 bloqueados | Monitor odds: 0 | Monitor saida: 0 | ✅ 0 aprovados | 🔍 137 analisados | 📡 176 chamadas API
18:44:00 [INFO]   Proxima: 15:45 — aguardando 59s
18:45:00 [INFO] Fila: 72 aguardando | Cache: 0 bloqueados | Monitor odds: 0 | Monitor saida: 0 | ✅ 0 aprovados | 🔍 137 analisados | 📡 176 chamadas API
18:45:00 [INFO]   🔍 Juventus v Bologna (15:45) | +0 min
18:45:00 [INFO]   ⛔ Sem mercados
18:45:00 [INFO]     -> Proxima: 15:50 (intervalo 5 min — 0 min p/ inicio)
18:45:00 [INFO] Fila: 72 aguardando | Cache: 0 bloqueados | Monitor odds: 0 | Monitor saida: 0 | ✅ 0 aprovados | 🔍 138 analisados | 📡 177 chamadas API
18:45:00 [INFO]   Proxima: 15:45 — aguardando 10s
18:45:10 [INFO] Fila: 72 aguardando | Cache: 0 bloqueados | Monitor odds: 0 | Monitor saida: 0 | ✅ 0 aprovados | 🔍 138 analisados | 📡 177 chamadas API
18:45:10 [INFO]   🔍 Paris St-G v Lyon (15:45) | +0 min
18:45:10 [INFO]   ⛔ Sem mercados
18:45:10 [INFO]     -> Proxima: 15:50 (intervalo 5 min — 0 min p/ inicio)
18:45:10 [INFO] Fila: 72 aguardando | Cache: 0 bloqueados | Monitor odds: 0 | Monitor saida: 0 | ✅ 0 aprovados | 🔍 139 analisados | 📡 178 chamadas API
18:45:10 [INFO]   Proxima: 15:50 — aguardando 60s
18:46:10 [INFO] Fila: 72 aguardando | Cache: 0 bloqueados | Monitor odds: 0 | Monitor saida: 0 | ✅ 0 aprovados | 🔍 139 analisados | 📡 178 chamadas API
18:46:10 [INFO]   Proxima: 15:50 — aguardando 60s
18:47:10 [INFO] Fila: 72 aguardando | Cache: 0 bloqueados | Monitor odds: 0 | Monitor saida: 0 | ✅ 0 aprovados | 🔍 139 analisados | 📡 178 chamadas API
18:47:10 [INFO]   Proxima: 15:50 — aguardando 60s
18:48:10 [INFO] Fila: 72 aguardando | Cache: 0 bloqueados | Monitor odds: 0 | Monitor saida: 0 | ✅ 0 aprovados | 🔍 139 analisados | 📡 178 chamadas API
18:48:10 [INFO]   Proxima: 15:50 — aguardando 60s
18:49:10 [INFO] Fila: 72 aguardando | Cache: 0 bloqueados | Monitor odds: 0 | Monitor saida: 0 | ✅ 0 aprovados | 🔍 139 analisados | 📡 178 chamadas API
18:49:10 [INFO]   Proxima: 15:50 — aguardando 49s
18:50:00 [INFO] Fila: 72 aguardando | Cache: 0 bloqueados | Monitor odds: 0 | Monitor saida: 0 | ✅ 0 aprovados | 🔍 139 analisados | 📡 178 chamadas API
18:50:00 [INFO]   🔍 Juventus v Bologna (15:45) | -5 min
18:50:00 [INFO]   ⛔ Sem mercados
18:50:00 [INFO]     Descartado: Juventus v Bologna — Janela encerrada (+10 min)
18:50:00 [INFO]   Agendador: 1 jogos removidos da fila
18:50:00 [INFO] Fila: 71 aguardando | Cache: 0 bloqueados | Monitor odds: 0 | Monitor saida: 0 | ✅ 0 aprovados | 🔍 140 analisados | 📡 179 chamadas API
18:50:00 [INFO]   Proxima: 15:50 — aguardando 10s
18:50:10 [INFO] Fila: 71 aguardando | Cache: 0 bloqueados | Monitor odds: 0 | Monitor saida: 0 | ✅ 0 aprovados | 🔍 140 analisados | 📡 179 chamadas API
18:50:10 [INFO]   🔍 Paris St-G v Lyon (15:45) | -5 min
18:50:11 [INFO]   ⛔ Sem mercados
18:50:11 [INFO]     Descartado: Paris St-G v Lyon — Janela encerrada (+10 min)
18:50:11 [INFO]   Agendador: 1 jogos removidos da fila
18:50:11 [INFO] Fila: 70 aguardando | Cache: 0 bloqueados | Monitor odds: 0 | Monitor saida: 0 | ✅ 0 aprovados | 🔍 141 analisados | 📡 180 chamadas API
18:50:11 [INFO]   Proxima: 15:55 — aguardando 60s
18:51:11 [INFO] Fila: 70 aguardando | Cache: 0 bloqueados | Monitor odds: 0 | Monitor saida: 0 | ✅ 0 aprovados | 🔍 141 analisados | 📡 180 chamadas API
18:51:11 [INFO]   Proxima: 15:55 — aguardando 60s
18:52:11 [INFO] Fila: 70 aguardando | Cache: 0 bloqueados | Monitor odds: 0 | Monitor saida: 0 | ✅ 0 aprovados | 🔍 141 analisados | 📡 180 chamadas API
18:52:11 [INFO]   Proxima: 15:55 — aguardando 60s
18:53:11 [INFO] Fila: 70 aguardando | Cache: 0 bloqueados | Monitor odds: 0 | Monitor saida: 0 | ✅ 0 aprovados | 🔍 141 analisados | 📡 180 chamadas API
18:53:11 [INFO]   Proxima: 15:55 — aguardando 60s
18:54:11 [INFO] Fila: 70 aguardando | Cache: 0 bloqueados | Monitor odds: 0 | Monitor saida: 0 | ✅ 0 aprovados | 🔍 141 analisados | 📡 180 chamadas API
18:54:11 [INFO]   Proxima: 15:55 — aguardando 48s
18:55:00 [INFO] Fila: 70 aguardando | Cache: 0 bloqueados | Monitor odds: 0 | Monitor saida: 0 | ✅ 0 aprovados | 🔍 141 analisados | 📡 180 chamadas API
18:55:00 [INFO]   🔍 Huracan del Paso v Centro Atletico Fenix (16:00) | +4 min
18:55:00 [INFO]   ⛔ Sem mercados
18:55:00 [INFO]     -> Proxima: 16:00 (intervalo 5 min — 4 min p/ inicio)
18:55:00 [INFO]   🔍 Santos v Fluminense (16:00) | +4 min
18:55:00 [INFO]   ⛔ Sem mercados
18:55:00 [INFO]     -> Proxima: 16:00 (intervalo 5 min — 4 min p/ inicio)
18:55:00 [INFO]   🔍 Danubio v Deportivo Maldonado (16:00) | +4 min
18:55:00 [INFO]   ⛔ Sem mercados
18:55:00 [INFO]     -> Proxima: 16:00 (intervalo 5 min — 4 min p/ inicio)
18:55:00 [INFO]   🔍 Olympic Safi v USM Alger (16:00) | +4 min
18:55:00 [INFO]   ⛔ Sem mercados
18:55:00 [INFO]     -> Proxima: 16:00 (intervalo 5 min — 4 min p/ inicio)
18:55:00 [INFO]   🔍 Botafogo SP v Atletico GO (16:00) | +4 min
18:55:01 [INFO]   ⛔ Sem mercados
18:55:01 [INFO]     -> Proxima: 16:00 (intervalo 5 min — 4 min p/ inicio)
18:55:01 [INFO]   🔍 Santa Fe v Cucuta Deportivo (16:00) | +4 min
18:55:01 [INFO]   ⛔ Sem mercados
18:55:01 [INFO]     -> Proxima: 16:00 (intervalo 5 min — 4 min p/ inicio)
18:55:01 [INFO]   🔍 Almeria v Malaga (16:00) | +4 min
18:55:01 [INFO]   ⛔ Sem mercados
18:55:01 [INFO]     -> Proxima: 16:00 (intervalo 5 min — 4 min p/ inicio)
18:55:01 [INFO]   🔍 Londrina v Ceara SC Fortaleza (16:00) | +4 min
18:55:01 [INFO]   ⛔ Sem mercados
18:55:01 [INFO]     -> Proxima: 16:00 (intervalo 5 min — 4 min p/ inicio)
18:55:01 [INFO]   🔍 Al Ahli (QAT) v Al Hussein (16:00) | +4 min
18:55:02 [INFO]   ⛔ Sem mercados
18:55:02 [INFO]     -> Proxima: 16:00 (intervalo 5 min — 4 min p/ inicio)
18:55:02 [INFO]   🔍 Uruguay de Coronado v Quepos Cambute (16:00) | +4 min
18:55:02 [INFO]   ⛔ Sem mercados
18:55:02 [INFO]     -> Proxima: 16:00 (intervalo 5 min — 4 min p/ inicio)
18:55:02 [INFO]   🔍 Coritiba v Atletico MG (16:00) | +4 min
18:55:02 [INFO]   ⛔ Sem mercados
18:55:02 [INFO]     -> Proxima: 16:00 (intervalo 5 min — 4 min p/ inicio)
18:55:02 [INFO]   🔍 Deportivo Mixco v Aurora FC (16:00) | +4 min
18:55:02 [INFO]   ⛔ Sem mercados
18:55:02 [INFO]     -> Proxima: 16:00 (intervalo 5 min — 4 min p/ inicio)
18:55:02 [INFO] Fila: 70 aguardando | Cache: 0 bloqueados | Monitor odds: 0 | Monitor saida: 0 | ✅ 0 aprovados | 🔍 153 analisados | 📡 192 chamadas API
18:55:02 [INFO]   Proxima: 16:00 — aguardando 60s
18:56:02 [INFO] Fila: 70 aguardando | Cache: 0 bloqueados | Monitor odds: 0 | Monitor saida: 0 | ✅ 0 aprovados | 🔍 153 analisados | 📡 192 chamadas API
18:56:02 [INFO]   Proxima: 16:00 — aguardando 60s
18:57:02 [INFO] Fila: 70 aguardando | Cache: 0 bloqueados | Monitor odds: 0 | Monitor saida: 0 | ✅ 0 aprovados | 🔍 153 analisados | 📡 192 chamadas API
18:57:02 [INFO]   Proxima: 16:00 — aguardando 60s
18:58:02 [INFO] Fila: 70 aguardando | Cache: 0 bloqueados | Monitor odds: 0 | Monitor saida: 0 | ✅ 0 aprovados | 🔍 153 analisados | 📡 192 chamadas API
18:58:02 [INFO]   Proxima: 16:00 — aguardando 60s
18:59:02 [INFO] Fila: 70 aguardando | Cache: 0 bloqueados | Monitor odds: 0 | Monitor saida: 0 | ✅ 0 aprovados | 🔍 153 analisados | 📡 192 chamadas API
18:59:02 [INFO]   Proxima: 16:00 — aguardando 57s
19:00:00 [INFO] Fila: 70 aguardando | Cache: 0 bloqueados | Monitor odds: 0 | Monitor saida: 0 | ✅ 0 aprovados | 🔍 153 analisados | 📡 192 chamadas API
19:00:00 [INFO]   🔍 Huracan del Paso v Centro Atletico Fenix (16:00) | +0 min
19:00:00 [INFO]   ⛔ Sem mercados
19:00:00 [INFO]     -> Proxima: 16:05 (intervalo 5 min — 0 min p/ inicio)
19:00:00 [INFO] Fila: 70 aguardando | Cache: 0 bloqueados | Monitor odds: 0 | Monitor saida: 0 | ✅ 0 aprovados | 🔍 154 analisados | 📡 193 chamadas API
19:00:00 [INFO]   🔍 Santos v Fluminense (16:00) | +0 min
19:00:00 [INFO]   ⛔ Sem mercados
19:00:00 [INFO]     -> Proxima: 16:05 (intervalo 5 min — 0 min p/ inicio)
19:00:00 [INFO] Fila: 70 aguardando | Cache: 0 bloqueados | Monitor odds: 0 | Monitor saida: 0 | ✅ 0 aprovados | 🔍 155 analisados | 📡 194 chamadas API
19:00:00 [INFO]   🔍 Danubio v Deportivo Maldonado (16:00) | +0 min
19:00:00 [INFO]   ⛔ Sem mercados
19:00:00 [INFO]     -> Proxima: 16:05 (intervalo 5 min — 0 min p/ inicio)
19:00:00 [INFO] Fila: 70 aguardando | Cache: 0 bloqueados | Monitor odds: 0 | Monitor saida: 0 | ✅ 0 aprovados | 🔍 156 analisados | 📡 195 chamadas API
19:00:00 [INFO]   🔍 Olympic Safi v USM Alger (16:00) | +0 min
19:00:01 [INFO]   ⛔ Sem mercados
19:00:01 [INFO]     -> Proxima: 16:05 (intervalo 5 min — 0 min p/ inicio)
19:00:01 [INFO] Fila: 70 aguardando | Cache: 0 bloqueados | Monitor odds: 0 | Monitor saida: 0 | ✅ 0 aprovados | 🔍 157 analisados | 📡 196 chamadas API
19:00:01 [INFO]   🔍 Botafogo SP v Atletico GO (16:00) | +0 min
19:00:01 [INFO]   ⛔ Sem mercados
19:00:01 [INFO]     -> Proxima: 16:05 (intervalo 5 min — 0 min p/ inicio)
19:00:01 [INFO] Fila: 70 aguardando | Cache: 0 bloqueados | Monitor odds: 0 | Monitor saida: 0 | ✅ 0 aprovados | 🔍 158 analisados | 📡 197 chamadas API
19:00:01 [INFO]   🔍 Santa Fe v Cucuta Deportivo (16:00) | +0 min
19:00:01 [INFO]   ⛔ Sem mercados
19:00:01 [INFO]     -> Proxima: 16:05 (intervalo 5 min — 0 min p/ inicio)
19:00:01 [INFO] Fila: 70 aguardando | Cache: 0 bloqueados | Monitor odds: 0 | Monitor saida: 0 | ✅ 0 aprovados | 🔍 159 analisados | 📡 198 chamadas API
19:00:01 [INFO]   🔍 Almeria v Malaga (16:00) | +0 min
19:00:01 [INFO]   ⛔ Sem mercados
19:00:01 [INFO]     -> Proxima: 16:05 (intervalo 5 min — 0 min p/ inicio)
19:00:01 [INFO] Fila: 70 aguardando | Cache: 0 bloqueados | Monitor odds: 0 | Monitor saida: 0 | ✅ 0 aprovados | 🔍 160 analisados | 📡 199 chamadas API
19:00:01 [INFO]   🔍 Londrina v Ceara SC Fortaleza (16:00) | +0 min
19:00:02 [INFO]   ⛔ Sem mercados
19:00:02 [INFO]     -> Proxima: 16:05 (intervalo 5 min — 0 min p/ inicio)
19:00:02 [INFO] Fila: 70 aguardando | Cache: 0 bloqueados | Monitor odds: 0 | Monitor saida: 0 | ✅ 0 aprovados | 🔍 161 analisados | 📡 200 chamadas API
19:00:02 [INFO]   🔍 Al Ahli (QAT) v Al Hussein (16:00) | +0 min
19:00:02 [INFO]   ⛔ Sem mercados
19:00:02 [INFO]     -> Proxima: 16:05 (intervalo 5 min — 0 min p/ inicio)
19:00:02 [INFO] Fila: 70 aguardando | Cache: 0 bloqueados | Monitor odds: 0 | Monitor saida: 0 | ✅ 0 aprovados | 🔍 162 analisados | 📡 201 chamadas API
19:00:02 [INFO]   🔍 Uruguay de Coronado v Quepos Cambute (16:00) | +0 min
19:00:02 [INFO]   ⛔ Sem mercados
19:00:02 [WARNING] Erro ao carregar reprovados: Expecting value: line 1 column 1 (char 0)
19:00:02 [INFO]     -> Proxima: 16:05 (intervalo 5 min — 0 min p/ inicio)
19:00:02 [INFO] Fila: 70 aguardando | Cache: 0 bloqueados | Monitor odds: 0 | Monitor saida: 0 | ✅ 0 aprovados | 🔍 163 analisados | 📡 202 chamadas API
19:00:02 [INFO]   🔍 Coritiba v Atletico MG (16:00) | +0 min
19:00:03 [INFO]   ⛔ Sem mercados
19:00:03 [INFO]     -> Proxima: 16:05 (intervalo 5 min — 0 min p/ inicio)
19:00:03 [INFO] Fila: 70 aguardando | Cache: 0 bloqueados | Monitor odds: 0 | Monitor saida: 0 | ✅ 0 aprovados | 🔍 164 analisados | 📡 203 chamadas API
19:00:03 [INFO]   🔍 Deportivo Mixco v Aurora FC (16:00) | +0 min
19:00:03 [INFO]   ⛔ Sem mercados
19:00:03 [INFO]     -> Proxima: 16:05 (intervalo 5 min — 0 min p/ inicio)
19:00:03 [INFO] Fila: 70 aguardando | Cache: 0 bloqueados | Monitor odds: 0 | Monitor saida: 0 | ✅ 0 aprovados | 🔍 165 analisados | 📡 204 chamadas API
19:00:03 [INFO]   Proxima: 16:05 — aguardando 60s
19:01:03 [INFO] Fila: 70 aguardando | Cache: 0 bloqueados | Monitor odds: 0 | Monitor saida: 0 | ✅ 0 aprovados | 🔍 165 analisados | 📡 204 chamadas API
19:01:03 [INFO]   Proxima: 16:05 — aguardando 60s
19:02:03 [INFO] Fila: 70 aguardando | Cache: 0 bloqueados | Monitor odds: 0 | Monitor saida: 0 | ✅ 0 aprovados | 🔍 165 analisados | 📡 204 chamadas API
19:02:03 [INFO]   Proxima: 16:05 — aguardando 60s
19:03:03 [INFO] Fila: 70 aguardando | Cache: 0 bloqueados | Monitor odds: 0 | Monitor saida: 0 | ✅ 0 aprovados | 🔍 165 analisados | 📡 204 chamadas API
19:03:03 [INFO]   Proxima: 16:05 — aguardando 60s
19:04:03 [INFO] Fila: 70 aguardando | Cache: 0 bloqueados | Monitor odds: 0 | Monitor saida: 0 | ✅ 0 aprovados | 🔍 165 analisados | 📡 204 chamadas API
19:04:03 [INFO]   Proxima: 16:05 — aguardando 57s
19:05:00 [INFO] Fila: 70 aguardando | Cache: 0 bloqueados | Monitor odds: 0 | Monitor saida: 0 | ✅ 0 aprovados | 🔍 165 analisados | 📡 204 chamadas API
19:05:00 [INFO]   🔍 Huracan del Paso v Centro Atletico Fenix (16:00) | -5 min
19:05:00 [INFO]   ⛔ Sem mercados
19:05:00 [INFO]     Descartado: Huracan del Paso v Centro Atletico Fenix — Janela encerrada (+10 min)
19:05:00 [INFO]   Agendador: 1 jogos removidos da fila
19:05:00 [INFO] Fila: 69 aguardando | Cache: 0 bloqueados | Monitor odds: 0 | Monitor saida: 0 | ✅ 0 aprovados | 🔍 166 analisados | 📡 205 chamadas API
19:05:00 [INFO]   🔍 Santos v Fluminense (16:00) | -5 min
19:05:01 [INFO]   ⛔ Sem mercados
19:05:01 [INFO]     Descartado: Santos v Fluminense — Janela encerrada (+10 min)
19:05:01 [INFO]   Agendador: 1 jogos removidos da fila
19:05:01 [INFO] Fila: 68 aguardando | Cache: 0 bloqueados | Monitor odds: 0 | Monitor saida: 0 | ✅ 0 aprovados | 🔍 167 analisados | 📡 206 chamadas API
19:05:01 [INFO]   🔍 Danubio v Deportivo Maldonado (16:00) | -5 min
19:05:01 [INFO]   ⛔ Sem mercados
19:05:01 [INFO]     Descartado: Danubio v Deportivo Maldonado — Janela encerrada (+10 min)
19:05:01 [INFO]   Agendador: 1 jogos removidos da fila
19:05:01 [INFO] Fila: 67 aguardando | Cache: 0 bloqueados | Monitor odds: 0 | Monitor saida: 0 | ✅ 0 aprovados | 🔍 168 analisados | 📡 207 chamadas API
19:05:01 [INFO]   🔍 Olympic Safi v USM Alger (16:00) | -5 min
19:05:01 [INFO]   ⛔ Sem mercados
19:05:01 [INFO]     Descartado: Olympic Safi v USM Alger — Janela encerrada (+10 min)
19:05:01 [INFO]   Agendador: 1 jogos removidos da fila
19:05:01 [INFO] Fila: 66 aguardando | Cache: 0 bloqueados | Monitor odds: 0 | Monitor saida: 0 | ✅ 0 aprovados | 🔍 169 analisados | 📡 208 chamadas API
19:05:01 [INFO]   Proxima: 16:05 — aguardando 10s
19:05:11 [INFO] Fila: 66 aguardando | Cache: 0 bloqueados | Monitor odds: 0 | Monitor saida: 0 | ✅ 0 aprovados | 🔍 169 analisados | 📡 208 chamadas API
19:05:11 [INFO]   🔍 Botafogo SP v Atletico GO (16:00) | -5 min
19:05:11 [INFO]   ⛔ Sem mercados
19:05:11 [INFO]     Descartado: Botafogo SP v Atletico GO — Janela encerrada (+10 min)
19:05:11 [INFO]   🔍 Santa Fe v Cucuta Deportivo (16:00) | -5 min
19:05:11 [INFO]   ⛔ Sem mercados
19:05:11 [INFO]     Descartado: Santa Fe v Cucuta Deportivo — Janela encerrada (+10 min)
19:05:11 [INFO]   🔍 Almeria v Malaga (16:00) | -5 min
19:05:12 [INFO]   ⛔ Sem mercados
19:05:12 [INFO]     Descartado: Almeria v Malaga — Janela encerrada (+10 min)
19:05:12 [INFO]   🔍 Londrina v Ceara SC Fortaleza (16:00) | -5 min
19:05:12 [INFO]   ⛔ Sem mercados
19:05:12 [INFO]     Descartado: Londrina v Ceara SC Fortaleza — Janela encerrada (+10 min)
19:05:12 [INFO]   🔍 Al Ahli (QAT) v Al Hussein (16:00) | -5 min
19:05:12 [INFO]   ⛔ Sem mercados
19:05:12 [INFO]     Descartado: Al Ahli (QAT) v Al Hussein — Janela encerrada (+10 min)
19:05:12 [INFO]   🔍 Uruguay de Coronado v Quepos Cambute (16:00) | -5 min
19:05:12 [INFO]   ⛔ Sem mercados
19:05:12 [INFO]     Descartado: Uruguay de Coronado v Quepos Cambute — Janela encerrada (+10 min)
19:05:12 [INFO]   🔍 Coritiba v Atletico MG (16:00) | -5 min
19:05:13 [INFO]   ⛔ Sem mercados
19:05:13 [INFO]     Descartado: Coritiba v Atletico MG — Janela encerrada (+10 min)
19:05:13 [INFO]   🔍 Deportivo Mixco v Aurora FC (16:00) | -5 min
19:05:13 [INFO]   ⛔ Sem mercados
19:05:13 [INFO]     Descartado: Deportivo Mixco v Aurora FC — Janela encerrada (+10 min)
19:05:13 [INFO]   Agendador: 8 jogos removidos da fila
19:05:13 [INFO] Fila: 58 aguardando | Cache: 0 bloqueados | Monitor odds: 0 | Monitor saida: 0 | ✅ 0 aprovados | 🔍 177 analisados | 📡 216 chamadas API
19:05:13 [INFO]   Proxima: 16:25 — aguardando 60s
19:06:13 [INFO] Fila: 58 aguardando | Cache: 0 bloqueados | Monitor odds: 0 | Monitor saida: 0 | ✅ 0 aprovados | 🔍 177 analisados | 📡 216 chamadas API
19:06:13 [INFO]   Proxima: 16:25 — aguardando 60s
19:07:13 [INFO] Fila: 58 aguardando | Cache: 0 bloqueados | Monitor odds: 0 | Monitor saida: 0 | ✅ 0 aprovados | 🔍 177 analisados | 📡 216 chamadas API
19:07:13 [INFO]   Proxima: 16:25 — aguardando 60s
19:08:13 [INFO] Fila: 58 aguardando | Cache: 0 bloqueados | Monitor odds: 0 | Monitor saida: 0 | ✅ 0 aprovados | 🔍 177 analisados | 📡 216 chamadas API
19:08:13 [INFO]   Proxima: 16:25 — aguardando 60s
19:09:13 [INFO] Fila: 58 aguardando | Cache: 0 bloqueados | Monitor odds: 0 | Monitor saida: 0 | ✅ 0 aprovados | 🔍 177 analisados | 📡 216 chamadas API
19:09:13 [INFO]   Proxima: 16:25 — aguardando 60s
19:10:13 [INFO] Fila: 58 aguardando | Cache: 0 bloqueados | Monitor odds: 0 | Monitor saida: 0 | ✅ 0 aprovados | 🔍 177 analisados | 📡 216 chamadas API
19:10:13 [INFO]   Proxima: 16:25 — aguardando 60s
19:11:13 [INFO] Fila: 58 aguardando | Cache: 0 bloqueados | Monitor odds: 0 | Monitor saida: 0 | ✅ 0 aprovados | 🔍 177 analisados | 📡 216 chamadas API
19:11:13 [INFO]   Proxima: 16:25 — aguardando 60s
19:12:13 [INFO] Fila: 58 aguardando | Cache: 0 bloqueados | Monitor odds: 0 | Monitor saida: 0 | ✅ 0 aprovados | 🔍 177 analisados | 📡 216 chamadas API
19:12:13 [INFO]   Proxima: 16:25 — aguardando 60s
19:13:13 [INFO] Fila: 58 aguardando | Cache: 0 bloqueados | Monitor odds: 0 | Monitor saida: 0 | ✅ 0 aprovados | 🔍 177 analisados | 📡 216 chamadas API
19:13:13 [INFO] Buscando lista de jogos do dia...
19:13:13 [WARNING] Nenhum jogo retornado pela API Betfair!
19:13:14 [INFO]   Proxima: 16:25 — aguardando 60s
19:14:14 [INFO] Fila: 58 aguardando | Cache: 0 bloqueados | Monitor odds: 0 | Monitor saida: 0 | ✅ 0 aprovados | 🔍 177 analisados | 📡 217 chamadas API
19:14:14 [INFO]   Proxima: 16:25 — aguardando 60s
19:15:14 [INFO] Fila: 58 aguardando | Cache: 0 bloqueados | Monitor odds: 0 | Monitor saida: 0 | ✅ 0 aprovados | 🔍 177 analisados | 📡 217 chamadas API
19:15:14 [INFO]   Proxima: 16:25 — aguardando 60s
19:16:14 [INFO] Fila: 58 aguardando | Cache: 0 bloqueados | Monitor odds: 0 | Monitor saida: 0 | ✅ 0 aprovados | 🔍 177 analisados | 📡 217 chamadas API
19:16:14 [INFO]   Proxima: 16:25 — aguardando 60s
19:17:14 [INFO] Fila: 58 aguardando | Cache: 0 bloqueados | Monitor odds: 0 | Monitor saida: 0 | ✅ 0 aprovados | 🔍 177 analisados | 📡 217 chamadas API
19:17:14 [INFO]   Proxima: 16:25 — aguardando 60s
19:18:14 [INFO] Fila: 58 aguardando | Cache: 0 bloqueados | Monitor odds: 0 | Monitor saida: 0 | ✅ 0 aprovados | 🔍 177 analisados | 📡 217 chamadas API
19:18:14 [INFO]   Proxima: 16:25 — aguardando 60s
19:19:14 [INFO] Fila: 58 aguardando | Cache: 0 bloqueados | Monitor odds: 0 | Monitor saida: 0 | ✅ 0 aprovados | 🔍 177 analisados | 📡 217 chamadas API
19:19:14 [INFO]   Proxima: 16:25 — aguardando 60s
19:20:14 [INFO] Fila: 58 aguardando | Cache: 0 bloqueados | Monitor odds: 0 | Monitor saida: 0 | ✅ 0 aprovados | 🔍 177 analisados | 📡 217 chamadas API
19:20:14 [INFO]   Proxima: 16:25 — aguardando 60s
19:21:14 [INFO] Fila: 58 aguardando | Cache: 0 bloqueados | Monitor odds: 0 | Monitor saida: 0 | ✅ 0 aprovados | 🔍 177 analisados | 📡 217 chamadas API
19:21:14 [INFO]   Proxima: 16:25 — aguardando 60s
19:22:14 [INFO] Fila: 58 aguardando | Cache: 0 bloqueados | Monitor odds: 0 | Monitor saida: 0 | ✅ 0 aprovados | 🔍 177 analisados | 📡 217 chamadas API
19:22:14 [INFO]   Proxima: 16:25 — aguardando 60s
19:23:14 [INFO] Fila: 58 aguardando | Cache: 0 bloqueados | Monitor odds: 0 | Monitor saida: 0 | ✅ 0 aprovados | 🔍 177 analisados | 📡 217 chamadas API
19:23:14 [INFO]   Proxima: 16:25 — aguardando 60s
19:24:14 [INFO] Fila: 58 aguardando | Cache: 0 bloqueados | Monitor odds: 0 | Monitor saida: 0 | ✅ 0 aprovados | 🔍 177 analisados | 📡 217 chamadas API
19:24:14 [INFO]   Proxima: 16:25 — aguardando 45s
19:25:00 [INFO] Fila: 58 aguardando | Cache: 0 bloqueados | Monitor odds: 0 | Monitor saida: 0 | ✅ 0 aprovados | 🔍 177 analisados | 📡 217 chamadas API
19:25:00 [INFO]   🔍 Guarani v Itabaiana (16:30) | +4 min
19:25:00 [INFO]   ⛔ Sem mercados
19:25:00 [INFO]     -> Proxima: 16:30 (intervalo 5 min — 4 min p/ inicio)
19:25:00 [INFO]   🔍 Antofagasta v Deportes Copiapo (16:30) | +4 min
19:25:00 [INFO]   ⛔ Sem mercados
19:25:00 [INFO]     -> Proxima: 16:30 (intervalo 5 min — 4 min p/ inicio)
19:25:00 [INFO]   🔍 Braga v Famalicao (16:30) | +4 min
19:25:00 [INFO]   ⛔ Sem mercados
19:25:00 [INFO]     -> Proxima: 16:30 (intervalo 5 min — 4 min p/ inicio)
19:25:00 [INFO]   🔍 Cobresal v OHiggins (16:30) | +4 min
19:25:01 [INFO]   ⛔ Sem mercados
19:25:01 [INFO]     -> Proxima: 16:30 (intervalo 5 min — 4 min p/ inicio)
19:25:01 [INFO]   🔍 Porto v Tondela (16:30) | +4 min
19:25:01 [INFO]   ⛔ Sem mercados
19:25:01 [INFO]     -> Proxima: 16:30 (intervalo 5 min — 4 min p/ inicio)
19:25:01 [INFO] Fila: 58 aguardando | Cache: 0 bloqueados | Monitor odds: 0 | Monitor saida: 0 | ✅ 0 aprovados | 🔍 182 analisados | 📡 222 chamadas API
19:25:01 [INFO]   Proxima: 16:30 — aguardando 60s
19:26:01 [INFO] Fila: 58 aguardando | Cache: 0 bloqueados | Monitor odds: 0 | Monitor saida: 0 | ✅ 0 aprovados | 🔍 182 analisados | 📡 222 chamadas API
19:26:01 [INFO]   Proxima: 16:30 — aguardando 60s
19:27:01 [INFO] Fila: 58 aguardando | Cache: 0 bloqueados | Monitor odds: 0 | Monitor saida: 0 | ✅ 0 aprovados | 🔍 182 analisados | 📡 222 chamadas API
19:27:01 [INFO]   Proxima: 16:30 — aguardando 60s
19:28:01 [INFO] Fila: 58 aguardando | Cache: 0 bloqueados | Monitor odds: 0 | Monitor saida: 0 | ✅ 0 aprovados | 🔍 182 analisados | 📡 222 chamadas API
19:28:01 [INFO]   Proxima: 16:30 — aguardando 60s
19:29:01 [INFO] Fila: 58 aguardando | Cache: 0 bloqueados | Monitor odds: 0 | Monitor saida: 0 | ✅ 0 aprovados | 🔍 182 analisados | 📡 222 chamadas API
19:29:01 [INFO]   Proxima: 16:30 — aguardando 58s
19:30:00 [INFO] Fila: 58 aguardando | Cache: 0 bloqueados | Monitor odds: 0 | Monitor saida: 0 | ✅ 0 aprovados | 🔍 182 analisados | 📡 222 chamadas API
19:30:00 [INFO]   🔍 Guarani v Itabaiana (16:30) | +0 min
19:30:00 [INFO]   ⛔ Sem mercados
19:30:00 [INFO]     -> Proxima: 16:35 (intervalo 5 min — 0 min p/ inicio)
19:30:00 [INFO] Fila: 58 aguardando | Cache: 0 bloqueados | Monitor odds: 0 | Monitor saida: 0 | ✅ 0 aprovados | 🔍 183 analisados | 📡 223 chamadas API
19:30:00 [INFO]   🔍 Antofagasta v Deportes Copiapo (16:30) | +0 min
19:30:00 [INFO]   ⛔ Sem mercados
19:30:00 [INFO]     -> Proxima: 16:35 (intervalo 5 min — 0 min p/ inicio)
19:30:00 [INFO] Fila: 58 aguardando | Cache: 0 bloqueados | Monitor odds: 0 | Monitor saida: 0 | ✅ 0 aprovados | 🔍 184 analisados | 📡 224 chamadas API
19:30:00 [INFO]   Proxima: 16:30 — aguardando 10s
19:30:10 [INFO] Fila: 58 aguardando | Cache: 0 bloqueados | Monitor odds: 0 | Monitor saida: 0 | ✅ 0 aprovados | 🔍 184 analisados | 📡 224 chamadas API
19:30:10 [INFO]   🔍 Braga v Famalicao (16:30) | +0 min
19:30:11 [INFO]   ⛔ Sem mercados
19:30:11 [INFO]     -> Proxima: 16:35 (intervalo 5 min — 0 min p/ inicio)
19:30:11 [INFO]   🔍 Cobresal v OHiggins (16:30) | +0 min
19:30:11 [INFO]   ⛔ Sem mercados
19:30:11 [INFO]     -> Proxima: 16:35 (intervalo 5 min — 0 min p/ inicio)
19:30:11 [INFO]   🔍 Porto v Tondela (16:30) | +0 min
19:30:11 [INFO]   ⛔ Sem mercados
19:30:11 [INFO]     -> Proxima: 16:35 (intervalo 5 min — 0 min p/ inicio)
19:30:11 [INFO] Fila: 58 aguardando | Cache: 0 bloqueados | Monitor odds: 0 | Monitor saida: 0 | ✅ 0 aprovados | 🔍 187 analisados | 📡 227 chamadas API
19:30:11 [INFO]   Proxima: 16:35 — aguardando 60s
19:31:11 [INFO] Fila: 58 aguardando | Cache: 0 bloqueados | Monitor odds: 0 | Monitor saida: 0 | ✅ 0 aprovados | 🔍 187 analisados | 📡 227 chamadas API
19:31:11 [INFO]   Proxima: 16:35 — aguardando 60s
19:32:11 [INFO] Fila: 58 aguardando | Cache: 0 bloqueados | Monitor odds: 0 | Monitor saida: 0 | ✅ 0 aprovados | 🔍 187 analisados | 📡 227 chamadas API
19:32:11 [INFO]   Proxima: 16:35 — aguardando 60s
19:33:11 [INFO] Fila: 58 aguardando | Cache: 0 bloqueados | Monitor odds: 0 | Monitor saida: 0 | ✅ 0 aprovados | 🔍 187 analisados | 📡 227 chamadas API
19:33:11 [INFO]   Proxima: 16:35 — aguardando 60s
19:34:11 [INFO] Fila: 58 aguardando | Cache: 0 bloqueados | Monitor odds: 0 | Monitor saida: 0 | ✅ 0 aprovados | 🔍 187 analisados | 📡 227 chamadas API
19:34:11 [INFO]   Proxima: 16:35 — aguardando 48s
19:35:00 [INFO] Fila: 58 aguardando | Cache: 0 bloqueados | Monitor odds: 0 | Monitor saida: 0 | ✅ 0 aprovados | 🔍 187 analisados | 📡 227 chamadas API
19:35:00 [INFO]   🔍 Guarani v Itabaiana (16:30) | -5 min
19:35:00 [INFO]   ⛔ Sem mercados
19:35:00 [INFO]     Descartado: Guarani v Itabaiana — Janela encerrada (+10 min)
19:35:00 [INFO]   Agendador: 1 jogos removidos da fila
19:35:00 [INFO] Fila: 57 aguardando | Cache: 0 bloqueados | Monitor odds: 0 | Monitor saida: 0 | ✅ 0 aprovados | 🔍 188 analisados | 📡 228 chamadas API
19:35:00 [INFO]   🔍 Antofagasta v Deportes Copiapo (16:30) | -5 min
19:35:01 [INFO]   ⛔ Sem mercados
19:35:01 [INFO]     Descartado: Antofagasta v Deportes Copiapo — Janela encerrada (+10 min)
19:35:01 [INFO]   Agendador: 1 jogos removidos da fila
19:35:01 [INFO] Fila: 56 aguardando | Cache: 0 bloqueados | Monitor odds: 0 | Monitor saida: 0 | ✅ 0 aprovados | 🔍 189 analisados | 📡 229 chamadas API
19:35:01 [INFO]   Proxima: 16:35 — aguardando 10s
19:35:11 [INFO] Fila: 56 aguardando | Cache: 0 bloqueados | Monitor odds: 0 | Monitor saida: 0 | ✅ 0 aprovados | 🔍 189 analisados | 📡 229 chamadas API
19:35:11 [INFO]   🔍 Braga v Famalicao (16:30) | -5 min
19:35:11 [INFO]   ⛔ Sem mercados
19:35:11 [INFO]     Descartado: Braga v Famalicao — Janela encerrada (+10 min)
19:35:11 [INFO]   Agendador: 1 jogos removidos da fila
19:35:11 [INFO] Fila: 55 aguardando | Cache: 0 bloqueados | Monitor odds: 0 | Monitor saida: 0 | ✅ 0 aprovados | 🔍 190 analisados | 📡 230 chamadas API
19:35:11 [INFO]   🔍 Cobresal v OHiggins (16:30) | -5 min
19:35:11 [INFO]   ⛔ Sem mercados
19:35:11 [INFO]     Descartado: Cobresal v OHiggins — Janela encerrada (+10 min)
19:35:11 [INFO]   Agendador: 1 jogos removidos da fila
19:35:11 [INFO] Fila: 54 aguardando | Cache: 0 bloqueados | Monitor odds: 0 | Monitor saida: 0 | ✅ 0 aprovados | 🔍 191 analisados | 📡 231 chamadas API
19:35:11 [INFO]   🔍 Porto v Tondela (16:30) | -5 min
19:35:11 [INFO]   ⛔ Sem mercados
19:35:11 [INFO]     Descartado: Porto v Tondela — Janela encerrada (+10 min)
19:35:11 [INFO]   Agendador: 1 jogos removidos da fila
19:35:11 [INFO] Fila: 53 aguardando | Cache: 0 bloqueados | Monitor odds: 0 | Monitor saida: 0 | ✅ 0 aprovados | 🔍 192 analisados | 📡 232 chamadas API
19:35:11 [INFO]   Proxima: 16:55 — aguardando 60s
19:36:11 [INFO] Fila: 53 aguardando | Cache: 0 bloqueados | Monitor odds: 0 | Monitor saida: 0 | ✅ 0 aprovados | 🔍 192 analisados | 📡 232 chamadas API
19:36:11 [INFO]   Proxima: 16:55 — aguardando 60s
19:37:11 [INFO] Fila: 53 aguardando | Cache: 0 bloqueados | Monitor odds: 0 | Monitor saida: 0 | ✅ 0 aprovados | 🔍 192 analisados | 📡 232 chamadas API
19:37:11 [INFO]   Proxima: 16:55 — aguardando 60s
19:38:11 [INFO] Fila: 53 aguardando | Cache: 0 bloqueados | Monitor odds: 0 | Monitor saida: 0 | ✅ 0 aprovados | 🔍 192 analisados | 📡 232 chamadas API
19:38:11 [INFO]   Proxima: 16:55 — aguardando 60s
19:39:11 [INFO] Fila: 53 aguardando | Cache: 0 bloqueados | Monitor odds: 0 | Monitor saida: 0 | ✅ 0 aprovados | 🔍 192 analisados | 📡 232 chamadas API
19:39:11 [INFO]   Proxima: 16:55 — aguardando 60s
19:40:11 [INFO] Fila: 53 aguardando | Cache: 0 bloqueados | Monitor odds: 0 | Monitor saida: 0 | ✅ 0 aprovados | 🔍 192 analisados | 📡 232 chamadas API
19:40:11 [INFO]   Proxima: 16:55 — aguardando 60s
19:41:11 [INFO] Fila: 53 aguardando | Cache: 0 bloqueados | Monitor odds: 0 | Monitor saida: 0 | ✅ 0 aprovados | 🔍 192 analisados | 📡 232 chamadas API
19:41:11 [INFO]   Proxima: 16:55 — aguardando 60s
19:42:11 [INFO] Fila: 53 aguardando | Cache: 0 bloqueados | Monitor odds: 0 | Monitor saida: 0 | ✅ 0 aprovados | 🔍 192 analisados | 📡 232 chamadas API
19:42:11 [INFO]   Proxima: 16:55 — aguardando 60s
19:43:11 [INFO] Fila: 53 aguardando | Cache: 0 bloqueados | Monitor odds: 0 | Monitor saida: 0 | ✅ 0 aprovados | 🔍 192 analisados | 📡 232 chamadas API
19:43:11 [INFO]   Proxima: 16:55 — aguardando 60s
19:44:11 [INFO] Fila: 53 aguardando | Cache: 0 bloqueados | Monitor odds: 0 | Monitor saida: 0 | ✅ 0 aprovados | 🔍 192 analisados | 📡 232 chamadas API
19:44:11 [INFO]   Proxima: 16:55 — aguardando 60s
19:45:11 [INFO] Fila: 53 aguardando | Cache: 0 bloqueados | Monitor odds: 0 | Monitor saida: 0 | ✅ 0 aprovados | 🔍 192 analisados | 📡 232 chamadas API
19:45:11 [INFO]   Proxima: 16:55 — aguardando 60s
19:46:11 [INFO] Fila: 53 aguardando | Cache: 0 bloqueados | Monitor odds: 0 | Monitor saida: 0 | ✅ 0 aprovados | 🔍 192 analisados | 📡 232 chamadas API
19:46:11 [INFO]   Proxima: 16:55 — aguardando 60s
19:47:11 [INFO] Fila: 53 aguardando | Cache: 0 bloqueados | Monitor odds: 0 | Monitor saida: 0 | ✅ 0 aprovados | 🔍 192 analisados | 📡 232 chamadas API
19:47:11 [INFO]   Proxima: 16:55 — aguardando 60s
19:48:11 [INFO] Fila: 53 aguardando | Cache: 0 bloqueados | Monitor odds: 0 | Monitor saida: 0 | ✅ 0 aprovados | 🔍 192 analisados | 📡 232 chamadas API
19:48:11 [INFO]   Proxima: 16:55 — aguardando 60s
19:49:11 [INFO] Fila: 53 aguardando | Cache: 0 bloqueados | Monitor odds: 0 | Monitor saida: 0 | ✅ 0 aprovados | 🔍 192 analisados | 📡 232 chamadas API
19:49:11 [INFO]   Proxima: 16:55 — aguardando 60s
19:50:11 [INFO] Fila: 53 aguardando | Cache: 0 bloqueados | Monitor odds: 0 | Monitor saida: 0 | ✅ 0 aprovados | 🔍 192 analisados | 📡 232 chamadas API
19:50:11 [INFO]   Proxima: 16:55 — aguardando 60s
19:51:11 [INFO] Fila: 53 aguardando | Cache: 0 bloqueados | Monitor odds: 0 | Monitor saida: 0 | ✅ 0 aprovados | 🔍 192 analisados | 📡 232 chamadas API
19:51:11 [INFO]   Proxima: 16:55 — aguardando 60s
19:52:11 [INFO] Fila: 53 aguardando | Cache: 0 bloqueados | Monitor odds: 0 | Monitor saida: 0 | ✅ 0 aprovados | 🔍 192 analisados | 📡 232 chamadas API
19:52:11 [INFO]   Proxima: 16:55 — aguardando 60s
19:53:11 [INFO] Fila: 53 aguardando | Cache: 0 bloqueados | Monitor odds: 0 | Monitor saida: 0 | ✅ 0 aprovados | 🔍 192 analisados | 📡 232 chamadas API
19:53:11 [INFO]   Proxima: 16:55 — aguardando 60s
19:54:11 [INFO] Fila: 53 aguardando | Cache: 0 bloqueados | Monitor odds: 0 | Monitor saida: 0 | ✅ 0 aprovados | 🔍 192 analisados | 📡 232 chamadas API
19:54:11 [INFO]   Proxima: 16:55 — aguardando 48s
19:55:00 [INFO] Fila: 53 aguardando | Cache: 0 bloqueados | Monitor odds: 0 | Monitor saida: 0 | ✅ 0 aprovados | 🔍 192 analisados | 📡 232 chamadas API
19:55:00 [INFO]   🔍 River Plate v Boca Juniors (17:00) | +4 min
19:55:00 [INFO]   ⛔ Sem mercados
19:55:00 [INFO]     -> Proxima: 17:00 (intervalo 5 min — 4 min p/ inicio)
19:55:00 [INFO]   🔍 San Marcos v Pirata FC (17:00) | +4 min
19:55:00 [INFO]   ⛔ Sem mercados
19:55:00 [INFO]     -> Proxima: 17:00 (intervalo 5 min — 4 min p/ inicio)
19:55:00 [INFO]   🔍 Alianza Atletico v Sport Boys (Per) (17:00) | +4 min
19:55:00 [INFO]   ⛔ Sem mercados
19:55:00 [INFO]     -> Proxima: 17:00 (intervalo 5 min — 4 min p/ inicio)
19:55:00 [INFO] Fila: 53 aguardando | Cache: 0 bloqueados | Monitor odds: 0 | Monitor saida: 0 | ✅ 0 aprovados | 🔍 195 analisados | 📡 235 chamadas API
19:55:00 [INFO]   Proxima: 17:00 — aguardando 60s
19:56:00 [INFO] Fila: 53 aguardando | Cache: 0 bloqueados | Monitor odds: 0 | Monitor saida: 0 | ✅ 0 aprovados | 🔍 195 analisados | 📡 235 chamadas API
19:56:00 [INFO]   Proxima: 17:00 — aguardando 60s
19:57:00 [INFO] Fila: 53 aguardando | Cache: 0 bloqueados | Monitor odds: 0 | Monitor saida: 0 | ✅ 0 aprovados | 🔍 195 analisados | 📡 235 chamadas API
19:57:00 [INFO]   Proxima: 17:00 — aguardando 60s
19:58:00 [INFO] Fila: 53 aguardando | Cache: 0 bloqueados | Monitor odds: 0 | Monitor saida: 0 | ✅ 0 aprovados | 🔍 195 analisados | 📡 235 chamadas API
19:58:00 [INFO]   Proxima: 17:00 — aguardando 60s
19:59:00 [INFO] Fila: 53 aguardando | Cache: 0 bloqueados | Monitor odds: 0 | Monitor saida: 0 | ✅ 0 aprovados | 🔍 195 analisados | 📡 235 chamadas API
19:59:00 [INFO]   Proxima: 17:00 — aguardando 59s
20:00:00 [INFO] Fila: 53 aguardando | Cache: 0 bloqueados | Monitor odds: 0 | Monitor saida: 0 | ✅ 0 aprovados | 🔍 195 analisados | 📡 235 chamadas API
20:00:00 [INFO]   🔍 River Plate v Boca Juniors (17:00) | +0 min
20:00:00 [INFO]   ⛔ Sem mercados
20:00:00 [INFO]     -> Proxima: 17:05 (intervalo 5 min — 0 min p/ inicio)
20:00:00 [INFO] Fila: 53 aguardando | Cache: 0 bloqueados | Monitor odds: 0 | Monitor saida: 0 | ✅ 0 aprovados | 🔍 196 analisados | 📡 236 chamadas API
20:00:00 [INFO]   Proxima: 17:00 — aguardando 10s
20:00:10 [INFO] Fila: 53 aguardando | Cache: 0 bloqueados | Monitor odds: 0 | Monitor saida: 0 | ✅ 0 aprovados | 🔍 196 analisados | 📡 236 chamadas API
20:00:10 [INFO]   🔍 San Marcos v Pirata FC (17:00) | +0 min
20:00:10 [INFO]   ⛔ Sem mercados
20:00:10 [INFO]     -> Proxima: 17:05 (intervalo 5 min — 0 min p/ inicio)
20:00:10 [INFO]   🔍 Alianza Atletico v Sport Boys (Per) (17:00) | +0 min
20:00:11 [INFO]   ⛔ Sem mercados
20:00:11 [INFO]     -> Proxima: 17:05 (intervalo 5 min — 0 min p/ inicio)
20:00:11 [INFO] Fila: 53 aguardando | Cache: 0 bloqueados | Monitor odds: 0 | Monitor saida: 0 | ✅ 0 aprovados | 🔍 198 analisados | 📡 238 chamadas API
20:00:11 [INFO]   Proxima: 17:05 — aguardando 60s
20:01:11 [INFO] Fila: 53 aguardando | Cache: 0 bloqueados | Monitor odds: 0 | Monitor saida: 0 | ✅ 0 aprovados | 🔍 198 analisados | 📡 238 chamadas API
20:01:11 [INFO]   Proxima: 17:05 — aguardando 60s
20:02:11 [INFO] Fila: 53 aguardando | Cache: 0 bloqueados | Monitor odds: 0 | Monitor saida: 0 | ✅ 0 aprovados | 🔍 198 analisados | 📡 238 chamadas API
20:02:11 [INFO]   Proxima: 17:05 — aguardando 60s
20:03:11 [INFO] Fila: 53 aguardando | Cache: 0 bloqueados | Monitor odds: 0 | Monitor saida: 0 | ✅ 0 aprovados | 🔍 198 analisados | 📡 238 chamadas API
20:03:11 [INFO]   Proxima: 17:05 — aguardando 60s
20:04:11 [INFO] Fila: 53 aguardando | Cache: 0 bloqueados | Monitor odds: 0 | Monitor saida: 0 | ✅ 0 aprovados | 🔍 198 analisados | 📡 238 chamadas API
20:04:11 [INFO]   Proxima: 17:05 — aguardando 49s
20:05:00 [INFO] Fila: 53 aguardando | Cache: 0 bloqueados | Monitor odds: 0 | Monitor saida: 0 | ✅ 0 aprovados | 🔍 198 analisados | 📡 238 chamadas API
20:05:00 [INFO]   🔍 River Plate v Boca Juniors (17:00) | -5 min
20:05:00 [INFO]   ⛔ Sem mercados
20:05:00 [INFO]     Descartado: River Plate v Boca Juniors — Janela encerrada (+10 min)
20:05:00 [INFO]   Agendador: 1 jogos removidos da fila
20:05:00 [INFO] Fila: 52 aguardando | Cache: 0 bloqueados | Monitor odds: 0 | Monitor saida: 0 | ✅ 0 aprovados | 🔍 199 analisados | 📡 239 chamadas API
20:05:00 [INFO]   Proxima: 17:05 — aguardando 10s
20:05:10 [INFO] Fila: 52 aguardando | Cache: 0 bloqueados | Monitor odds: 0 | Monitor saida: 0 | ✅ 0 aprovados | 🔍 199 analisados | 📡 239 chamadas API
20:05:10 [INFO]   🔍 San Marcos v Pirata FC (17:00) | -5 min
20:05:11 [INFO]   ⛔ Sem mercados
20:05:11 [INFO]     Descartado: San Marcos v Pirata FC — Janela encerrada (+10 min)
20:05:11 [INFO]   Agendador: 1 jogos removidos da fila
20:05:11 [INFO] Fila: 51 aguardando | Cache: 0 bloqueados | Monitor odds: 0 | Monitor saida: 0 | ✅ 0 aprovados | 🔍 200 analisados | 📡 240 chamadas API
20:05:11 [INFO]   Proxima: 17:05 — aguardando 10s
20:05:21 [INFO] Fila: 51 aguardando | Cache: 0 bloqueados | Monitor odds: 0 | Monitor saida: 0 | ✅ 0 aprovados | 🔍 200 analisados | 📡 240 chamadas API
20:05:21 [INFO]   🔍 Alianza Atletico v Sport Boys (Per) (17:00) | -5 min
20:05:21 [INFO]   ⛔ Sem mercados
20:05:21 [INFO]     Descartado: Alianza Atletico v Sport Boys (Per) — Janela encerrada (+10 min)
20:05:21 [INFO]   Agendador: 1 jogos removidos da fila
20:05:21 [INFO] Fila: 50 aguardando | Cache: 0 bloqueados | Monitor odds: 0 | Monitor saida: 0 | ✅ 0 aprovados | 🔍 201 analisados | 📡 241 chamadas API
20:05:21 [INFO]   Proxima: 17:15 — aguardando 60s
20:06:21 [INFO] Fila: 50 aguardando | Cache: 0 bloqueados | Monitor odds: 0 | Monitor saida: 0 | ✅ 0 aprovados | 🔍 201 analisados | 📡 241 chamadas API
20:06:21 [INFO]   Proxima: 17:15 — aguardando 60s
20:07:21 [INFO] Fila: 50 aguardando | Cache: 0 bloqueados | Monitor odds: 0 | Monitor saida: 0 | ✅ 0 aprovados | 🔍 201 analisados | 📡 241 chamadas API
20:07:21 [INFO]   Proxima: 17:15 — aguardando 60s
20:08:21 [INFO] Fila: 50 aguardando | Cache: 0 bloqueados | Monitor odds: 0 | Monitor saida: 0 | ✅ 0 aprovados | 🔍 201 analisados | 📡 241 chamadas API
20:08:21 [INFO]   Proxima: 17:15 — aguardando 60s
20:09:21 [INFO] Fila: 50 aguardando | Cache: 0 bloqueados | Monitor odds: 0 | Monitor saida: 0 | ✅ 0 aprovados | 🔍 201 analisados | 📡 241 chamadas API
20:09:21 [INFO]   Proxima: 17:15 — aguardando 60s
20:10:21 [INFO] Fila: 50 aguardando | Cache: 0 bloqueados | Monitor odds: 0 | Monitor saida: 0 | ✅ 0 aprovados | 🔍 201 analisados | 📡 241 chamadas API
20:10:21 [INFO]   Proxima: 17:15 — aguardando 60s
20:11:21 [INFO] Fila: 50 aguardando | Cache: 0 bloqueados | Monitor odds: 0 | Monitor saida: 0 | ✅ 0 aprovados | 🔍 201 analisados | 📡 241 chamadas API
20:11:21 [INFO]   Proxima: 17:15 — aguardando 60s
20:12:21 [INFO] Fila: 50 aguardando | Cache: 0 bloqueados | Monitor odds: 0 | Monitor saida: 0 | ✅ 0 aprovados | 🔍 201 analisados | 📡 241 chamadas API
20:12:21 [INFO]   Proxima: 17:15 — aguardando 60s
20:13:21 [INFO] Fila: 50 aguardando | Cache: 0 bloqueados | Monitor odds: 0 | Monitor saida: 0 | ✅ 0 aprovados | 🔍 201 analisados | 📡 241 chamadas API
20:13:21 [INFO] Buscando lista de jogos do dia...
20:13:21 [WARNING] Nenhum jogo retornado pela API Betfair!
20:13:22 [INFO]   Proxima: 17:15 — aguardando 60s
20:14:22 [INFO] Fila: 50 aguardando | Cache: 0 bloqueados | Monitor odds: 0 | Monitor saida: 0 | ✅ 0 aprovados | 🔍 201 analisados | 📡 242 chamadas API
20:14:22 [INFO]   Proxima: 17:15 — aguardando 37s
20:15:00 [INFO] Fila: 50 aguardando | Cache: 0 bloqueados | Monitor odds: 0 | Monitor saida: 0 | ✅ 0 aprovados | 🔍 201 analisados | 📡 242 chamadas API
20:15:00 [INFO]   🔍 Comerciantes FC v Santos FC de Ica (17:20) | +4 min
20:15:00 [INFO]   ⛔ Sem mercados
20:15:00 [INFO]     -> Proxima: 17:20 (intervalo 5 min — 4 min p/ inicio)
20:15:00 [INFO] Fila: 50 aguardando | Cache: 0 bloqueados | Monitor odds: 0 | Monitor saida: 0 | ✅ 0 aprovados | 🔍 202 analisados | 📡 243 chamadas API
20:15:00 [INFO]   Proxima: 17:20 — aguardando 60s
20:16:00 [INFO] Fila: 50 aguardando | Cache: 0 bloqueados | Monitor odds: 0 | Monitor saida: 0 | ✅ 0 aprovados | 🔍 202 analisados | 📡 243 chamadas API
20:16:00 [INFO]   Proxima: 17:20 — aguardando 60s
20:17:00 [INFO] Fila: 50 aguardando | Cache: 0 bloqueados | Monitor odds: 0 | Monitor saida: 0 | ✅ 0 aprovados | 🔍 202 analisados | 📡 243 chamadas API
20:17:00 [INFO]   Proxima: 17:20 — aguardando 60s
20:18:00 [INFO] Fila: 50 aguardando | Cache: 0 bloqueados | Monitor odds: 0 | Monitor saida: 0 | ✅ 0 aprovados | 🔍 202 analisados | 📡 243 chamadas API
20:18:00 [INFO]   Proxima: 17:20 — aguardando 60s
20:19:00 [INFO] Fila: 50 aguardando | Cache: 0 bloqueados | Monitor odds: 0 | Monitor saida: 0 | ✅ 0 aprovados | 🔍 202 analisados | 📡 243 chamadas API
20:19:00 [INFO]   Proxima: 17:20 — aguardando 59s
20:20:00 [INFO] Fila: 50 aguardando | Cache: 0 bloqueados | Monitor odds: 0 | Monitor saida: 0 | ✅ 0 aprovados | 🔍 202 analisados | 📡 243 chamadas API
20:20:00 [INFO]   🔍 Comerciantes FC v Santos FC de Ica (17:20) | +0 min
20:20:00 [INFO]   ⛔ Sem mercados
20:20:00 [INFO]     -> Proxima: 17:25 (intervalo 5 min — 0 min p/ inicio)
20:20:00 [INFO] Fila: 50 aguardando | Cache: 0 bloqueados | Monitor odds: 0 | Monitor saida: 0 | ✅ 0 aprovados | 🔍 203 analisados | 📡 244 chamadas API
20:20:00 [INFO]   Proxima: 17:25 — aguardando 60s
20:21:00 [INFO] Fila: 50 aguardando | Cache: 0 bloqueados | Monitor odds: 0 | Monitor saida: 0 | ✅ 0 aprovados | 🔍 203 analisados | 📡 244 chamadas API
20:21:00 [INFO]   Proxima: 17:25 — aguardando 60s
20:22:00 [INFO] Fila: 50 aguardando | Cache: 0 bloqueados | Monitor odds: 0 | Monitor saida: 0 | ✅ 0 aprovados | 🔍 203 analisados | 📡 244 chamadas API
20:22:00 [INFO]   Proxima: 17:25 — aguardando 60s
20:23:00 [INFO] Fila: 50 aguardando | Cache: 0 bloqueados | Monitor odds: 0 | Monitor saida: 0 | ✅ 0 aprovados | 🔍 203 analisados | 📡 244 chamadas API
20:23:00 [INFO]   Proxima: 17:25 — aguardando 60s
20:24:00 [INFO] Fila: 50 aguardando | Cache: 0 bloqueados | Monitor odds: 0 | Monitor saida: 0 | ✅ 0 aprovados | 🔍 203 analisados | 📡 244 chamadas API
20:24:00 [INFO]   Proxima: 17:25 — aguardando 59s
20:25:00 [INFO] Fila: 50 aguardando | Cache: 0 bloqueados | Monitor odds: 0 | Monitor saida: 0 | ✅ 0 aprovados | 🔍 203 analisados | 📡 244 chamadas API
20:25:00 [INFO]   🔍 Harbour View FC v Waterhouse FC (17:30) | +4 min
20:25:00 [INFO]   ⛔ Sem mercados
20:25:00 [INFO]     -> Proxima: 17:30 (intervalo 5 min — 4 min p/ inicio)
20:25:00 [INFO]   🔍 Tivoli Gardens v Dunbeholden FC (17:30) | +4 min
20:25:00 [INFO]   ⛔ Sem mercados
20:25:00 [INFO]     -> Proxima: 17:30 (intervalo 5 min — 4 min p/ inicio)
20:25:00 [INFO]   🔍 Independiente (Ecu) v LDU (17:30) | +4 min
20:25:01 [INFO]   ⛔ Sem mercados
20:25:01 [INFO]     -> Proxima: 17:30 (intervalo 5 min — 4 min p/ inicio)
20:25:01 [INFO]   🔍 Chapelton v Portmore Utd (17:30) | +4 min
20:25:01 [INFO]   ⛔ Sem mercados
20:25:01 [INFO]     -> Proxima: 17:30 (intervalo 5 min — 4 min p/ inicio)
20:25:01 [INFO]   🔍 Montego Bay United v Racing United FC (17:30) | +4 min
20:25:01 [INFO]   ⛔ Sem mercados
20:25:01 [INFO]     -> Proxima: 17:30 (intervalo 5 min — 4 min p/ inicio)
20:25:01 [INFO]   🔍 Olimpia v Cerro Porteno (17:30) | +4 min
20:25:02 [INFO]   ⛔ Sem mercados
20:25:02 [INFO]     -> Proxima: 17:30 (intervalo 5 min — 4 min p/ inicio)
20:25:02 [INFO]   🔍 Molynes United FC v Arnett Gardens FC (17:30) | +4 min
20:25:02 [INFO]   ⛔ Sem mercados
20:25:02 [INFO]     -> Proxima: 17:30 (intervalo 5 min — 4 min p/ inicio)
20:25:02 [INFO] Fila: 50 aguardando | Cache: 0 bloqueados | Monitor odds: 0 | Monitor saida: 0 | ✅ 0 aprovados | 🔍 210 analisados | 📡 251 chamadas API
20:25:02 [INFO]   🔍 Comerciantes FC v Santos FC de Ica (17:20) | -5 min
20:25:02 [INFO]   ⛔ Sem mercados
20:25:02 [INFO]     Descartado: Comerciantes FC v Santos FC de Ica — Janela encerrada (+10 min)
20:25:02 [INFO]   Agendador: 1 jogos removidos da fila
20:25:02 [INFO] Fila: 49 aguardando | Cache: 0 bloqueados | Monitor odds: 0 | Monitor saida: 0 | ✅ 0 aprovados | 🔍 211 analisados | 📡 252 chamadas API
20:25:02 [INFO]   Proxima: 17:30 — aguardando 60s
20:26:02 [INFO] Fila: 49 aguardando | Cache: 0 bloqueados | Monitor odds: 0 | Monitor saida: 0 | ✅ 0 aprovados | 🔍 211 analisados | 📡 252 chamadas API
20:26:02 [INFO]   Proxima: 17:30 — aguardando 60s
20:27:02 [INFO] Fila: 49 aguardando | Cache: 0 bloqueados | Monitor odds: 0 | Monitor saida: 0 | ✅ 0 aprovados | 🔍 211 analisados | 📡 252 chamadas API
20:27:02 [INFO]   Proxima: 17:30 — aguardando 60s
20:28:02 [INFO] Fila: 49 aguardando | Cache: 0 bloqueados | Monitor odds: 0 | Monitor saida: 0 | ✅ 0 aprovados | 🔍 211 analisados | 📡 252 chamadas API
20:28:02 [INFO]   Proxima: 17:30 — aguardando 60s
20:29:02 [INFO] Fila: 49 aguardando | Cache: 0 bloqueados | Monitor odds: 0 | Monitor saida: 0 | ✅ 0 aprovados | 🔍 211 analisados | 📡 252 chamadas API
20:29:02 [INFO]   Proxima: 17:30 — aguardando 57s
20:30:00 [INFO] Fila: 49 aguardando | Cache: 0 bloqueados | Monitor odds: 0 | Monitor saida: 0 | ✅ 0 aprovados | 🔍 211 analisados | 📡 252 chamadas API
20:30:00 [INFO]   🔍 Harbour View FC v Waterhouse FC (17:30) | +0 min
20:30:00 [INFO]   ⛔ Sem mercados
20:30:00 [INFO]     -> Proxima: 17:35 (intervalo 5 min — 0 min p/ inicio)
20:30:00 [INFO] Fila: 49 aguardando | Cache: 0 bloqueados | Monitor odds: 0 | Monitor saida: 0 | ✅ 0 aprovados | 🔍 212 analisados | 📡 253 chamadas API
20:30:00 [INFO]   Proxima: 17:30 — aguardando 10s
20:30:10 [INFO] Fila: 49 aguardando | Cache: 0 bloqueados | Monitor odds: 0 | Monitor saida: 0 | ✅ 0 aprovados | 🔍 212 analisados | 📡 253 chamadas API
20:30:10 [INFO]   🔍 Tivoli Gardens v Dunbeholden FC (17:30) | +0 min
20:30:11 [INFO]   ⛔ Sem mercados
20:30:11 [INFO]     -> Proxima: 17:35 (intervalo 5 min — 0 min p/ inicio)
20:30:11 [INFO]   🔍 Independiente (Ecu) v LDU (17:30) | +0 min
20:30:11 [INFO]   ⛔ Sem mercados
20:30:11 [INFO]     -> Proxima: 17:35 (intervalo 5 min — 0 min p/ inicio)
20:30:11 [INFO]   🔍 Chapelton v Portmore Utd (17:30) | +0 min
20:30:11 [INFO]   ⛔ Sem mercados
20:30:11 [INFO]     -> Proxima: 17:35 (intervalo 5 min — 0 min p/ inicio)
20:30:11 [INFO]   🔍 Montego Bay United v Racing United FC (17:30) | +0 min
20:30:11 [INFO]   ⛔ Sem mercados
20:30:11 [INFO]     -> Proxima: 17:35 (intervalo 5 min — 0 min p/ inicio)
20:30:11 [INFO]   🔍 Olimpia v Cerro Porteno (17:30) | +0 min
20:30:12 [INFO]   ⛔ Sem mercados
20:30:12 [INFO]     -> Proxima: 17:35 (intervalo 5 min — 0 min p/ inicio)
20:30:12 [INFO]   🔍 Molynes United FC v Arnett Gardens FC (17:30) | +0 min
20:30:12 [INFO]   ⛔ Sem mercados
20:30:12 [INFO]     -> Proxima: 17:35 (intervalo 5 min — 0 min p/ inicio)
20:30:12 [INFO] Fila: 49 aguardando | Cache: 0 bloqueados | Monitor odds: 0 | Monitor saida: 0 | ✅ 0 aprovados | 🔍 218 analisados | 📡 259 chamadas API
20:30:12 [INFO]   Proxima: 17:35 — aguardando 60s
20:31:12 [INFO] Fila: 49 aguardando | Cache: 0 bloqueados | Monitor odds: 0 | Monitor saida: 0 | ✅ 0 aprovados | 🔍 218 analisados | 📡 259 chamadas API
20:31:12 [INFO]   Proxima: 17:35 — aguardando 60s
20:32:12 [INFO] Fila: 49 aguardando | Cache: 0 bloqueados | Monitor odds: 0 | Monitor saida: 0 | ✅ 0 aprovados | 🔍 218 analisados | 📡 259 chamadas API
20:32:12 [INFO]   Proxima: 17:35 — aguardando 60s
20:33:12 [INFO] Fila: 49 aguardando | Cache: 0 bloqueados | Monitor odds: 0 | Monitor saida: 0 | ✅ 0 aprovados | 🔍 218 analisados | 📡 259 chamadas API
20:33:12 [INFO]   Proxima: 17:35 — aguardando 60s
20:34:12 [INFO] Fila: 49 aguardando | Cache: 0 bloqueados | Monitor odds: 0 | Monitor saida: 0 | ✅ 0 aprovados | 🔍 218 analisados | 📡 259 chamadas API
20:34:12 [INFO]   Proxima: 17:35 — aguardando 48s
20:35:00 [INFO] Fila: 49 aguardando | Cache: 0 bloqueados | Monitor odds: 0 | Monitor saida: 0 | ✅ 0 aprovados | 🔍 218 analisados | 📡 259 chamadas API
20:35:00 [INFO]   🔍 Harbour View FC v Waterhouse FC (17:30) | -5 min
20:35:01 [INFO]   ⛔ Sem mercados
20:35:01 [INFO]     Descartado: Harbour View FC v Waterhouse FC — Janela encerrada (+10 min)
20:35:01 [INFO]   Agendador: 1 jogos removidos da fila
20:35:01 [INFO] Fila: 48 aguardando | Cache: 0 bloqueados | Monitor odds: 0 | Monitor saida: 0 | ✅ 0 aprovados | 🔍 219 analisados | 📡 260 chamadas API
20:35:01 [INFO]   Proxima: 17:35 — aguardando 10s
20:35:11 [INFO] Fila: 48 aguardando | Cache: 0 bloqueados | Monitor odds: 0 | Monitor saida: 0 | ✅ 0 aprovados | 🔍 219 analisados | 📡 260 chamadas API
20:35:11 [INFO]   🔍 Tivoli Gardens v Dunbeholden FC (17:30) | -5 min
20:35:11 [INFO]   ⛔ Sem mercados
20:35:11 [INFO]     Descartado: Tivoli Gardens v Dunbeholden FC — Janela encerrada (+10 min)
20:35:11 [INFO]   Agendador: 1 jogos removidos da fila
20:35:11 [INFO] Fila: 47 aguardando | Cache: 0 bloqueados | Monitor odds: 0 | Monitor saida: 0 | ✅ 0 aprovados | 🔍 220 analisados | 📡 261 chamadas API
20:35:11 [INFO]   🔍 Independiente (Ecu) v LDU (17:30) | -5 min
20:35:11 [INFO]   ⛔ Sem mercados
20:35:11 [INFO]     Descartado: Independiente (Ecu) v LDU — Janela encerrada (+10 min)
20:35:11 [INFO]   Agendador: 1 jogos removidos da fila
20:35:11 [INFO] Fila: 46 aguardando | Cache: 0 bloqueados | Monitor odds: 0 | Monitor saida: 0 | ✅ 0 aprovados | 🔍 221 analisados | 📡 262 chamadas API
20:35:11 [INFO]   🔍 Chapelton v Portmore Utd (17:30) | -5 min
20:35:11 [INFO]   ⛔ Sem mercados
20:35:11 [INFO]     Descartado: Chapelton v Portmore Utd — Janela encerrada (+10 min)
20:35:11 [INFO]   Agendador: 1 jogos removidos da fila
20:35:11 [INFO] Fila: 45 aguardando | Cache: 0 bloqueados | Monitor odds: 0 | Monitor saida: 0 | ✅ 0 aprovados | 🔍 222 analisados | 📡 263 chamadas API
20:35:11 [INFO]   Proxima: 17:35 — aguardando 10s
20:35:21 [INFO] Fila: 45 aguardando | Cache: 0 bloqueados | Monitor odds: 0 | Monitor saida: 0 | ✅ 0 aprovados | 🔍 222 analisados | 📡 263 chamadas API
20:35:21 [INFO]   🔍 Montego Bay United v Racing United FC (17:30) | -5 min
20:35:22 [INFO]   ⛔ Sem mercados
20:35:22 [INFO]     Descartado: Montego Bay United v Racing United FC — Janela encerrada (+10 min)
20:35:22 [INFO]   🔍 Olimpia v Cerro Porteno (17:30) | -5 min
20:35:22 [INFO]   ⛔ Sem mercados
20:35:22 [INFO]     Descartado: Olimpia v Cerro Porteno — Janela encerrada (+10 min)
20:35:22 [INFO]   🔍 Molynes United FC v Arnett Gardens FC (17:30) | -5 min
20:35:22 [INFO]   ⛔ Sem mercados
20:35:22 [INFO]     Descartado: Molynes United FC v Arnett Gardens FC — Janela encerrada (+10 min)
20:35:22 [INFO]   Agendador: 3 jogos removidos da fila
20:35:22 [INFO] Fila: 42 aguardando | Cache: 0 bloqueados | Monitor odds: 0 | Monitor saida: 0 | ✅ 0 aprovados | 🔍 225 analisados | 📡 266 chamadas API
20:35:22 [INFO]   Proxima: 17:55 — aguardando 60s
20:36:22 [INFO] Fila: 42 aguardando | Cache: 0 bloqueados | Monitor odds: 0 | Monitor saida: 0 | ✅ 0 aprovados | 🔍 225 analisados | 📡 266 chamadas API
20:36:22 [INFO]   Proxima: 17:55 — aguardando 60s
20:37:22 [INFO] Fila: 42 aguardando | Cache: 0 bloqueados | Monitor odds: 0 | Monitor saida: 0 | ✅ 0 aprovados | 🔍 225 analisados | 📡 266 chamadas API
20:37:22 [INFO]   Proxima: 17:55 — aguardando 60s
20:38:22 [INFO] Fila: 42 aguardando | Cache: 0 bloqueados | Monitor odds: 0 | Monitor saida: 0 | ✅ 0 aprovados | 🔍 225 analisados | 📡 266 chamadas API
20:38:22 [INFO]   Proxima: 17:55 — aguardando 60s
20:39:22 [INFO] Fila: 42 aguardando | Cache: 0 bloqueados | Monitor odds: 0 | Monitor saida: 0 | ✅ 0 aprovados | 🔍 225 analisados | 📡 266 chamadas API
20:39:22 [INFO]   Proxima: 17:55 — aguardando 60s
20:40:22 [INFO] Fila: 42 aguardando | Cache: 0 bloqueados | Monitor odds: 0 | Monitor saida: 0 | ✅ 0 aprovados | 🔍 225 analisados | 📡 266 chamadas API
20:40:22 [INFO]   Proxima: 17:55 — aguardando 60s
20:41:22 [INFO] Fila: 42 aguardando | Cache: 0 bloqueados | Monitor odds: 0 | Monitor saida: 0 | ✅ 0 aprovados | 🔍 225 analisados | 📡 266 chamadas API
20:41:22 [INFO]   Proxima: 17:55 — aguardando 60s
20:42:22 [INFO] Fila: 42 aguardando | Cache: 0 bloqueados | Monitor odds: 0 | Monitor saida: 0 | ✅ 0 aprovados | 🔍 225 analisados | 📡 266 chamadas API
20:42:22 [INFO]   Proxima: 17:55 — aguardando 60s
20:43:22 [INFO] Fila: 42 aguardando | Cache: 0 bloqueados | Monitor odds: 0 | Monitor saida: 0 | ✅ 0 aprovados | 🔍 225 analisados | 📡 266 chamadas API
20:43:22 [INFO]   Proxima: 17:55 — aguardando 60s
20:44:22 [INFO] Fila: 42 aguardando | Cache: 0 bloqueados | Monitor odds: 0 | Monitor saida: 0 | ✅ 0 aprovados | 🔍 225 analisados | 📡 266 chamadas API
20:44:22 [INFO]   Proxima: 17:55 — aguardando 60s
20:45:22 [INFO] Fila: 42 aguardando | Cache: 0 bloqueados | Monitor odds: 0 | Monitor saida: 0 | ✅ 0 aprovados | 🔍 225 analisados | 📡 266 chamadas API
20:45:22 [INFO]   Proxima: 17:55 — aguardando 60s
20:46:22 [INFO] Fila: 42 aguardando | Cache: 0 bloqueados | Monitor odds: 0 | Monitor saida: 0 | ✅ 0 aprovados | 🔍 225 analisados | 📡 266 chamadas API
20:46:22 [INFO]   Proxima: 17:55 — aguardando 60s
20:47:22 [INFO] Fila: 42 aguardando | Cache: 0 bloqueados | Monitor odds: 0 | Monitor saida: 0 | ✅ 0 aprovados | 🔍 225 analisados | 📡 266 chamadas API
20:47:22 [INFO]   Proxima: 17:55 — aguardando 60s
20:48:22 [INFO] Fila: 42 aguardando | Cache: 0 bloqueados | Monitor odds: 0 | Monitor saida: 0 | ✅ 0 aprovados | 🔍 225 analisados | 📡 266 chamadas API
20:48:22 [INFO]   Proxima: 17:55 — aguardando 60s
20:49:22 [INFO] Fila: 42 aguardando | Cache: 0 bloqueados | Monitor odds: 0 | Monitor saida: 0 | ✅ 0 aprovados | 🔍 225 analisados | 📡 266 chamadas API
20:49:22 [INFO]   Proxima: 17:55 — aguardando 60s
20:50:22 [INFO] Fila: 42 aguardando | Cache: 0 bloqueados | Monitor odds: 0 | Monitor saida: 0 | ✅ 0 aprovados | 🔍 225 analisados | 📡 266 chamadas API
20:50:22 [INFO]   Proxima: 17:55 — aguardando 60s
20:51:22 [INFO] Fila: 42 aguardando | Cache: 0 bloqueados | Monitor odds: 0 | Monitor saida: 0 | ✅ 0 aprovados | 🔍 225 analisados | 📡 266 chamadas API
20:51:22 [INFO]   Proxima: 17:55 — aguardando 60s
20:52:22 [INFO] Fila: 42 aguardando | Cache: 0 bloqueados | Monitor odds: 0 | Monitor saida: 0 | ✅ 0 aprovados | 🔍 225 analisados | 📡 266 chamadas API
20:52:22 [INFO]   Proxima: 17:55 — aguardando 60s
20:53:22 [INFO] Fila: 42 aguardando | Cache: 0 bloqueados | Monitor odds: 0 | Monitor saida: 0 | ✅ 0 aprovados | 🔍 225 analisados | 📡 266 chamadas API
20:53:22 [INFO]   Proxima: 17:55 — aguardando 60s
20:54:22 [INFO] Fila: 42 aguardando | Cache: 0 bloqueados | Monitor odds: 0 | Monitor saida: 0 | ✅ 0 aprovados | 🔍 225 analisados | 📡 266 chamadas API
20:54:22 [INFO]   Proxima: 17:55 — aguardando 37s
20:55:00 [INFO] Fila: 42 aguardando | Cache: 0 bloqueados | Monitor odds: 0 | Monitor saida: 0 | ✅ 0 aprovados | 🔍 225 analisados | 📡 266 chamadas API
20:55:00 [INFO]   🔍 Estudiantes de Merida v Monagas (18:00) | +4 min
20:55:00 [INFO]   ⛔ Sem mercados
20:55:00 [INFO]     -> Proxima: 18:00 (intervalo 5 min — 4 min p/ inicio)
20:55:00 [INFO]   🔍 Inter Toronto FC v Vancouver FC (18:00) | +4 min
20:55:00 [INFO]   ⛔ Sem mercados
20:55:00 [INFO]     -> Proxima: 18:00 (intervalo 5 min — 4 min p/ inicio)
20:55:00 [INFO]   🔍 Birmingham Legion FC v Indy Eleven (18:00) | +4 min
20:55:00 [INFO]   ⛔ Sem mercados
20:55:00 [INFO]     -> Proxima: 18:00 (intervalo 5 min — 4 min p/ inicio)
20:55:00 [INFO]   🔍 Union Cocle v San Francisco FC (18:00) | +4 min
20:55:01 [INFO]   ⛔ Sem mercados
20:55:01 [INFO]     -> Proxima: 18:00 (intervalo 5 min — 4 min p/ inicio)
20:55:01 [INFO]   🔍 Goias v Cuiaba (18:00) | +4 min
20:55:01 [INFO]   ⛔ Sem mercados
20:55:01 [INFO]     -> Proxima: 18:00 (intervalo 5 min — 4 min p/ inicio)
20:55:01 [INFO]   🔍 CD Hercules v CD Luis Angel Firpo (18:00) | +4 min
20:55:01 [INFO]   ⛔ Sem mercados
20:55:01 [INFO]     -> Proxima: 18:00 (intervalo 5 min — 4 min p/ inicio)
20:55:01 [INFO]   🔍 CD Aguila v Inter FA (18:00) | +4 min
20:55:01 [INFO]   ⛔ Sem mercados
20:55:01 [INFO]     -> Proxima: 18:00 (intervalo 5 min — 4 min p/ inicio)
20:55:01 [INFO]   🔍 Coban Imperial v Achuapa FC (18:00) | +4 min
20:55:02 [INFO]   ⛔ Sem mercados
20:55:02 [INFO]     -> Proxima: 18:00 (intervalo 5 min — 4 min p/ inicio)
20:55:02 [INFO]   🔍 Platense FC v Lobos UPNFM (18:00) | +4 min
20:55:02 [INFO]   ⛔ Sem mercados
20:55:02 [INFO]     -> Proxima: 18:00 (intervalo 5 min — 4 min p/ inicio)
20:55:02 [INFO] Fila: 42 aguardando | Cache: 0 bloqueados | Monitor odds: 0 | Monitor saida: 0 | ✅ 0 aprovados | 🔍 234 analisados | 📡 275 chamadas API
20:55:02 [INFO]   Proxima: 18:00 — aguardando 60s
20:56:02 [INFO] Fila: 42 aguardando | Cache: 0 bloqueados | Monitor odds: 0 | Monitor saida: 0 | ✅ 0 aprovados | 🔍 234 analisados | 📡 275 chamadas API
20:56:02 [INFO]   Proxima: 18:00 — aguardando 60s
20:57:02 [INFO] Fila: 42 aguardando | Cache: 0 bloqueados | Monitor odds: 0 | Monitor saida: 0 | ✅ 0 aprovados | 🔍 234 analisados | 📡 275 chamadas API
20:57:02 [INFO]   Proxima: 18:00 — aguardando 60s
20:58:02 [INFO] Fila: 42 aguardando | Cache: 0 bloqueados | Monitor odds: 0 | Monitor saida: 0 | ✅ 0 aprovados | 🔍 234 analisados | 📡 275 chamadas API
20:58:02 [INFO]   Proxima: 18:00 — aguardando 60s
20:59:02 [INFO] Fila: 42 aguardando | Cache: 0 bloqueados | Monitor odds: 0 | Monitor saida: 0 | ✅ 0 aprovados | 🔍 234 analisados | 📡 275 chamadas API
20:59:02 [INFO]   Proxima: 18:00 — aguardando 57s
21:00:00 [INFO] Fila: 42 aguardando | Cache: 0 bloqueados | Monitor odds: 0 | Monitor saida: 0 | ✅ 0 aprovados | 🔍 234 analisados | 📡 275 chamadas API
21:00:00 [INFO]   🔍 Estudiantes de Merida v Monagas (18:00) | +0 min
21:00:00 [INFO]   ⛔ Sem mercados
21:00:00 [INFO]     -> Proxima: 18:05 (intervalo 5 min — 0 min p/ inicio)
21:00:00 [INFO] Fila: 42 aguardando | Cache: 0 bloqueados | Monitor odds: 0 | Monitor saida: 0 | ✅ 0 aprovados | 🔍 235 analisados | 📡 276 chamadas API
21:00:00 [INFO]   🔍 Inter Toronto FC v Vancouver FC (18:00) | +0 min
21:00:00 [INFO]   ⛔ Sem mercados
21:00:00 [INFO]     -> Proxima: 18:05 (intervalo 5 min — 0 min p/ inicio)
21:00:00 [INFO] Fila: 42 aguardando | Cache: 0 bloqueados | Monitor odds: 0 | Monitor saida: 0 | ✅ 0 aprovados | 🔍 236 analisados | 📡 277 chamadas API
21:00:00 [INFO]   🔍 Birmingham Legion FC v Indy Eleven (18:00) | +0 min
21:00:01 [INFO]   ⛔ Sem mercados
21:00:01 [INFO]     -> Proxima: 18:05 (intervalo 5 min — 0 min p/ inicio)
21:00:01 [INFO] Fila: 42 aguardando | Cache: 0 bloqueados | Monitor odds: 0 | Monitor saida: 0 | ✅ 0 aprovados | 🔍 237 analisados | 📡 278 chamadas API
21:00:01 [INFO]   Proxima: 18:00 — aguardando 10s
21:00:11 [INFO] Fila: 42 aguardando | Cache: 0 bloqueados | Monitor odds: 0 | Monitor saida: 0 | ✅ 0 aprovados | 🔍 237 analisados | 📡 278 chamadas API
21:00:11 [INFO]   🔍 Union Cocle v San Francisco FC (18:00) | +0 min
21:00:11 [INFO]   ⛔ Sem mercados
21:00:11 [INFO]     -> Proxima: 18:05 (intervalo 5 min — 0 min p/ inicio)
21:00:11 [INFO]   🔍 Goias v Cuiaba (18:00) | +0 min
21:00:11 [INFO]   ⛔ Sem mercados
21:00:11 [INFO]     -> Proxima: 18:05 (intervalo 5 min — 0 min p/ inicio)
21:00:11 [INFO]   🔍 CD Hercules v CD Luis Angel Firpo (18:00) | +0 min
21:00:11 [INFO]   ⛔ Sem mercados
21:00:11 [INFO]     -> Proxima: 18:05 (intervalo 5 min — 0 min p/ inicio)
21:00:11 [INFO]   🔍 CD Aguila v Inter FA (18:00) | +0 min
21:00:12 [INFO]   ⛔ Sem mercados
21:00:12 [INFO]     -> Proxima: 18:05 (intervalo 5 min — 0 min p/ inicio)
21:00:12 [INFO]   🔍 Coban Imperial v Achuapa FC (18:00) | +0 min
21:00:12 [INFO]   ⛔ Sem mercados
21:00:12 [INFO]     -> Proxima: 18:05 (intervalo 5 min — 0 min p/ inicio)
21:00:12 [INFO]   🔍 Platense FC v Lobos UPNFM (18:00) | +0 min
21:00:12 [INFO]   ⛔ Sem mercados
21:00:12 [INFO]     -> Proxima: 18:05 (intervalo 5 min — 0 min p/ inicio)
21:00:12 [INFO] Fila: 42 aguardando | Cache: 0 bloqueados | Monitor odds: 0 | Monitor saida: 0 | ✅ 0 aprovados | 🔍 243 analisados | 📡 284 chamadas API
21:00:12 [INFO]   Proxima: 18:05 — aguardando 60s
21:01:12 [INFO] Fila: 42 aguardando | Cache: 0 bloqueados | Monitor odds: 0 | Monitor saida: 0 | ✅ 0 aprovados | 🔍 243 analisados | 📡 284 chamadas API
21:01:12 [INFO]   Proxima: 18:05 — aguardando 60s
21:02:12 [INFO] Fila: 42 aguardando | Cache: 0 bloqueados | Monitor odds: 0 | Monitor saida: 0 | ✅ 0 aprovados | 🔍 243 analisados | 📡 284 chamadas API
21:02:12 [INFO]   Proxima: 18:05 — aguardando 60s
21:03:12 [INFO] Fila: 42 aguardando | Cache: 0 bloqueados | Monitor odds: 0 | Monitor saida: 0 | ✅ 0 aprovados | 🔍 243 analisados | 📡 284 chamadas API
21:03:12 [INFO]   Proxima: 18:05 — aguardando 60s
21:04:12 [INFO] Fila: 42 aguardando | Cache: 0 bloqueados | Monitor odds: 0 | Monitor saida: 0 | ✅ 0 aprovados | 🔍 243 analisados | 📡 284 chamadas API
21:04:12 [INFO]   Proxima: 18:05 — aguardando 47s
21:05:00 [INFO] Fila: 42 aguardando | Cache: 0 bloqueados | Monitor odds: 0 | Monitor saida: 0 | ✅ 0 aprovados | 🔍 243 analisados | 📡 284 chamadas API
21:05:00 [INFO]   🔍 Alianza FC Valledupar v Ind Medellin (18:10) | +4 min
21:05:00 [INFO]   ⛔ Sem mercados
21:05:00 [WARNING] Erro ao carregar reprovados: Expecting property name enclosed in double quotes: line 1885 column 9 (char 32756)
21:05:00 [INFO]     -> Proxima: 18:10 (intervalo 5 min — 4 min p/ inicio)
21:05:00 [INFO] Fila: 42 aguardando | Cache: 0 bloqueados | Monitor odds: 0 | Monitor saida: 0 | ✅ 0 aprovados | 🔍 244 analisados | 📡 285 chamadas API
21:05:00 [INFO]   Proxima: 18:05 — aguardando 10s
21:05:10 [INFO] Fila: 42 aguardando | Cache: 0 bloqueados | Monitor odds: 0 | Monitor saida: 0 | ✅ 0 aprovados | 🔍 244 analisados | 📡 285 chamadas API
21:05:10 [INFO]   🔍 Estudiantes de Merida v Monagas (18:00) | -5 min
21:05:10 [INFO]   ⛔ Sem mercados
21:05:10 [INFO]     Descartado: Estudiantes de Merida v Monagas — Janela encerrada (+10 min)
21:05:10 [INFO]   🔍 Inter Toronto FC v Vancouver FC (18:00) | -5 min
21:05:10 [INFO]   ⛔ Sem mercados
21:05:10 [INFO]     Descartado: Inter Toronto FC v Vancouver FC — Janela encerrada (+10 min)
21:05:10 [INFO]   🔍 Birmingham Legion FC v Indy Eleven (18:00) | -5 min
21:05:11 [INFO]   ⛔ Sem mercados
21:05:11 [INFO]     Descartado: Birmingham Legion FC v Indy Eleven — Janela encerrada (+10 min)
21:05:11 [INFO]   Agendador: 3 jogos removidos da fila
21:05:11 [INFO] Fila: 39 aguardando | Cache: 0 bloqueados | Monitor odds: 0 | Monitor saida: 0 | ✅ 0 aprovados | 🔍 247 analisados | 📡 288 chamadas API
21:05:11 [INFO]   Proxima: 18:05 — aguardando 10s
21:05:21 [INFO] Fila: 39 aguardando | Cache: 0 bloqueados | Monitor odds: 0 | Monitor saida: 0 | ✅ 0 aprovados | 🔍 247 analisados | 📡 288 chamadas API
21:05:21 [INFO]   🔍 Union Cocle v San Francisco FC (18:00) | -5 min
21:05:21 [INFO]   ⛔ Sem mercados
21:05:21 [INFO]     Descartado: Union Cocle v San Francisco FC — Janela encerrada (+10 min)
21:05:21 [INFO]   🔍 Goias v Cuiaba (18:00) | -5 min
21:05:21 [INFO]   ⛔ Sem mercados
21:05:21 [INFO]     Descartado: Goias v Cuiaba — Janela encerrada (+10 min)
21:05:21 [INFO]   🔍 CD Hercules v CD Luis Angel Firpo (18:00) | -5 min
21:05:21 [INFO]   ⛔ Sem mercados
21:05:21 [INFO]     Descartado: CD Hercules v CD Luis Angel Firpo — Janela encerrada (+10 min)
21:05:21 [INFO]   🔍 CD Aguila v Inter FA (18:00) | -5 min
21:05:22 [INFO]   ⛔ Sem mercados
21:05:22 [INFO]     Descartado: CD Aguila v Inter FA — Janela encerrada (+10 min)
21:05:22 [INFO]   🔍 Coban Imperial v Achuapa FC (18:00) | -5 min
21:05:22 [INFO]   ⛔ Sem mercados
21:05:22 [INFO]     Descartado: Coban Imperial v Achuapa FC — Janela encerrada (+10 min)
21:05:22 [INFO]   🔍 Platense FC v Lobos UPNFM (18:00) | -5 min
21:05:22 [INFO]   ⛔ Sem mercados
21:05:22 [INFO]     Descartado: Platense FC v Lobos UPNFM — Janela encerrada (+10 min)
21:05:22 [INFO]   Agendador: 6 jogos removidos da fila
21:05:22 [INFO] Fila: 33 aguardando | Cache: 0 bloqueados | Monitor odds: 0 | Monitor saida: 0 | ✅ 0 aprovados | 🔍 253 analisados | 📡 294 chamadas API
21:05:22 [INFO]   Proxima: 18:10 — aguardando 60s
21:06:22 [INFO] Fila: 33 aguardando | Cache: 0 bloqueados | Monitor odds: 0 | Monitor saida: 0 | ✅ 0 aprovados | 🔍 253 analisados | 📡 294 chamadas API
21:06:22 [INFO]   Proxima: 18:10 — aguardando 60s
21:07:22 [INFO] Fila: 33 aguardando | Cache: 0 bloqueados | Monitor odds: 0 | Monitor saida: 0 | ✅ 0 aprovados | 🔍 253 analisados | 📡 294 chamadas API
21:07:22 [INFO]   Proxima: 18:10 — aguardando 60s
21:08:22 [INFO] Fila: 33 aguardando | Cache: 0 bloqueados | Monitor odds: 0 | Monitor saida: 0 | ✅ 0 aprovados | 🔍 253 analisados | 📡 294 chamadas API
21:08:22 [INFO]   Proxima: 18:10 — aguardando 60s
21:09:22 [INFO] Fila: 33 aguardando | Cache: 0 bloqueados | Monitor odds: 0 | Monitor saida: 0 | ✅ 0 aprovados | 🔍 253 analisados | 📡 294 chamadas API
21:09:22 [INFO]   Proxima: 18:10 — aguardando 37s
21:10:00 [INFO] Fila: 33 aguardando | Cache: 0 bloqueados | Monitor odds: 0 | Monitor saida: 0 | ✅ 0 aprovados | 🔍 253 analisados | 📡 294 chamadas API
21:10:00 [INFO]   🔍 Alianza FC Valledupar v Ind Medellin (18:10) | +0 min
21:10:00 [INFO]   ⛔ Sem mercados
21:10:00 [INFO]     -> Proxima: 18:15 (intervalo 5 min — 0 min p/ inicio)
21:10:00 [INFO] Fila: 33 aguardando | Cache: 0 bloqueados | Monitor odds: 0 | Monitor saida: 0 | ✅ 0 aprovados | 🔍 254 analisados | 📡 295 chamadas API
21:10:00 [INFO]   Proxima: 18:15 — aguardando 60s
21:11:00 [INFO] Fila: 33 aguardando | Cache: 0 bloqueados | Monitor odds: 0 | Monitor saida: 0 | ✅ 0 aprovados | 🔍 254 analisados | 📡 295 chamadas API
21:11:00 [INFO]   Proxima: 18:15 — aguardando 60s
21:12:00 [INFO] Fila: 33 aguardando | Cache: 0 bloqueados | Monitor odds: 0 | Monitor saida: 0 | ✅ 0 aprovados | 🔍 254 analisados | 📡 295 chamadas API
21:12:00 [INFO]   Proxima: 18:15 — aguardando 60s
21:13:00 [INFO] Fila: 33 aguardando | Cache: 0 bloqueados | Monitor odds: 0 | Monitor saida: 0 | ✅ 0 aprovados | 🔍 254 analisados | 📡 295 chamadas API
21:13:00 [INFO]   Proxima: 18:15 — aguardando 60s
21:14:00 [INFO] Fila: 33 aguardando | Cache: 0 bloqueados | Monitor odds: 0 | Monitor saida: 0 | ✅ 0 aprovados | 🔍 254 analisados | 📡 295 chamadas API
21:14:00 [INFO] Buscando lista de jogos do dia...
21:14:00 [WARNING] Nenhum jogo retornado pela API Betfair!
21:14:01 [INFO]   Proxima: 18:15 — aguardando 58s
21:15:00 [INFO] Fila: 33 aguardando | Cache: 0 bloqueados | Monitor odds: 0 | Monitor saida: 0 | ✅ 0 aprovados | 🔍 254 analisados | 📡 296 chamadas API
21:15:00 [INFO]   🔍 Alianza FC Valledupar v Ind Medellin (18:10) | -5 min
21:15:00 [INFO]   ⛔ Sem mercados
21:15:00 [INFO]     Descartado: Alianza FC Valledupar v Ind Medellin — Janela encerrada (+10 min)
21:15:00 [INFO]   Agendador: 1 jogos removidos da fila
21:15:00 [INFO] Fila: 32 aguardando | Cache: 0 bloqueados | Monitor odds: 0 | Monitor saida: 0 | ✅ 0 aprovados | 🔍 255 analisados | 📡 297 chamadas API
21:15:00 [INFO]   Proxima: 18:25 — aguardando 60s
21:16:00 [INFO] Fila: 32 aguardando | Cache: 0 bloqueados | Monitor odds: 0 | Monitor saida: 0 | ✅ 0 aprovados | 🔍 255 analisados | 📡 297 chamadas API
21:16:00 [INFO]   Proxima: 18:25 — aguardando 60s
21:17:00 [INFO] Fila: 32 aguardando | Cache: 0 bloqueados | Monitor odds: 0 | Monitor saida: 0 | ✅ 0 aprovados | 🔍 255 analisados | 📡 297 chamadas API
21:17:00 [INFO]   Proxima: 18:25 — aguardando 60s
21:18:00 [INFO] Fila: 32 aguardando | Cache: 0 bloqueados | Monitor odds: 0 | Monitor saida: 0 | ✅ 0 aprovados | 🔍 255 analisados | 📡 297 chamadas API
21:18:00 [INFO]   Proxima: 18:25 — aguardando 60s
21:19:00 [INFO] Fila: 32 aguardando | Cache: 0 bloqueados | Monitor odds: 0 | Monitor saida: 0 | ✅ 0 aprovados | 🔍 255 analisados | 📡 297 chamadas API
21:19:00 [INFO]   Proxima: 18:25 — aguardando 60s
21:20:00 [INFO] Fila: 32 aguardando | Cache: 0 bloqueados | Monitor odds: 0 | Monitor saida: 0 | ✅ 0 aprovados | 🔍 255 analisados | 📡 297 chamadas API
21:20:00 [INFO]   Proxima: 18:25 — aguardando 60s
21:21:00 [INFO] Fila: 32 aguardando | Cache: 0 bloqueados | Monitor odds: 0 | Monitor saida: 0 | ✅ 0 aprovados | 🔍 255 analisados | 📡 297 chamadas API
21:21:00 [INFO]   Proxima: 18:25 — aguardando 60s
21:22:00 [INFO] Fila: 32 aguardando | Cache: 0 bloqueados | Monitor odds: 0 | Monitor saida: 0 | ✅ 0 aprovados | 🔍 255 analisados | 📡 297 chamadas API
21:22:00 [INFO]   Proxima: 18:25 — aguardando 60s
21:23:00 [INFO] Fila: 32 aguardando | Cache: 0 bloqueados | Monitor odds: 0 | Monitor saida: 0 | ✅ 0 aprovados | 🔍 255 analisados | 📡 297 chamadas API
21:23:00 [INFO]   Proxima: 18:25 — aguardando 60s
21:24:00 [INFO] Fila: 32 aguardando | Cache: 0 bloqueados | Monitor odds: 0 | Monitor saida: 0 | ✅ 0 aprovados | 🔍 255 analisados | 📡 297 chamadas API
21:24:00 [INFO]   Proxima: 18:25 — aguardando 59s
21:25:00 [INFO] Fila: 32 aguardando | Cache: 0 bloqueados | Monitor odds: 0 | Monitor saida: 0 | ✅ 0 aprovados | 🔍 255 analisados | 📡 297 chamadas API
21:25:00 [INFO]   🔍 Figueirense v Botafogo PB (18:30) | +4 min
21:25:00 [INFO]   ⛔ Sem mercados
21:25:00 [INFO]     -> Proxima: 18:30 (intervalo 5 min — 4 min p/ inicio)
21:25:00 [INFO]   🔍 SE Palmeiras v Athletico-PR (18:30) | +4 min
21:25:00 [INFO]   ⛔ Sem mercados
21:25:00 [INFO]     -> Proxima: 18:30 (intervalo 5 min — 4 min p/ inicio)
21:25:00 [INFO]   🔍 Red Bull Bragantino v Remo (18:30) | +4 min
21:25:00 [INFO]   ⛔ Sem mercados
21:25:00 [INFO]     -> Proxima: 18:30 (intervalo 5 min — 4 min p/ inicio)
21:25:00 [INFO] Fila: 32 aguardando | Cache: 0 bloqueados | Monitor odds: 0 | Monitor saida: 0 | ✅ 0 aprovados | 🔍 258 analisados | 📡 300 chamadas API
21:25:00 [INFO]   Proxima: 18:30 — aguardando 60s
21:26:00 [INFO] Fila: 32 aguardando | Cache: 0 bloqueados | Monitor odds: 0 | Monitor saida: 0 | ✅ 0 aprovados | 🔍 258 analisados | 📡 300 chamadas API
21:26:00 [INFO]   Proxima: 18:30 — aguardando 60s
21:27:00 [INFO] Fila: 32 aguardando | Cache: 0 bloqueados | Monitor odds: 0 | Monitor saida: 0 | ✅ 0 aprovados | 🔍 258 analisados | 📡 300 chamadas API
21:27:00 [INFO]   Proxima: 18:30 — aguardando 60s
21:28:00 [INFO] Fila: 32 aguardando | Cache: 0 bloqueados | Monitor odds: 0 | Monitor saida: 0 | ✅ 0 aprovados | 🔍 258 analisados | 📡 300 chamadas API
21:28:00 [INFO]   Proxima: 18:30 — aguardando 60s
21:29:00 [INFO] Fila: 32 aguardando | Cache: 0 bloqueados | Monitor odds: 0 | Monitor saida: 0 | ✅ 0 aprovados | 🔍 258 analisados | 📡 300 chamadas API
21:29:00 [INFO]   Proxima: 18:30 — aguardando 59s
21:30:00 [INFO] Fila: 32 aguardando | Cache: 0 bloqueados | Monitor odds: 0 | Monitor saida: 0 | ✅ 0 aprovados | 🔍 258 analisados | 📡 300 chamadas API
21:30:00 [INFO]   🔍 Figueirense v Botafogo PB (18:30) | +0 min
21:30:00 [INFO]   ⛔ Sem mercados
21:30:00 [INFO]     -> Proxima: 18:35 (intervalo 5 min — 0 min p/ inicio)
21:30:00 [INFO] Fila: 32 aguardando | Cache: 0 bloqueados | Monitor odds: 0 | Monitor saida: 0 | ✅ 0 aprovados | 🔍 259 analisados | 📡 301 chamadas API
21:30:00 [INFO]   Proxima: 18:30 — aguardando 10s
21:30:10 [INFO] Fila: 32 aguardando | Cache: 0 bloqueados | Monitor odds: 0 | Monitor saida: 0 | ✅ 0 aprovados | 🔍 259 analisados | 📡 301 chamadas API
21:30:10 [INFO]   🔍 SE Palmeiras v Athletico-PR (18:30) | +0 min
21:30:10 [INFO]   ⛔ Sem mercados
21:30:10 [INFO]     -> Proxima: 18:35 (intervalo 5 min — 0 min p/ inicio)
21:30:10 [INFO]   🔍 Red Bull Bragantino v Remo (18:30) | +0 min
21:30:11 [INFO]   ⛔ Sem mercados
21:30:11 [INFO]     -> Proxima: 18:35 (intervalo 5 min — 0 min p/ inicio)
21:30:11 [INFO] Fila: 32 aguardando | Cache: 0 bloqueados | Monitor odds: 0 | Monitor saida: 0 | ✅ 0 aprovados | 🔍 261 analisados | 📡 303 chamadas API
21:30:11 [INFO]   Proxima: 18:35 — aguardando 60s
21:31:11 [INFO] Fila: 32 aguardando | Cache: 0 bloqueados | Monitor odds: 0 | Monitor saida: 0 | ✅ 0 aprovados | 🔍 261 analisados | 📡 303 chamadas API
21:31:11 [INFO]   Proxima: 18:35 — aguardando 60s
21:32:11 [INFO] Fila: 32 aguardando | Cache: 0 bloqueados | Monitor odds: 0 | Monitor saida: 0 | ✅ 0 aprovados | 🔍 261 analisados | 📡 303 chamadas API
21:32:11 [INFO]   Proxima: 18:35 — aguardando 60s
21:33:11 [INFO] Fila: 32 aguardando | Cache: 0 bloqueados | Monitor odds: 0 | Monitor saida: 0 | ✅ 0 aprovados | 🔍 261 analisados | 📡 303 chamadas API
21:33:11 [INFO]   Proxima: 18:35 — aguardando 60s
21:34:11 [INFO] Fila: 32 aguardando | Cache: 0 bloqueados | Monitor odds: 0 | Monitor saida: 0 | ✅ 0 aprovados | 🔍 261 analisados | 📡 303 chamadas API
21:34:11 [INFO]   Proxima: 18:35 — aguardando 49s
21:35:00 [INFO] Fila: 32 aguardando | Cache: 0 bloqueados | Monitor odds: 0 | Monitor saida: 0 | ✅ 0 aprovados | 🔍 261 analisados | 📡 303 chamadas API
21:35:00 [INFO]   🔍 Figueirense v Botafogo PB (18:30) | -5 min
21:35:00 [INFO]   ⛔ Sem mercados
21:35:00 [INFO]     Descartado: Figueirense v Botafogo PB — Janela encerrada (+10 min)
21:35:00 [INFO]   Agendador: 1 jogos removidos da fila
21:35:00 [INFO] Fila: 31 aguardando | Cache: 0 bloqueados | Monitor odds: 0 | Monitor saida: 0 | ✅ 0 aprovados | 🔍 262 analisados | 📡 304 chamadas API
21:35:00 [INFO]   Proxima: 18:35 — aguardando 10s
21:35:10 [INFO] Fila: 31 aguardando | Cache: 0 bloqueados | Monitor odds: 0 | Monitor saida: 0 | ✅ 0 aprovados | 🔍 262 analisados | 📡 304 chamadas API
21:35:10 [INFO]   🔍 SE Palmeiras v Athletico-PR (18:30) | -5 min
21:35:11 [INFO]   ⛔ Sem mercados
21:35:11 [INFO]     Descartado: SE Palmeiras v Athletico-PR — Janela encerrada (+10 min)
21:35:11 [INFO]   Agendador: 1 jogos removidos da fila
21:35:11 [INFO] Fila: 30 aguardando | Cache: 0 bloqueados | Monitor odds: 0 | Monitor saida: 0 | ✅ 0 aprovados | 🔍 263 analisados | 📡 305 chamadas API
21:35:11 [INFO]   Proxima: 18:35 — aguardando 10s
21:35:21 [INFO] Fila: 30 aguardando | Cache: 0 bloqueados | Monitor odds: 0 | Monitor saida: 0 | ✅ 0 aprovados | 🔍 263 analisados | 📡 305 chamadas API
21:35:21 [INFO]   🔍 Red Bull Bragantino v Remo (18:30) | -5 min
21:35:21 [INFO]   ⛔ Sem mercados
21:35:21 [INFO]     Descartado: Red Bull Bragantino v Remo — Janela encerrada (+10 min)
21:35:21 [INFO]   Agendador: 1 jogos removidos da fila
21:35:21 [INFO] Fila: 29 aguardando | Cache: 0 bloqueados | Monitor odds: 0 | Monitor saida: 0 | ✅ 0 aprovados | 🔍 264 analisados | 📡 306 chamadas API
21:35:21 [INFO]   Proxima: 18:55 — aguardando 60s
21:36:21 [INFO] Fila: 29 aguardando | Cache: 0 bloqueados | Monitor odds: 0 | Monitor saida: 0 | ✅ 0 aprovados | 🔍 264 analisados | 📡 306 chamadas API
21:36:21 [INFO]   Proxima: 18:55 — aguardando 60s
21:37:21 [INFO] Fila: 29 aguardando | Cache: 0 bloqueados | Monitor odds: 0 | Monitor saida: 0 | ✅ 0 aprovados | 🔍 264 analisados | 📡 306 chamadas API
21:37:21 [INFO]   Proxima: 18:55 — aguardando 60s
21:38:21 [INFO] Fila: 29 aguardando | Cache: 0 bloqueados | Monitor odds: 0 | Monitor saida: 0 | ✅ 0 aprovados | 🔍 264 analisados | 📡 306 chamadas API
21:38:21 [INFO]   Proxima: 18:55 — aguardando 60s
21:39:21 [INFO] Fila: 29 aguardando | Cache: 0 bloqueados | Monitor odds: 0 | Monitor saida: 0 | ✅ 0 aprovados | 🔍 264 analisados | 📡 306 chamadas API
21:39:21 [INFO]   Proxima: 18:55 — aguardando 60s
21:40:21 [INFO] Fila: 29 aguardando | Cache: 0 bloqueados | Monitor odds: 0 | Monitor saida: 0 | ✅ 0 aprovados | 🔍 264 analisados | 📡 306 chamadas API
21:40:21 [INFO]   Proxima: 18:55 — aguardando 60s
21:41:21 [INFO] Fila: 29 aguardando | Cache: 0 bloqueados | Monitor odds: 0 | Monitor saida: 0 | ✅ 0 aprovados | 🔍 264 analisados | 📡 306 chamadas API
21:41:21 [INFO]   Proxima: 18:55 — aguardando 60s
21:42:21 [INFO] Fila: 29 aguardando | Cache: 0 bloqueados | Monitor odds: 0 | Monitor saida: 0 | ✅ 0 aprovados | 🔍 264 analisados | 📡 306 chamadas API
21:42:21 [INFO]   Proxima: 18:55 — aguardando 60s
21:43:21 [INFO] Fila: 29 aguardando | Cache: 0 bloqueados | Monitor odds: 0 | Monitor saida: 0 | ✅ 0 aprovados | 🔍 264 analisados | 📡 306 chamadas API
21:43:21 [INFO]   Proxima: 18:55 — aguardando 60s
21:44:21 [INFO] Fila: 29 aguardando | Cache: 0 bloqueados | Monitor odds: 0 | Monitor saida: 0 | ✅ 0 aprovados | 🔍 264 analisados | 📡 306 chamadas API
21:44:21 [INFO]   Proxima: 18:55 — aguardando 60s
21:45:21 [INFO] Fila: 29 aguardando | Cache: 0 bloqueados | Monitor odds: 0 | Monitor saida: 0 | ✅ 0 aprovados | 🔍 264 analisados | 📡 306 chamadas API
21:45:21 [INFO]   Proxima: 18:55 — aguardando 60s
21:46:21 [INFO] Fila: 29 aguardando | Cache: 0 bloqueados | Monitor odds: 0 | Monitor saida: 0 | ✅ 0 aprovados | 🔍 264 analisados | 📡 306 chamadas API
21:46:21 [INFO]   Proxima: 18:55 — aguardando 60s
21:47:21 [INFO] Fila: 29 aguardando | Cache: 0 bloqueados | Monitor odds: 0 | Monitor saida: 0 | ✅ 0 aprovados | 🔍 264 analisados | 📡 306 chamadas API
21:47:21 [INFO]   Proxima: 18:55 — aguardando 60s
21:48:21 [INFO] Fila: 29 aguardando | Cache: 0 bloqueados | Monitor odds: 0 | Monitor saida: 0 | ✅ 0 aprovados | 🔍 264 analisados | 📡 306 chamadas API
21:48:21 [INFO]   Proxima: 18:55 — aguardando 60s
21:49:21 [INFO] Fila: 29 aguardando | Cache: 0 bloqueados | Monitor odds: 0 | Monitor saida: 0 | ✅ 0 aprovados | 🔍 264 analisados | 📡 306 chamadas API
21:49:21 [INFO]   Proxima: 18:55 — aguardando 60s
21:50:21 [INFO] Fila: 29 aguardando | Cache: 0 bloqueados | Monitor odds: 0 | Monitor saida: 0 | ✅ 0 aprovados | 🔍 264 analisados | 📡 306 chamadas API
21:50:21 [INFO]   Proxima: 18:55 — aguardando 60s
21:51:21 [INFO] Fila: 29 aguardando | Cache: 0 bloqueados | Monitor odds: 0 | Monitor saida: 0 | ✅ 0 aprovados | 🔍 264 analisados | 📡 306 chamadas API
21:51:21 [INFO]   Proxima: 18:55 — aguardando 60s
21:52:21 [INFO] Fila: 29 aguardando | Cache: 0 bloqueados | Monitor odds: 0 | Monitor saida: 0 | ✅ 0 aprovados | 🔍 264 analisados | 📡 306 chamadas API
21:52:21 [INFO]   Proxima: 18:55 — aguardando 60s
21:53:21 [INFO] Fila: 29 aguardando | Cache: 0 bloqueados | Monitor odds: 0 | Monitor saida: 0 | ✅ 0 aprovados | 🔍 264 analisados | 📡 306 chamadas API
21:53:21 [INFO]   Proxima: 18:55 — aguardando 60s
21:54:21 [INFO] Fila: 29 aguardando | Cache: 0 bloqueados | Monitor odds: 0 | Monitor saida: 0 | ✅ 0 aprovados | 🔍 264 analisados | 📡 306 chamadas API
21:54:21 [INFO]   Proxima: 18:55 — aguardando 38s
21:55:00 [INFO] Fila: 29 aguardando | Cache: 0 bloqueados | Monitor odds: 0 | Monitor saida: 0 | ✅ 0 aprovados | 🔍 264 analisados | 📡 306 chamadas API
21:55:00 [INFO]   🔍 San Luis v Deportes Iquique (19:00) | +4 min
21:55:00 [INFO]   ⛔ Sem mercados
21:55:00 [INFO]     -> Proxima: 19:00 (intervalo 5 min — 4 min p/ inicio)
21:55:00 [INFO]   🔍 San Martin de Tucuman v Tristan Suarez (19:00) | +4 min
21:55:00 [INFO]   ⛔ Sem mercados
21:55:00 [INFO]     -> Proxima: 19:00 (intervalo 5 min — 4 min p/ inicio)
21:55:00 [INFO] Fila: 29 aguardando | Cache: 0 bloqueados | Monitor odds: 0 | Monitor saida: 0 | ✅ 0 aprovados | 🔍 266 analisados | 📡 308 chamadas API
21:55:00 [INFO]   Proxima: 19:00 — aguardando 60s
21:56:00 [INFO] Fila: 29 aguardando | Cache: 0 bloqueados | Monitor odds: 0 | Monitor saida: 0 | ✅ 0 aprovados | 🔍 266 analisados | 📡 308 chamadas API
21:56:00 [INFO]   Proxima: 19:00 — aguardando 60s
21:57:00 [INFO] Fila: 29 aguardando | Cache: 0 bloqueados | Monitor odds: 0 | Monitor saida: 0 | ✅ 0 aprovados | 🔍 266 analisados | 📡 308 chamadas API
21:57:00 [INFO]   Proxima: 19:00 — aguardando 60s
21:58:00 [INFO] Fila: 29 aguardando | Cache: 0 bloqueados | Monitor odds: 0 | Monitor saida: 0 | ✅ 0 aprovados | 🔍 266 analisados | 📡 308 chamadas API
21:58:00 [INFO]   Proxima: 19:00 — aguardando 60s
21:59:00 [INFO] Fila: 29 aguardando | Cache: 0 bloqueados | Monitor odds: 0 | Monitor saida: 0 | ✅ 0 aprovados | 🔍 266 analisados | 📡 308 chamadas API
21:59:00 [INFO]   Proxima: 19:00 — aguardando 59s
22:00:00 [INFO] Fila: 29 aguardando | Cache: 0 bloqueados | Monitor odds: 0 | Monitor saida: 0 | ✅ 0 aprovados | 🔍 266 analisados | 📡 308 chamadas API
22:00:00 [INFO]   🔍 San Luis v Deportes Iquique (19:00) | +0 min
22:00:00 [INFO]   ⛔ Sem mercados
22:00:00 [INFO]     -> Proxima: 19:05 (intervalo 5 min — 0 min p/ inicio)
22:00:00 [INFO] Fila: 29 aguardando | Cache: 0 bloqueados | Monitor odds: 0 | Monitor saida: 0 | ✅ 0 aprovados | 🔍 267 analisados | 📡 309 chamadas API
22:00:00 [INFO]   🔍 San Martin de Tucuman v Tristan Suarez (19:00) | +0 min
22:00:00 [INFO]   ⛔ Sem mercados
22:00:00 [INFO]     -> Proxima: 19:05 (intervalo 5 min — 0 min p/ inicio)
22:00:00 [INFO] Fila: 29 aguardando | Cache: 0 bloqueados | Monitor odds: 0 | Monitor saida: 0 | ✅ 0 aprovados | 🔍 268 analisados | 📡 310 chamadas API
22:00:00 [INFO]   Proxima: 19:05 — aguardando 60s
22:01:00 [INFO] Fila: 29 aguardando | Cache: 0 bloqueados | Monitor odds: 0 | Monitor saida: 0 | ✅ 0 aprovados | 🔍 268 analisados | 📡 310 chamadas API
22:01:00 [INFO]   Proxima: 19:05 — aguardando 60s
22:02:00 [INFO] Fila: 29 aguardando | Cache: 0 bloqueados | Monitor odds: 0 | Monitor saida: 0 | ✅ 0 aprovados | 🔍 268 analisados | 📡 310 chamadas API
22:02:00 [INFO]   Proxima: 19:05 — aguardando 60s
22:03:00 [INFO] Fila: 29 aguardando | Cache: 0 bloqueados | Monitor odds: 0 | Monitor saida: 0 | ✅ 0 aprovados | 🔍 268 analisados | 📡 310 chamadas API
22:03:00 [INFO]   Proxima: 19:05 — aguardando 60s
22:04:00 [INFO] Fila: 29 aguardando | Cache: 0 bloqueados | Monitor odds: 0 | Monitor saida: 0 | ✅ 0 aprovados | 🔍 268 analisados | 📡 310 chamadas API
22:04:00 [INFO]   Proxima: 19:05 — aguardando 59s
22:05:00 [INFO] Fila: 29 aguardando | Cache: 0 bloqueados | Monitor odds: 0 | Monitor saida: 0 | ✅ 0 aprovados | 🔍 268 analisados | 📡 310 chamadas API
22:05:00 [INFO]   🔍 San Luis v Deportes Iquique (19:00) | -5 min
22:05:00 [INFO]   ⛔ Sem mercados
22:05:00 [INFO]     Descartado: San Luis v Deportes Iquique — Janela encerrada (+10 min)
22:05:00 [INFO]   Agendador: 1 jogos removidos da fila
22:05:00 [INFO] Fila: 28 aguardando | Cache: 0 bloqueados | Monitor odds: 0 | Monitor saida: 0 | ✅ 0 aprovados | 🔍 269 analisados | 📡 311 chamadas API
22:05:00 [INFO]   Proxima: 19:05 — aguardando 10s
22:05:10 [INFO] Fila: 28 aguardando | Cache: 0 bloqueados | Monitor odds: 0 | Monitor saida: 0 | ✅ 0 aprovados | 🔍 269 analisados | 📡 311 chamadas API
22:05:10 [INFO]   🔍 San Martin de Tucuman v Tristan Suarez (19:00) | -5 min
22:05:11 [INFO]   ⛔ Sem mercados
22:05:11 [INFO]     Descartado: San Martin de Tucuman v Tristan Suarez — Janela encerrada (+10 min)
22:05:11 [INFO]   Agendador: 1 jogos removidos da fila
22:05:11 [INFO] Fila: 27 aguardando | Cache: 0 bloqueados | Monitor odds: 0 | Monitor saida: 0 | ✅ 0 aprovados | 🔍 270 analisados | 📡 312 chamadas API
22:05:11 [INFO]   Proxima: 19:10 — aguardando 60s
22:06:11 [INFO] Fila: 27 aguardando | Cache: 0 bloqueados | Monitor odds: 0 | Monitor saida: 0 | ✅ 0 aprovados | 🔍 270 analisados | 📡 312 chamadas API
22:06:11 [INFO]   Proxima: 19:10 — aguardando 60s
22:07:11 [INFO] Fila: 27 aguardando | Cache: 0 bloqueados | Monitor odds: 0 | Monitor saida: 0 | ✅ 0 aprovados | 🔍 270 analisados | 📡 312 chamadas API
22:07:11 [INFO]   Proxima: 19:10 — aguardando 60s
22:08:11 [INFO] Fila: 27 aguardando | Cache: 0 bloqueados | Monitor odds: 0 | Monitor saida: 0 | ✅ 0 aprovados | 🔍 270 analisados | 📡 312 chamadas API
22:08:11 [INFO]   Proxima: 19:10 — aguardando 60s
22:09:11 [INFO] Fila: 27 aguardando | Cache: 0 bloqueados | Monitor odds: 0 | Monitor saida: 0 | ✅ 0 aprovados | 🔍 270 analisados | 📡 312 chamadas API
22:09:11 [INFO]   Proxima: 19:10 — aguardando 48s
22:10:00 [INFO] Fila: 27 aguardando | Cache: 0 bloqueados | Monitor odds: 0 | Monitor saida: 0 | ✅ 0 aprovados | 🔍 270 analisados | 📡 312 chamadas API
22:10:00 [INFO]   🔍 Melgar v Universitario de Deportes (19:15) | +4 min
22:10:00 [INFO]   ⛔ Sem mercados
22:10:00 [INFO]     -> Proxima: 19:15 (intervalo 5 min — 4 min p/ inicio)
22:10:00 [INFO] Fila: 27 aguardando | Cache: 0 bloqueados | Monitor odds: 0 | Monitor saida: 0 | ✅ 0 aprovados | 🔍 271 analisados | 📡 313 chamadas API
22:10:00 [INFO]   Proxima: 19:15 — aguardando 60s
22:11:00 [INFO] Fila: 27 aguardando | Cache: 0 bloqueados | Monitor odds: 0 | Monitor saida: 0 | ✅ 0 aprovados | 🔍 271 analisados | 📡 313 chamadas API
22:11:00 [INFO]   Proxima: 19:15 — aguardando 60s
22:12:00 [INFO] Fila: 27 aguardando | Cache: 0 bloqueados | Monitor odds: 0 | Monitor saida: 0 | ✅ 0 aprovados | 🔍 271 analisados | 📡 313 chamadas API
22:12:00 [INFO]   Proxima: 19:15 — aguardando 60s
22:13:00 [INFO] Fila: 27 aguardando | Cache: 0 bloqueados | Monitor odds: 0 | Monitor saida: 0 | ✅ 0 aprovados | 🔍 271 analisados | 📡 313 chamadas API
22:13:00 [INFO]   Proxima: 19:15 — aguardando 60s
22:14:00 [INFO] Fila: 27 aguardando | Cache: 0 bloqueados | Monitor odds: 0 | Monitor saida: 0 | ✅ 0 aprovados | 🔍 271 analisados | 📡 313 chamadas API
22:14:00 [INFO]   Proxima: 19:15 — aguardando 59s
22:15:00 [INFO] Fila: 27 aguardando | Cache: 0 bloqueados | Monitor odds: 0 | Monitor saida: 0 | ✅ 0 aprovados | 🔍 271 analisados | 📡 313 chamadas API
22:15:00 [INFO] Buscando lista de jogos do dia...
22:15:02 [INFO] Jogos agendados: 0 novos | Total ativo: 27
22:15:02 [INFO]   🔍 Melgar v Universitario de Deportes (19:15) | +0 min
22:15:02 [INFO]   ⛔ Favorito fora faixa: 2.68
22:15:02 [INFO]     -> Proxima: 19:20 (intervalo 5 min — 0 min p/ inicio)
22:15:02 [INFO] Fila: 27 aguardando | Cache: 0 bloqueados | Monitor odds: 0 | Monitor saida: 0 | ✅ 0 aprovados | 🔍 272 analisados | 📡 316 chamadas API
22:15:02 [INFO]   Proxima: 19:20 — aguardando 60s
22:16:02 [INFO] Fila: 27 aguardando | Cache: 0 bloqueados | Monitor odds: 0 | Monitor saida: 0 | ✅ 0 aprovados | 🔍 272 analisados | 📡 316 chamadas API
22:16:02 [INFO]   Proxima: 19:20 — aguardando 60s
22:17:02 [INFO] Fila: 27 aguardando | Cache: 0 bloqueados | Monitor odds: 0 | Monitor saida: 0 | ✅ 0 aprovados | 🔍 272 analisados | 📡 316 chamadas API
22:17:02 [INFO]   Proxima: 19:20 — aguardando 60s
22:18:02 [INFO] Fila: 27 aguardando | Cache: 0 bloqueados | Monitor odds: 0 | Monitor saida: 0 | ✅ 0 aprovados | 🔍 272 analisados | 📡 316 chamadas API
22:18:02 [INFO]   Proxima: 19:20 — aguardando 60s
22:19:02 [INFO] Fila: 27 aguardando | Cache: 0 bloqueados | Monitor odds: 0 | Monitor saida: 0 | ✅ 0 aprovados | 🔍 272 analisados | 📡 316 chamadas API
22:19:02 [INFO]   Proxima: 19:20 — aguardando 59s
22:20:02 [INFO] Fila: 27 aguardando | Cache: 0 bloqueados | Monitor odds: 0 | Monitor saida: 0 | ✅ 0 aprovados | 🔍 272 analisados | 📡 316 chamadas API
22:20:02 [INFO]   🔍 Melgar v Universitario de Deportes (19:15) | -5 min
22:20:03 [INFO]   ⛔ Liquidez CS insuficiente: £0 disp. (historico £1633, min £150)
22:20:03 [INFO]     Descartado: Melgar v Universitario de Deportes — Janela encerrada (+10 min)
22:20:03 [INFO]   Agendador: 1 jogos removidos da fila
22:20:03 [INFO] Fila: 26 aguardando | Cache: 0 bloqueados | Monitor odds: 0 | Monitor saida: 0 | ✅ 0 aprovados | 🔍 273 analisados | 📡 319 chamadas API
22:20:03 [INFO]   Proxima: 19:25 — aguardando 60s
22:21:03 [INFO] Fila: 26 aguardando | Cache: 0 bloqueados | Monitor odds: 0 | Monitor saida: 0 | ✅ 0 aprovados | 🔍 273 analisados | 📡 319 chamadas API
22:21:03 [INFO]   Proxima: 19:25 — aguardando 60s
22:22:03 [INFO] Fila: 26 aguardando | Cache: 0 bloqueados | Monitor odds: 0 | Monitor saida: 0 | ✅ 0 aprovados | 🔍 273 analisados | 📡 319 chamadas API
22:22:03 [INFO]   Proxima: 19:25 — aguardando 60s
22:23:03 [INFO] Fila: 26 aguardando | Cache: 0 bloqueados | Monitor odds: 0 | Monitor saida: 0 | ✅ 0 aprovados | 🔍 273 analisados | 📡 319 chamadas API
22:23:03 [INFO]   Proxima: 19:25 — aguardando 60s
22:24:03 [INFO] Fila: 26 aguardando | Cache: 0 bloqueados | Monitor odds: 0 | Monitor saida: 0 | ✅ 0 aprovados | 🔍 273 analisados | 📡 319 chamadas API
22:24:03 [INFO]   Proxima: 19:25 — aguardando 56s
22:25:00 [INFO] Fila: 26 aguardando | Cache: 0 bloqueados | Monitor odds: 0 | Monitor saida: 0 | ✅ 0 aprovados | 🔍 273 analisados | 📡 319 chamadas API
22:25:00 [INFO]   🔍 Flamengo v Bahia (19:30) | +4 min
22:25:00 [INFO]   ⛔ Odd 0-1 fora faixa: 28.0
22:25:00 [INFO]     -> Proxima: 19:30 (intervalo 5 min — 4 min p/ inicio)
22:25:00 [INFO]   🔍 Liverpool Montevideo v Nacional (Uru) (19:30) | +4 min
22:25:01 [INFO]   ⛔ Favorito fora faixa: 2.54
22:25:01 [INFO]     -> Proxima: 19:30 (intervalo 5 min — 4 min p/ inicio)
22:25:01 [INFO]   🔍 Club Atletico Racing de  v Defensores de Belgrano (19:30) | +4 min
22:25:01 [INFO]   ⛔ Favorito fora faixa: 2.48
22:25:01 [INFO]     -> Proxima: 19:30 (intervalo 5 min — 4 min p/ inicio)
22:25:01 [INFO]   🔍 Colo Colo v Palestino (19:30) | +4 min
22:25:02 [INFO]   ⛔ Over 1.5 fora faixa: 1.37
22:25:02 [INFO]     -> Proxima: 19:30 (intervalo 5 min — 4 min p/ inicio)
22:25:02 [INFO] Fila: 26 aguardando | Cache: 0 bloqueados | Monitor odds: 0 | Monitor saida: 0 | ✅ 0 aprovados | 🔍 277 analisados | 📡 329 chamadas API
22:25:02 [INFO]   Proxima: 19:30 — aguardando 60s
22:26:02 [INFO] Fila: 26 aguardando | Cache: 0 bloqueados | Monitor odds: 0 | Monitor saida: 0 | ✅ 0 aprovados | 🔍 277 analisados | 📡 329 chamadas API
22:26:02 [INFO]   Proxima: 19:30 — aguardando 60s
22:27:02 [INFO] Fila: 26 aguardando | Cache: 0 bloqueados | Monitor odds: 0 | Monitor saida: 0 | ✅ 0 aprovados | 🔍 277 analisados | 📡 329 chamadas API
22:27:02 [INFO]   Proxima: 19:30 — aguardando 60s
22:28:02 [INFO] Fila: 26 aguardando | Cache: 0 bloqueados | Monitor odds: 0 | Monitor saida: 0 | ✅ 0 aprovados | 🔍 277 analisados | 📡 329 chamadas API
22:28:02 [INFO]   Proxima: 19:30 — aguardando 60s
22:29:02 [INFO] Fila: 26 aguardando | Cache: 0 bloqueados | Monitor odds: 0 | Monitor saida: 0 | ✅ 0 aprovados | 🔍 277 analisados | 📡 329 chamadas API
22:29:02 [INFO]   Proxima: 19:30 — aguardando 58s
22:30:00 [INFO] Fila: 26 aguardando | Cache: 0 bloqueados | Monitor odds: 0 | Monitor saida: 0 | ✅ 0 aprovados | 🔍 277 analisados | 📡 329 chamadas API
22:30:00 [INFO]   🔍 Flamengo v Bahia (19:30) | +0 min
22:30:01 [INFO]   ⛔ Odd 0-1 fora faixa: 29.0
22:30:01 [INFO]     -> Proxima: 19:35 (intervalo 5 min — 0 min p/ inicio)
22:30:01 [INFO] Fila: 26 aguardando | Cache: 0 bloqueados | Monitor odds: 0 | Monitor saida: 0 | ✅ 0 aprovados | 🔍 278 analisados | 📡 332 chamadas API
22:30:01 [INFO]   🔍 Liverpool Montevideo v Nacional (Uru) (19:30) | +0 min
22:30:02 [INFO]   ⛔ Favorito fora faixa: 2.52
22:30:02 [INFO]     -> Proxima: 19:35 (intervalo 5 min — 0 min p/ inicio)
22:30:02 [INFO] Fila: 26 aguardando | Cache: 0 bloqueados | Monitor odds: 0 | Monitor saida: 0 | ✅ 0 aprovados | 🔍 279 analisados | 📡 334 chamadas API
22:30:02 [INFO]   🔍 Club Atletico Racing de  v Defensores de Belgrano (19:30) | +0 min
22:30:02 [INFO]   ⛔ Favorito fora faixa: 2.44
22:30:02 [INFO]     -> Proxima: 19:35 (intervalo 5 min — 0 min p/ inicio)
22:30:02 [INFO] Fila: 26 aguardando | Cache: 0 bloqueados | Monitor odds: 0 | Monitor saida: 0 | ✅ 0 aprovados | 🔍 280 analisados | 📡 336 chamadas API
22:30:02 [INFO]   Proxima: 19:30 — aguardando 10s
22:30:12 [INFO] Fila: 26 aguardando | Cache: 0 bloqueados | Monitor odds: 0 | Monitor saida: 0 | ✅ 0 aprovados | 🔍 280 analisados | 📡 336 chamadas API
22:30:12 [INFO]   🔍 Colo Colo v Palestino (19:30) | +0 min
22:30:13 [INFO]   ⛔ Over 1.5 fora faixa: 1.37
22:30:13 [INFO]     -> Proxima: 19:35 (intervalo 5 min — 0 min p/ inicio)
22:30:13 [INFO] Fila: 26 aguardando | Cache: 0 bloqueados | Monitor odds: 0 | Monitor saida: 0 | ✅ 0 aprovados | 🔍 281 analisados | 📡 339 chamadas API
22:30:13 [INFO]   Proxima: 19:35 — aguardando 60s
22:31:13 [INFO] Fila: 26 aguardando | Cache: 0 bloqueados | Monitor odds: 0 | Monitor saida: 0 | ✅ 0 aprovados | 🔍 281 analisados | 📡 339 chamadas API
22:31:13 [INFO]   Proxima: 19:35 — aguardando 60s
22:32:13 [INFO] Fila: 26 aguardando | Cache: 0 bloqueados | Monitor odds: 0 | Monitor saida: 0 | ✅ 0 aprovados | 🔍 281 analisados | 📡 339 chamadas API
22:32:13 [INFO]   Proxima: 19:35 — aguardando 60s
22:33:13 [INFO] Fila: 26 aguardando | Cache: 0 bloqueados | Monitor odds: 0 | Monitor saida: 0 | ✅ 0 aprovados | 🔍 281 analisados | 📡 339 chamadas API
22:33:13 [INFO]   Proxima: 19:35 — aguardando 60s
22:34:13 [INFO] Fila: 26 aguardando | Cache: 0 bloqueados | Monitor odds: 0 | Monitor saida: 0 | ✅ 0 aprovados | 🔍 281 analisados | 📡 339 chamadas API
22:34:13 [INFO]   Proxima: 19:35 — aguardando 48s
22:35:01 [INFO] Fila: 26 aguardando | Cache: 0 bloqueados | Monitor odds: 0 | Monitor saida: 0 | ✅ 0 aprovados | 🔍 281 analisados | 📡 339 chamadas API
22:35:01 [INFO]   🔍 Flamengo v Bahia (19:30) | -5 min
22:35:02 [INFO]   ⛔ Odd 0-1 fora faixa: 30.0
22:35:02 [INFO]     Descartado: Flamengo v Bahia — Janela encerrada (+10 min)
22:35:02 [INFO]   Agendador: 1 jogos removidos da fila
22:35:02 [INFO] Fila: 25 aguardando | Cache: 0 bloqueados | Monitor odds: 0 | Monitor saida: 0 | ✅ 0 aprovados | 🔍 282 analisados | 📡 342 chamadas API
22:35:02 [INFO]   🔍 Liverpool Montevideo v Nacional (Uru) (19:30) | -5 min
22:35:02 [INFO]   ⛔ Liquidez CS insuficiente: £0 disp. (historico £6385, min £150)
22:35:02 [INFO]     Descartado: Liverpool Montevideo v Nacional (Uru) — Janela encerrada (+10 min)
22:35:02 [INFO]   Agendador: 1 jogos removidos da fila
22:35:02 [INFO] Fila: 24 aguardando | Cache: 0 bloqueados | Monitor odds: 0 | Monitor saida: 0 | ✅ 0 aprovados | 🔍 283 analisados | 📡 345 chamadas API
22:35:02 [INFO]   🔍 Club Atletico Racing de  v Defensores de Belgrano (19:30) | -5 min
22:35:03 [INFO]   ⛔ Favorito fora faixa: 2.4
22:35:03 [INFO]     Descartado: Club Atletico Racing de  v Defensores de Belgrano — Janela encerrada (+10 min)
22:35:03 [INFO]   Agendador: 1 jogos removidos da fila
22:35:03 [INFO] Fila: 23 aguardando | Cache: 0 bloqueados | Monitor odds: 0 | Monitor saida: 0 | ✅ 0 aprovados | 🔍 284 analisados | 📡 347 chamadas API
22:35:03 [INFO]   Proxima: 19:35 — aguardando 10s
22:35:13 [INFO] Fila: 23 aguardando | Cache: 0 bloqueados | Monitor odds: 0 | Monitor saida: 0 | ✅ 0 aprovados | 🔍 284 analisados | 📡 347 chamadas API
22:35:13 [INFO]   🔍 Colo Colo v Palestino (19:30) | -5 min
22:35:14 [INFO]   ⛔ Liquidez CS insuficiente: £0 disp. (historico £5512, min £150)
22:35:14 [INFO]     Descartado: Colo Colo v Palestino — Janela encerrada (+10 min)
22:35:14 [INFO]   Agendador: 1 jogos removidos da fila
22:35:14 [INFO] Fila: 22 aguardando | Cache: 0 bloqueados | Monitor odds: 0 | Monitor saida: 0 | ✅ 0 aprovados | 🔍 285 analisados | 📡 350 chamadas API
22:35:14 [INFO]   Proxima: 19:55 — aguardando 60s
22:36:14 [INFO] Fila: 22 aguardando | Cache: 0 bloqueados | Monitor odds: 0 | Monitor saida: 0 | ✅ 0 aprovados | 🔍 285 analisados | 📡 350 chamadas API
22:36:14 [INFO]   Proxima: 19:55 — aguardando 60s
22:37:14 [INFO] Fila: 22 aguardando | Cache: 0 bloqueados | Monitor odds: 0 | Monitor saida: 0 | ✅ 0 aprovados | 🔍 285 analisados | 📡 350 chamadas API
22:37:14 [INFO]   Proxima: 19:55 — aguardando 60s
22:38:14 [INFO] Fila: 22 aguardando | Cache: 0 bloqueados | Monitor odds: 0 | Monitor saida: 0 | ✅ 0 aprovados | 🔍 285 analisados | 📡 350 chamadas API
22:38:14 [INFO]   Proxima: 19:55 — aguardando 60s
22:39:14 [INFO] Fila: 22 aguardando | Cache: 0 bloqueados | Monitor odds: 0 | Monitor saida: 0 | ✅ 0 aprovados | 🔍 285 analisados | 📡 350 chamadas API
22:39:14 [INFO]   Proxima: 19:55 — aguardando 60s
22:40:14 [INFO] Fila: 22 aguardando | Cache: 0 bloqueados | Monitor odds: 0 | Monitor saida: 0 | ✅ 0 aprovados | 🔍 285 analisados | 📡 350 chamadas API
22:40:14 [INFO]   Proxima: 19:55 — aguardando 60s
22:41:14 [INFO] Fila: 22 aguardando | Cache: 0 bloqueados | Monitor odds: 0 | Monitor saida: 0 | ✅ 0 aprovados | 🔍 285 analisados | 📡 350 chamadas API
22:41:14 [INFO]   Proxima: 19:55 — aguardando 60s
22:42:14 [INFO] Fila: 22 aguardando | Cache: 0 bloqueados | Monitor odds: 0 | Monitor saida: 0 | ✅ 0 aprovados | 🔍 285 analisados | 📡 350 chamadas API
22:42:14 [INFO]   Proxima: 19:55 — aguardando 60s
22:43:14 [INFO] Fila: 22 aguardando | Cache: 0 bloqueados | Monitor odds: 0 | Monitor saida: 0 | ✅ 0 aprovados | 🔍 285 analisados | 📡 350 chamadas API
22:43:14 [INFO]   Proxima: 19:55 — aguardando 60s
22:44:14 [INFO] Fila: 22 aguardando | Cache: 0 bloqueados | Monitor odds: 0 | Monitor saida: 0 | ✅ 0 aprovados | 🔍 285 analisados | 📡 350 chamadas API
22:44:14 [INFO]   Proxima: 19:55 — aguardando 60s
22:45:14 [INFO] Fila: 22 aguardando | Cache: 0 bloqueados | Monitor odds: 0 | Monitor saida: 0 | ✅ 0 aprovados | 🔍 285 analisados | 📡 350 chamadas API
22:45:14 [INFO]   Proxima: 19:55 — aguardando 60s
22:46:14 [INFO] Fila: 22 aguardando | Cache: 0 bloqueados | Monitor odds: 0 | Monitor saida: 0 | ✅ 0 aprovados | 🔍 285 analisados | 📡 350 chamadas API
22:46:14 [INFO]   Proxima: 19:55 — aguardando 60s
22:47:14 [INFO] Fila: 22 aguardando | Cache: 0 bloqueados | Monitor odds: 0 | Monitor saida: 0 | ✅ 0 aprovados | 🔍 285 analisados | 📡 350 chamadas API
22:47:14 [INFO]   Proxima: 19:55 — aguardando 60s
22:48:14 [INFO] Fila: 22 aguardando | Cache: 0 bloqueados | Monitor odds: 0 | Monitor saida: 0 | ✅ 0 aprovados | 🔍 285 analisados | 📡 350 chamadas API
22:48:14 [INFO]   Proxima: 19:55 — aguardando 60s
22:49:14 [INFO] Fila: 22 aguardando | Cache: 0 bloqueados | Monitor odds: 0 | Monitor saida: 0 | ✅ 0 aprovados | 🔍 285 analisados | 📡 350 chamadas API
22:49:14 [INFO]   Proxima: 19:55 — aguardando 60s
22:50:14 [INFO] Fila: 22 aguardando | Cache: 0 bloqueados | Monitor odds: 0 | Monitor saida: 0 | ✅ 0 aprovados | 🔍 285 analisados | 📡 350 chamadas API
22:50:14 [INFO]   Proxima: 19:55 — aguardando 60s
22:51:14 [INFO] Fila: 22 aguardando | Cache: 0 bloqueados | Monitor odds: 0 | Monitor saida: 0 | ✅ 0 aprovados | 🔍 285 analisados | 📡 350 chamadas API
22:51:14 [INFO]   Proxima: 19:55 — aguardando 60s
22:52:14 [INFO] Fila: 22 aguardando | Cache: 0 bloqueados | Monitor odds: 0 | Monitor saida: 0 | ✅ 0 aprovados | 🔍 285 analisados | 📡 350 chamadas API
22:52:14 [INFO]   Proxima: 19:55 — aguardando 60s
22:53:14 [INFO] Fila: 22 aguardando | Cache: 0 bloqueados | Monitor odds: 0 | Monitor saida: 0 | ✅ 0 aprovados | 🔍 285 analisados | 📡 350 chamadas API
22:53:14 [INFO]   Proxima: 19:55 — aguardando 60s
22:54:14 [INFO] Fila: 22 aguardando | Cache: 0 bloqueados | Monitor odds: 0 | Monitor saida: 0 | ✅ 0 aprovados | 🔍 285 analisados | 📡 350 chamadas API
22:54:14 [INFO]   Proxima: 19:55 — aguardando 45s
22:55:00 [INFO] Fila: 22 aguardando | Cache: 0 bloqueados | Monitor odds: 0 | Monitor saida: 0 | ✅ 0 aprovados | 🔍 285 analisados | 📡 350 chamadas API
22:55:00 [INFO]   🔍 LD Alajuelense v Deportivo Saprissa (20:00) | +4 min
22:55:00 [INFO]   ⛔ Sem mercados
22:55:00 [INFO]     -> Proxima: 20:00 (intervalo 5 min — 4 min p/ inicio)
22:55:00 [INFO]   🔍 Fortaleza EC v Criciuma (20:00) | +4 min
22:55:00 [INFO]   ⛔ Sem mercados
22:55:00 [INFO]     -> Proxima: 20:00 (intervalo 5 min — 4 min p/ inicio)
22:55:00 [INFO]   🔍 Novorizontino v Athletic Club (20:00) | +4 min
22:55:00 [INFO]   ⛔ Sem mercados
22:55:00 [INFO]     -> Proxima: 20:00 (intervalo 5 min — 4 min p/ inicio)
22:55:00 [INFO]   🔍 Club Gimnasia y Tiro v CA Guemes (20:00) | +4 min
22:55:01 [INFO]   ⛔ Sem mercados
22:55:01 [INFO]     -> Proxima: 20:00 (intervalo 5 min — 4 min p/ inicio)
22:55:01 [INFO]   🔍 CD Fas v CD Cacahuatique (20:00) | +4 min
22:55:01 [INFO]   ⛔ Sem mercados
22:55:01 [INFO]     -> Proxima: 20:00 (intervalo 5 min — 4 min p/ inicio)
22:55:01 [INFO]   🔍 Universidad de Venezuela v Deportivo Tachira (20:00) | +4 min
22:55:01 [INFO]   ⛔ Sem mercados
22:55:01 [INFO]     -> Proxima: 20:00 (intervalo 5 min — 4 min p/ inicio)
22:55:01 [INFO]   🔍 Santos Laguna v Atlas (20:00) | +4 min
22:55:01 [INFO]   ⛔ Sem mercados
22:55:01 [INFO]     -> Proxima: 20:00 (intervalo 5 min — 4 min p/ inicio)
22:55:01 [INFO]   🔍 Los Angeles FC v San Jose Earthquakes (20:00) | +4 min
22:55:02 [INFO]   ⛔ Sem mercados
22:55:02 [INFO]     -> Proxima: 20:00 (intervalo 5 min — 4 min p/ inicio)
22:55:02 [INFO]   🔍 Club Jaiba Brava v Club Atletico Morelia (20:00) | +4 min
22:55:02 [INFO]   ⛔ Sem mercados
22:55:02 [INFO]     -> Proxima: 20:00 (intervalo 5 min — 4 min p/ inicio)
22:55:02 [INFO]   🔍 Deportivo Mictlan v Xelaju (20:00) | +4 min
22:55:02 [INFO]   ⛔ Sem mercados
22:55:02 [INFO]     -> Proxima: 20:00 (intervalo 5 min — 4 min p/ inicio)
22:55:02 [INFO] Fila: 22 aguardando | Cache: 0 bloqueados | Monitor odds: 0 | Monitor saida: 0 | ✅ 0 aprovados | 🔍 295 analisados | 📡 360 chamadas API
22:55:02 [INFO]   Proxima: 20:00 — aguardando 60s
22:56:02 [INFO] Fila: 22 aguardando | Cache: 0 bloqueados | Monitor odds: 0 | Monitor saida: 0 | ✅ 0 aprovados | 🔍 295 analisados | 📡 360 chamadas API
22:56:02 [INFO]   Proxima: 20:00 — aguardando 60s
22:57:02 [INFO] Fila: 22 aguardando | Cache: 0 bloqueados | Monitor odds: 0 | Monitor saida: 0 | ✅ 0 aprovados | 🔍 295 analisados | 📡 360 chamadas API
22:57:02 [INFO]   Proxima: 20:00 — aguardando 60s
22:58:02 [INFO] Fila: 22 aguardando | Cache: 0 bloqueados | Monitor odds: 0 | Monitor saida: 0 | ✅ 0 aprovados | 🔍 295 analisados | 📡 360 chamadas API
22:58:02 [INFO]   Proxima: 20:00 — aguardando 60s
22:59:02 [INFO] Fila: 22 aguardando | Cache: 0 bloqueados | Monitor odds: 0 | Monitor saida: 0 | ✅ 0 aprovados | 🔍 295 analisados | 📡 360 chamadas API
22:59:02 [INFO]   Proxima: 20:00 — aguardando 57s
23:00:00 [INFO] Fila: 22 aguardando | Cache: 0 bloqueados | Monitor odds: 0 | Monitor saida: 0 | ✅ 0 aprovados | 🔍 295 analisados | 📡 360 chamadas API
23:00:00 [INFO]   🔍 LD Alajuelense v Deportivo Saprissa (20:00) | +0 min
23:00:00 [INFO]   ⛔ Sem mercados
23:00:00 [INFO]     -> Proxima: 20:05 (intervalo 5 min — 0 min p/ inicio)
23:00:00 [INFO] Fila: 22 aguardando | Cache: 0 bloqueados | Monitor odds: 0 | Monitor saida: 0 | ✅ 0 aprovados | 🔍 296 analisados | 📡 361 chamadas API
23:00:00 [INFO]   Proxima: 20:00 — aguardando 10s
23:00:10 [INFO] Fila: 22 aguardando | Cache: 0 bloqueados | Monitor odds: 0 | Monitor saida: 0 | ✅ 0 aprovados | 🔍 296 analisados | 📡 361 chamadas API
23:00:10 [INFO]   🔍 Fortaleza EC v Criciuma (20:00) | +0 min
23:00:10 [INFO]   ⛔ Sem mercados
23:00:10 [INFO]     -> Proxima: 20:05 (intervalo 5 min — 0 min p/ inicio)
23:00:10 [INFO]   🔍 Novorizontino v Athletic Club (20:00) | +0 min
23:00:11 [INFO]   ⛔ Sem mercados
23:00:11 [INFO]     -> Proxima: 20:05 (intervalo 5 min — 0 min p/ inicio)
23:00:11 [INFO]   🔍 Club Gimnasia y Tiro v CA Guemes (20:00) | +0 min
23:00:11 [INFO]   ⛔ Sem mercados
23:00:11 [INFO]     -> Proxima: 20:05 (intervalo 5 min — 0 min p/ inicio)
23:00:11 [INFO]   🔍 CD Fas v CD Cacahuatique (20:00) | +0 min
23:00:11 [INFO]   ⛔ Sem mercados
23:00:11 [INFO]     -> Proxima: 20:05 (intervalo 5 min — 0 min p/ inicio)
23:00:11 [INFO]   🔍 Universidad de Venezuela v Deportivo Tachira (20:00) | +0 min
23:00:11 [INFO]   ⛔ Sem mercados
23:00:11 [INFO]     -> Proxima: 20:05 (intervalo 5 min — 0 min p/ inicio)
23:00:11 [INFO]   🔍 Santos Laguna v Atlas (20:00) | +0 min
23:00:12 [INFO]   ⛔ Sem mercados
23:00:12 [INFO]     -> Proxima: 20:05 (intervalo 5 min — 0 min p/ inicio)
23:00:12 [INFO]   🔍 Los Angeles FC v San Jose Earthquakes (20:00) | +0 min
23:00:12 [INFO]   ⛔ Sem mercados
23:00:12 [INFO]     -> Proxima: 20:05 (intervalo 5 min — 0 min p/ inicio)
23:00:12 [INFO]   🔍 Club Jaiba Brava v Club Atletico Morelia (20:00) | +0 min
23:00:12 [INFO]   ⛔ Sem mercados
23:00:12 [INFO]     -> Proxima: 20:05 (intervalo 5 min — 0 min p/ inicio)
23:00:12 [INFO]   🔍 Deportivo Mictlan v Xelaju (20:00) | +0 min
23:00:12 [INFO]   ⛔ Sem mercados
23:00:12 [INFO]     -> Proxima: 20:05 (intervalo 5 min — 0 min p/ inicio)
23:00:12 [INFO] Fila: 22 aguardando | Cache: 0 bloqueados | Monitor odds: 0 | Monitor saida: 0 | ✅ 0 aprovados | 🔍 305 analisados | 📡 370 chamadas API
23:00:12 [INFO]   Proxima: 20:05 — aguardando 60s
23:01:12 [INFO] Fila: 22 aguardando | Cache: 0 bloqueados | Monitor odds: 0 | Monitor saida: 0 | ✅ 0 aprovados | 🔍 305 analisados | 📡 370 chamadas API
23:01:12 [INFO]   Proxima: 20:05 — aguardando 60s
23:02:12 [INFO] Fila: 22 aguardando | Cache: 0 bloqueados | Monitor odds: 0 | Monitor saida: 0 | ✅ 0 aprovados | 🔍 305 analisados | 📡 370 chamadas API
23:02:12 [INFO]   Proxima: 20:05 — aguardando 60s
23:03:12 [INFO] Fila: 22 aguardando | Cache: 0 bloqueados | Monitor odds: 0 | Monitor saida: 0 | ✅ 0 aprovados | 🔍 305 analisados | 📡 370 chamadas API
23:03:12 [INFO]   Proxima: 20:05 — aguardando 60s
23:04:12 [INFO] Fila: 22 aguardando | Cache: 0 bloqueados | Monitor odds: 0 | Monitor saida: 0 | ✅ 0 aprovados | 🔍 305 analisados | 📡 370 chamadas API
23:04:12 [INFO]   Proxima: 20:05 — aguardando 47s
23:05:00 [INFO] Fila: 22 aguardando | Cache: 0 bloqueados | Monitor odds: 0 | Monitor saida: 0 | ✅ 0 aprovados | 🔍 305 analisados | 📡 370 chamadas API
23:05:00 [INFO]   🔍 Macara v Barcelona (Ecu) (20:10) | +4 min
23:05:00 [INFO]   ⛔ Sem mercados
23:05:00 [INFO]     -> Proxima: 20:10 (intervalo 5 min — 4 min p/ inicio)
23:05:00 [INFO] Fila: 22 aguardando | Cache: 0 bloqueados | Monitor odds: 0 | Monitor saida: 0 | ✅ 0 aprovados | 🔍 306 analisados | 📡 371 chamadas API
23:05:00 [INFO]   Proxima: 20:05 — aguardando 10s
23:05:10 [INFO] Fila: 22 aguardando | Cache: 0 bloqueados | Monitor odds: 0 | Monitor saida: 0 | ✅ 0 aprovados | 🔍 306 analisados | 📡 371 chamadas API
23:05:10 [INFO]   🔍 LD Alajuelense v Deportivo Saprissa (20:00) | -5 min
23:05:10 [INFO]   ⛔ Sem mercados
23:05:10 [INFO]     Descartado: LD Alajuelense v Deportivo Saprissa — Janela encerrada (+10 min)
23:05:10 [INFO]   Agendador: 1 jogos removidos da fila
23:05:10 [INFO] Fila: 21 aguardando | Cache: 0 bloqueados | Monitor odds: 0 | Monitor saida: 0 | ✅ 0 aprovados | 🔍 307 analisados | 📡 372 chamadas API
23:05:10 [INFO]   Proxima: 20:05 — aguardando 10s
23:05:20 [INFO] Fila: 21 aguardando | Cache: 0 bloqueados | Monitor odds: 0 | Monitor saida: 0 | ✅ 0 aprovados | 🔍 307 analisados | 📡 372 chamadas API
23:05:20 [INFO]   🔍 Fortaleza EC v Criciuma (20:00) | -5 min
23:05:20 [INFO]   ⛔ Sem mercados
23:05:20 [INFO]     Descartado: Fortaleza EC v Criciuma — Janela encerrada (+10 min)
23:05:20 [INFO]   🔍 Novorizontino v Athletic Club (20:00) | -5 min
23:05:21 [INFO]   ⛔ Sem mercados
23:05:21 [INFO]     Descartado: Novorizontino v Athletic Club — Janela encerrada (+10 min)
23:05:21 [INFO]   🔍 Club Gimnasia y Tiro v CA Guemes (20:00) | -5 min
23:05:21 [INFO]   ⛔ Sem mercados
23:05:21 [INFO]     Descartado: Club Gimnasia y Tiro v CA Guemes — Janela encerrada (+10 min)
23:05:21 [INFO]   🔍 CD Fas v CD Cacahuatique (20:00) | -5 min
23:05:21 [INFO]   ⛔ Sem mercados
23:05:21 [INFO]     Descartado: CD Fas v CD Cacahuatique — Janela encerrada (+10 min)
23:05:21 [INFO]   🔍 Universidad de Venezuela v Deportivo Tachira (20:00) | -5 min
23:05:21 [INFO]   ⛔ Sem mercados
23:05:21 [INFO]     Descartado: Universidad de Venezuela v Deportivo Tachira — Janela encerrada (+10 min)
23:05:21 [INFO]   🔍 Santos Laguna v Atlas (20:00) | -5 min
23:05:21 [INFO]   ⛔ Sem mercados
23:05:21 [INFO]     Descartado: Santos Laguna v Atlas — Janela encerrada (+10 min)
23:05:21 [INFO]   🔍 Los Angeles FC v San Jose Earthquakes (20:00) | -5 min
23:05:22 [INFO]   ⛔ Sem mercados
23:05:22 [INFO]     Descartado: Los Angeles FC v San Jose Earthquakes — Janela encerrada (+10 min)
23:05:22 [INFO]   🔍 Club Jaiba Brava v Club Atletico Morelia (20:00) | -5 min
23:05:22 [INFO]   ⛔ Sem mercados
23:05:22 [INFO]     Descartado: Club Jaiba Brava v Club Atletico Morelia — Janela encerrada (+10 min)
23:05:22 [INFO]   🔍 Deportivo Mictlan v Xelaju (20:00) | -5 min
23:05:22 [INFO]   ⛔ Sem mercados
23:05:22 [INFO]     Descartado: Deportivo Mictlan v Xelaju — Janela encerrada (+10 min)
23:05:22 [INFO]   Agendador: 9 jogos removidos da fila
23:05:22 [INFO] Fila: 12 aguardando | Cache: 0 bloqueados | Monitor odds: 0 | Monitor saida: 0 | ✅ 0 aprovados | 🔍 316 analisados | 📡 381 chamadas API
23:05:22 [INFO]   Proxima: 20:10 — aguardando 60s
23:06:22 [INFO] Fila: 12 aguardando | Cache: 0 bloqueados | Monitor odds: 0 | Monitor saida: 0 | ✅ 0 aprovados | 🔍 316 analisados | 📡 381 chamadas API
23:06:22 [INFO]   Proxima: 20:10 — aguardando 60s
23:07:22 [INFO] Fila: 12 aguardando | Cache: 0 bloqueados | Monitor odds: 0 | Monitor saida: 0 | ✅ 0 aprovados | 🔍 316 analisados | 📡 381 chamadas API
23:07:22 [INFO]   Proxima: 20:10 — aguardando 60s
23:08:22 [INFO] Fila: 12 aguardando | Cache: 0 bloqueados | Monitor odds: 0 | Monitor saida: 0 | ✅ 0 aprovados | 🔍 316 analisados | 📡 381 chamadas API
23:08:22 [INFO]   Proxima: 20:10 — aguardando 60s
23:09:22 [INFO] Fila: 12 aguardando | Cache: 0 bloqueados | Monitor odds: 0 | Monitor saida: 0 | ✅ 0 aprovados | 🔍 316 analisados | 📡 381 chamadas API
23:09:22 [INFO]   Proxima: 20:10 — aguardando 37s
23:10:00 [INFO] Fila: 12 aguardando | Cache: 0 bloqueados | Monitor odds: 0 | Monitor saida: 0 | ✅ 0 aprovados | 🔍 316 analisados | 📡 381 chamadas API
23:10:00 [INFO]   🔍 CD Motagua v Juticalpa (20:15) | +4 min
23:10:00 [INFO]   ⛔ Sem mercados
23:10:00 [INFO]     -> Proxima: 20:15 (intervalo 5 min — 4 min p/ inicio)
23:10:00 [INFO]   🔍 Sporting San Miguelito v Plaza Amador (20:15) | +4 min
23:10:00 [INFO]   ⛔ Sem mercados
23:10:00 [INFO]     -> Proxima: 20:15 (intervalo 5 min — 4 min p/ inicio)
23:10:00 [INFO] Fila: 12 aguardando | Cache: 0 bloqueados | Monitor odds: 0 | Monitor saida: 0 | ✅ 0 aprovados | 🔍 318 analisados | 📡 383 chamadas API
23:10:00 [INFO]   🔍 Macara v Barcelona (Ecu) (20:10) | +0 min
23:10:00 [INFO]   ⛔ Sem mercados
23:10:00 [INFO]     -> Proxima: 20:15 (intervalo 5 min — 0 min p/ inicio)
23:10:00 [INFO] Fila: 12 aguardando | Cache: 0 bloqueados | Monitor odds: 0 | Monitor saida: 0 | ✅ 0 aprovados | 🔍 319 analisados | 📡 384 chamadas API
23:10:00 [INFO]   Proxima: 20:15 — aguardando 60s
23:11:00 [INFO] Fila: 12 aguardando | Cache: 0 bloqueados | Monitor odds: 0 | Monitor saida: 0 | ✅ 0 aprovados | 🔍 319 analisados | 📡 384 chamadas API
23:11:00 [INFO]   Proxima: 20:15 — aguardando 60s
23:12:00 [INFO] Fila: 12 aguardando | Cache: 0 bloqueados | Monitor odds: 0 | Monitor saida: 0 | ✅ 0 aprovados | 🔍 319 analisados | 📡 384 chamadas API
23:12:00 [INFO]   Proxima: 20:15 — aguardando 60s
23:13:00 [INFO] Fila: 12 aguardando | Cache: 0 bloqueados | Monitor odds: 0 | Monitor saida: 0 | ✅ 0 aprovados | 🔍 319 analisados | 📡 384 chamadas API
23:13:00 [INFO]   Proxima: 20:15 — aguardando 60s
23:14:00 [INFO] Fila: 12 aguardando | Cache: 0 bloqueados | Monitor odds: 0 | Monitor saida: 0 | ✅ 0 aprovados | 🔍 319 analisados | 📡 384 chamadas API
23:14:00 [INFO]   Proxima: 20:15 — aguardando 59s
23:15:00 [INFO] Fila: 12 aguardando | Cache: 0 bloqueados | Monitor odds: 0 | Monitor saida: 0 | ✅ 0 aprovados | 🔍 319 analisados | 📡 384 chamadas API
23:15:00 [INFO]   🔍 Junior FC Barranquilla v Llaneros FC (20:20) | +4 min
23:15:00 [INFO]   ⛔ Sem mercados
23:15:00 [INFO]     -> Proxima: 20:20 (intervalo 5 min — 4 min p/ inicio)
23:15:00 [INFO] Fila: 12 aguardando | Cache: 0 bloqueados | Monitor odds: 0 | Monitor saida: 0 | ✅ 0 aprovados | 🔍 320 analisados | 📡 385 chamadas API
23:15:00 [INFO]   🔍 CD Motagua v Juticalpa (20:15) | +0 min
23:15:00 [INFO]   ⛔ Sem mercados
23:15:00 [INFO]     -> Proxima: 20:20 (intervalo 5 min — 0 min p/ inicio)
23:15:00 [INFO] Fila: 12 aguardando | Cache: 0 bloqueados | Monitor odds: 0 | Monitor saida: 0 | ✅ 0 aprovados | 🔍 321 analisados | 📡 386 chamadas API
23:15:00 [INFO] Buscando lista de jogos do dia...
23:15:00 [WARNING] Nenhum jogo retornado pela API Betfair!
23:15:01 [INFO]   🔍 Sporting San Miguelito v Plaza Amador (20:15) | +0 min
23:15:01 [INFO]   ⛔ Sem mercados
23:15:01 [INFO]     -> Proxima: 20:20 (intervalo 5 min — 0 min p/ inicio)
23:15:01 [INFO]   🔍 Macara v Barcelona (Ecu) (20:10) | -5 min
23:15:02 [INFO]   ⛔ Sem mercados
23:15:02 [INFO]     Descartado: Macara v Barcelona (Ecu) — Janela encerrada (+10 min)
23:15:02 [INFO]   Agendador: 1 jogos removidos da fila
23:15:02 [INFO] Fila: 11 aguardando | Cache: 0 bloqueados | Monitor odds: 0 | Monitor saida: 0 | ✅ 0 aprovados | 🔍 323 analisados | 📡 389 chamadas API
23:15:02 [INFO]   Proxima: 20:20 — aguardando 60s
23:16:02 [INFO] Fila: 11 aguardando | Cache: 0 bloqueados | Monitor odds: 0 | Monitor saida: 0 | ✅ 0 aprovados | 🔍 323 analisados | 📡 389 chamadas API
23:16:02 [INFO]   Proxima: 20:20 — aguardando 60s
23:17:02 [INFO] Fila: 11 aguardando | Cache: 0 bloqueados | Monitor odds: 0 | Monitor saida: 0 | ✅ 0 aprovados | 🔍 323 analisados | 📡 389 chamadas API
23:17:02 [INFO]   Proxima: 20:20 — aguardando 60s
23:18:02 [INFO] Fila: 11 aguardando | Cache: 0 bloqueados | Monitor odds: 0 | Monitor saida: 0 | ✅ 0 aprovados | 🔍 323 analisados | 📡 389 chamadas API
23:18:02 [INFO]   Proxima: 20:20 — aguardando 60s
23:19:02 [INFO] Fila: 11 aguardando | Cache: 0 bloqueados | Monitor odds: 0 | Monitor saida: 0 | ✅ 0 aprovados | 🔍 323 analisados | 📡 389 chamadas API
23:19:02 [INFO]   Proxima: 20:20 — aguardando 58s
23:20:00 [INFO] Fila: 11 aguardando | Cache: 0 bloqueados | Monitor odds: 0 | Monitor saida: 0 | ✅ 0 aprovados | 🔍 323 analisados | 📡 389 chamadas API
23:20:00 [INFO]   🔍 Junior FC Barranquilla v Llaneros FC (20:20) | +0 min
23:20:00 [INFO]   ⛔ Sem mercados
23:20:00 [INFO]     -> Proxima: 20:25 (intervalo 5 min — 0 min p/ inicio)
23:20:00 [INFO] Fila: 11 aguardando | Cache: 0 bloqueados | Monitor odds: 0 | Monitor saida: 0 | ✅ 0 aprovados | 🔍 324 analisados | 📡 390 chamadas API
23:20:00 [INFO]   🔍 CD Motagua v Juticalpa (20:15) | -5 min
23:20:00 [INFO]   ⛔ Sem mercados
23:20:00 [INFO]     Descartado: CD Motagua v Juticalpa — Janela encerrada (+10 min)
23:20:00 [INFO]   Agendador: 1 jogos removidos da fila
23:20:00 [INFO] Fila: 10 aguardando | Cache: 0 bloqueados | Monitor odds: 0 | Monitor saida: 0 | ✅ 0 aprovados | 🔍 325 analisados | 📡 391 chamadas API
23:20:00 [INFO]   Proxima: 20:20 — aguardando 10s
23:20:10 [INFO] Fila: 10 aguardando | Cache: 0 bloqueados | Monitor odds: 0 | Monitor saida: 0 | ✅ 0 aprovados | 🔍 325 analisados | 📡 391 chamadas API
23:20:10 [INFO]   🔍 Sporting San Miguelito v Plaza Amador (20:15) | -5 min
23:20:11 [INFO]   ⛔ Sem mercados
23:20:11 [INFO]     Descartado: Sporting San Miguelito v Plaza Amador — Janela encerrada (+10 min)
23:20:11 [INFO]   Agendador: 1 jogos removidos da fila
23:20:11 [INFO] Fila: 9 aguardando | Cache: 0 bloqueados | Monitor odds: 0 | Monitor saida: 0 | ✅ 0 aprovados | 🔍 326 analisados | 📡 392 chamadas API
23:20:11 [INFO]   Proxima: 20:25 — aguardando 60s
23:21:11 [INFO] Fila: 9 aguardando | Cache: 0 bloqueados | Monitor odds: 0 | Monitor saida: 0 | ✅ 0 aprovados | 🔍 326 analisados | 📡 392 chamadas API
23:21:11 [INFO]   Proxima: 20:25 — aguardando 60s
23:22:11 [INFO] Fila: 9 aguardando | Cache: 0 bloqueados | Monitor odds: 0 | Monitor saida: 0 | ✅ 0 aprovados | 🔍 326 analisados | 📡 392 chamadas API
23:22:11 [INFO]   Proxima: 20:25 — aguardando 60s
23:23:11 [INFO] Fila: 9 aguardando | Cache: 0 bloqueados | Monitor odds: 0 | Monitor saida: 0 | ✅ 0 aprovados | 🔍 326 analisados | 📡 392 chamadas API
23:23:11 [INFO]   Proxima: 20:25 — aguardando 60s
23:24:11 [INFO] Fila: 9 aguardando | Cache: 0 bloqueados | Monitor odds: 0 | Monitor saida: 0 | ✅ 0 aprovados | 🔍 326 analisados | 📡 392 chamadas API
23:24:11 [INFO]   Proxima: 20:25 — aguardando 48s
23:25:00 [INFO] Fila: 9 aguardando | Cache: 0 bloqueados | Monitor odds: 0 | Monitor saida: 0 | ✅ 0 aprovados | 🔍 326 analisados | 📡 392 chamadas API
23:25:00 [INFO]   🔍 Rosario Central v Sarmiento de Junin (20:30) | +4 min
23:25:00 [INFO]   ⛔ Sem mercados
23:25:00 [INFO]     -> Proxima: 20:30 (intervalo 5 min — 4 min p/ inicio)
23:25:00 [INFO]   🔍 Talleres v Deportivo Riestra (20:30) | +4 min
23:25:00 [INFO]   ⛔ Sem mercados
23:25:00 [INFO]     -> Proxima: 20:30 (intervalo 5 min — 4 min p/ inicio)
23:25:00 [INFO] Fila: 9 aguardando | Cache: 0 bloqueados | Monitor odds: 0 | Monitor saida: 0 | ✅ 0 aprovados | 🔍 328 analisados | 📡 394 chamadas API
23:25:00 [INFO]   Proxima: 20:25 — aguardando 10s
23:25:10 [INFO] Fila: 9 aguardando | Cache: 0 bloqueados | Monitor odds: 0 | Monitor saida: 0 | ✅ 0 aprovados | 🔍 328 analisados | 📡 394 chamadas API
23:25:10 [INFO]   🔍 Junior FC Barranquilla v Llaneros FC (20:20) | -5 min
23:25:10 [INFO]   ⛔ Sem mercados
23:25:10 [INFO]     Descartado: Junior FC Barranquilla v Llaneros FC — Janela encerrada (+10 min)
23:25:10 [INFO]   Agendador: 1 jogos removidos da fila
23:25:10 [INFO] Fila: 8 aguardando | Cache: 0 bloqueados | Monitor odds: 0 | Monitor saida: 0 | ✅ 0 aprovados | 🔍 329 analisados | 📡 395 chamadas API
23:25:10 [INFO]   Proxima: 20:30 — aguardando 60s
23:26:10 [INFO] Fila: 8 aguardando | Cache: 0 bloqueados | Monitor odds: 0 | Monitor saida: 0 | ✅ 0 aprovados | 🔍 329 analisados | 📡 395 chamadas API
23:26:10 [INFO]   Proxima: 20:30 — aguardando 60s
23:27:10 [INFO] Fila: 8 aguardando | Cache: 0 bloqueados | Monitor odds: 0 | Monitor saida: 0 | ✅ 0 aprovados | 🔍 329 analisados | 📡 395 chamadas API
23:27:10 [INFO]   Proxima: 20:30 — aguardando 60s
23:28:10 [INFO] Fila: 8 aguardando | Cache: 0 bloqueados | Monitor odds: 0 | Monitor saida: 0 | ✅ 0 aprovados | 🔍 329 analisados | 📡 395 chamadas API
23:28:10 [INFO]   Proxima: 20:30 — aguardando 60s
23:29:10 [INFO] Fila: 8 aguardando | Cache: 0 bloqueados | Monitor odds: 0 | Monitor saida: 0 | ✅ 0 aprovados | 🔍 329 analisados | 📡 395 chamadas API
23:29:10 [INFO]   Proxima: 20:30 — aguardando 49s
23:30:00 [INFO] Fila: 8 aguardando | Cache: 0 bloqueados | Monitor odds: 0 | Monitor saida: 0 | ✅ 0 aprovados | 🔍 329 analisados | 📡 395 chamadas API
23:30:00 [INFO]   🔍 Rosario Central v Sarmiento de Junin (20:30) | +0 min
23:30:00 [INFO]   ⛔ Sem mercados
23:30:00 [INFO]     -> Proxima: 20:35 (intervalo 5 min — 0 min p/ inicio)
23:30:00 [INFO] Fila: 8 aguardando | Cache: 0 bloqueados | Monitor odds: 0 | Monitor saida: 0 | ✅ 0 aprovados | 🔍 330 analisados | 📡 396 chamadas API
23:30:00 [INFO]   Proxima: 20:30 — aguardando 10s
23:30:10 [INFO] Fila: 8 aguardando | Cache: 0 bloqueados | Monitor odds: 0 | Monitor saida: 0 | ✅ 0 aprovados | 🔍 330 analisados | 📡 396 chamadas API
23:30:10 [INFO]   🔍 Talleres v Deportivo Riestra (20:30) | +0 min
23:30:10 [INFO]   ⛔ Sem mercados
23:30:10 [INFO]     -> Proxima: 20:35 (intervalo 5 min — 0 min p/ inicio)
23:30:10 [INFO] Fila: 8 aguardando | Cache: 0 bloqueados | Monitor odds: 0 | Monitor saida: 0 | ✅ 0 aprovados | 🔍 331 analisados | 📡 397 chamadas API
23:30:10 [INFO]   Proxima: 20:35 — aguardando 60s
23:31:10 [INFO] Fila: 8 aguardando | Cache: 0 bloqueados | Monitor odds: 0 | Monitor saida: 0 | ✅ 0 aprovados | 🔍 331 analisados | 📡 397 chamadas API
23:31:10 [INFO]   Proxima: 20:35 — aguardando 60s
23:32:10 [INFO] Fila: 8 aguardando | Cache: 0 bloqueados | Monitor odds: 0 | Monitor saida: 0 | ✅ 0 aprovados | 🔍 331 analisados | 📡 397 chamadas API
23:32:10 [INFO]   Proxima: 20:35 — aguardando 60s
23:33:10 [INFO] Fila: 8 aguardando | Cache: 0 bloqueados | Monitor odds: 0 | Monitor saida: 0 | ✅ 0 aprovados | 🔍 331 analisados | 📡 397 chamadas API
23:33:10 [INFO]   Proxima: 20:35 — aguardando 60s
23:34:10 [INFO] Fila: 8 aguardando | Cache: 0 bloqueados | Monitor odds: 0 | Monitor saida: 0 | ✅ 0 aprovados | 🔍 331 analisados | 📡 397 chamadas API
23:34:10 [INFO]   Proxima: 20:35 — aguardando 49s
23:35:00 [INFO] Fila: 8 aguardando | Cache: 0 bloqueados | Monitor odds: 0 | Monitor saida: 0 | ✅ 0 aprovados | 🔍 331 analisados | 📡 397 chamadas API
23:35:00 [INFO]   🔍 Rosario Central v Sarmiento de Junin (20:30) | -5 min
23:35:00 [INFO]   ⛔ Sem mercados
23:35:00 [INFO]     Descartado: Rosario Central v Sarmiento de Junin — Janela encerrada (+10 min)
23:35:00 [INFO]   Agendador: 1 jogos removidos da fila
23:35:00 [INFO] Fila: 7 aguardando | Cache: 0 bloqueados | Monitor odds: 0 | Monitor saida: 0 | ✅ 0 aprovados | 🔍 332 analisados | 📡 398 chamadas API
23:35:00 [INFO]   Proxima: 20:35 — aguardando 10s
23:35:10 [INFO] Fila: 7 aguardando | Cache: 0 bloqueados | Monitor odds: 0 | Monitor saida: 0 | ✅ 0 aprovados | 🔍 332 analisados | 📡 398 chamadas API
23:35:10 [INFO]   🔍 Talleres v Deportivo Riestra (20:30) | -5 min
23:35:10 [INFO]   ⛔ Sem mercados
23:35:11 [INFO]     Descartado: Talleres v Deportivo Riestra — Janela encerrada (+10 min)
23:35:11 [INFO]   Agendador: 1 jogos removidos da fila
23:35:11 [INFO] Fila: 6 aguardando | Cache: 0 bloqueados | Monitor odds: 0 | Monitor saida: 0 | ✅ 0 aprovados | 🔍 333 analisados | 📡 399 chamadas API
23:35:11 [INFO]   Proxima: 21:25 — aguardando 60s
23:36:11 [INFO] Fila: 6 aguardando | Cache: 0 bloqueados | Monitor odds: 0 | Monitor saida: 0 | ✅ 0 aprovados | 🔍 333 analisados | 📡 399 chamadas API
23:36:11 [INFO]   Proxima: 21:25 — aguardando 60s
23:37:11 [INFO] Fila: 6 aguardando | Cache: 0 bloqueados | Monitor odds: 0 | Monitor saida: 0 | ✅ 0 aprovados | 🔍 333 analisados | 📡 399 chamadas API
23:37:11 [INFO]   Proxima: 21:25 — aguardando 60s
23:38:11 [INFO] Fila: 6 aguardando | Cache: 0 bloqueados | Monitor odds: 0 | Monitor saida: 0 | ✅ 0 aprovados | 🔍 333 analisados | 📡 399 chamadas API
23:38:11 [INFO]   Proxima: 21:25 — aguardando 60s
23:39:11 [INFO] Fila: 6 aguardando | Cache: 0 bloqueados | Monitor odds: 0 | Monitor saida: 0 | ✅ 0 aprovados | 🔍 333 analisados | 📡 399 chamadas API
23:39:11 [INFO]   Proxima: 21:25 — aguardando 60s
23:40:11 [INFO] Fila: 6 aguardando | Cache: 0 bloqueados | Monitor odds: 0 | Monitor saida: 0 | ✅ 0 aprovados | 🔍 333 analisados | 📡 399 chamadas API
23:40:11 [INFO]   Proxima: 21:25 — aguardando 60s
23:41:11 [INFO] Fila: 6 aguardando | Cache: 0 bloqueados | Monitor odds: 0 | Monitor saida: 0 | ✅ 0 aprovados | 🔍 333 analisados | 📡 399 chamadas API
23:41:11 [INFO]   Proxima: 21:25 — aguardando 60s
23:42:11 [INFO] Fila: 6 aguardando | Cache: 0 bloqueados | Monitor odds: 0 | Monitor saida: 0 | ✅ 0 aprovados | 🔍 333 analisados | 📡 399 chamadas API
23:42:11 [INFO]   Proxima: 21:25 — aguardando 60s
23:43:11 [INFO] Fila: 6 aguardando | Cache: 0 bloqueados | Monitor odds: 0 | Monitor saida: 0 | ✅ 0 aprovados | 🔍 333 analisados | 📡 399 chamadas API
23:43:11 [INFO]   Proxima: 21:25 — aguardando 60s
23:44:11 [INFO] Fila: 6 aguardando | Cache: 0 bloqueados | Monitor odds: 0 | Monitor saida: 0 | ✅ 0 aprovados | 🔍 333 analisados | 📡 399 chamadas API
23:44:11 [INFO]   Proxima: 21:25 — aguardando 60s
23:45:11 [INFO] Fila: 6 aguardando | Cache: 0 bloqueados | Monitor odds: 0 | Monitor saida: 0 | ✅ 0 aprovados | 🔍 333 analisados | 📡 399 chamadas API
23:45:11 [INFO]   Proxima: 21:25 — aguardando 60s
23:46:11 [INFO] Fila: 6 aguardando | Cache: 0 bloqueados | Monitor odds: 0 | Monitor saida: 0 | ✅ 0 aprovados | 🔍 333 analisados | 📡 399 chamadas API
23:46:11 [INFO]   Proxima: 21:25 — aguardando 60s
23:47:11 [INFO] Fila: 6 aguardando | Cache: 0 bloqueados | Monitor odds: 0 | Monitor saida: 0 | ✅ 0 aprovados | 🔍 333 analisados | 📡 399 chamadas API
23:47:11 [INFO]   Proxima: 21:25 — aguardando 60s
23:48:11 [INFO] Fila: 6 aguardando | Cache: 0 bloqueados | Monitor odds: 0 | Monitor saida: 0 | ✅ 0 aprovados | 🔍 333 analisados | 📡 399 chamadas API
23:48:11 [INFO]   Proxima: 21:25 — aguardando 60s
23:49:11 [INFO] Fila: 6 aguardando | Cache: 0 bloqueados | Monitor odds: 0 | Monitor saida: 0 | ✅ 0 aprovados | 🔍 333 analisados | 📡 399 chamadas API
23:49:11 [INFO]   Proxima: 21:25 — aguardando 60s
23:50:11 [INFO] Fila: 6 aguardando | Cache: 0 bloqueados | Monitor odds: 0 | Monitor saida: 0 | ✅ 0 aprovados | 🔍 333 analisados | 📡 399 chamadas API
23:50:11 [INFO]   Proxima: 21:25 — aguardando 60s
23:51:11 [INFO] Fila: 6 aguardando | Cache: 0 bloqueados | Monitor odds: 0 | Monitor saida: 0 | ✅ 0 aprovados | 🔍 333 analisados | 📡 399 chamadas API
23:51:11 [INFO]   Proxima: 21:25 — aguardando 60s
23:52:11 [INFO] Fila: 6 aguardando | Cache: 0 bloqueados | Monitor odds: 0 | Monitor saida: 0 | ✅ 0 aprovados | 🔍 333 analisados | 📡 399 chamadas API
23:52:11 [INFO]   Proxima: 21:25 — aguardando 60s
23:53:11 [INFO] Fila: 6 aguardando | Cache: 0 bloqueados | Monitor odds: 0 | Monitor saida: 0 | ✅ 0 aprovados | 🔍 333 analisados | 📡 399 chamadas API
23:53:11 [INFO]   Proxima: 21:25 — aguardando 60s
23:54:11 [INFO] Fila: 6 aguardando | Cache: 0 bloqueados | Monitor odds: 0 | Monitor saida: 0 | ✅ 0 aprovados | 🔍 333 analisados | 📡 399 chamadas API
23:54:11 [INFO]   Proxima: 21:25 — aguardando 60s
23:55:11 [INFO] Fila: 6 aguardando | Cache: 0 bloqueados | Monitor odds: 0 | Monitor saida: 0 | ✅ 0 aprovados | 🔍 333 analisados | 📡 399 chamadas API
23:55:11 [INFO]   Proxima: 21:25 — aguardando 60s
23:56:11 [INFO] Fila: 6 aguardando | Cache: 0 bloqueados | Monitor odds: 0 | Monitor saida: 0 | ✅ 0 aprovados | 🔍 333 analisados | 📡 399 chamadas API
23:56:11 [INFO]   Proxima: 21:25 — aguardando 60s
23:57:11 [INFO] Fila: 6 aguardando | Cache: 0 bloqueados | Monitor odds: 0 | Monitor saida: 0 | ✅ 0 aprovados | 🔍 333 analisados | 📡 399 chamadas API
23:57:11 [INFO]   Proxima: 21:25 — aguardando 60s
23:58:11 [INFO] Fila: 6 aguardando | Cache: 0 bloqueados | Monitor odds: 0 | Monitor saida: 0 | ✅ 0 aprovados | 🔍 333 analisados | 📡 399 chamadas API
23:58:11 [INFO]   Proxima: 21:25 — aguardando 60s
23:59:11 [INFO] Fila: 6 aguardando | Cache: 0 bloqueados | Monitor odds: 0 | Monitor saida: 0 | ✅ 0 aprovados | 🔍 333 analisados | 📡 399 chamadas API
23:59:11 [INFO]   Proxima: 21:25 — aguardando 60s
00:00:11 [INFO] Fila: 6 aguardando | Cache: 0 bloqueados | Monitor odds: 0 | Monitor saida: 0 | ✅ 0 aprovados | 🔍 333 analisados | 📡 399 chamadas API
00:00:11 [INFO]   Proxima: 21:25 — aguardando 60s
00:01:11 [INFO] Fila: 6 aguardando | Cache: 0 bloqueados | Monitor odds: 0 | Monitor saida: 0 | ✅ 0 aprovados | 🔍 333 analisados | 📡 399 chamadas API
00:01:11 [INFO]   Proxima: 21:25 — aguardando 60s
00:02:11 [INFO] Fila: 6 aguardando | Cache: 0 bloqueados | Monitor odds: 0 | Monitor saida: 0 | ✅ 0 aprovados | 🔍 333 analisados | 📡 399 chamadas API
00:02:11 [INFO]   Proxima: 21:25 — aguardando 60s
00:03:11 [INFO] Fila: 6 aguardando | Cache: 0 bloqueados | Monitor odds: 0 | Monitor saida: 0 | ✅ 0 aprovados | 🔍 333 analisados | 📡 399 chamadas API
00:03:11 [INFO]   Proxima: 21:25 — aguardando 60s
00:04:11 [INFO] Fila: 6 aguardando | Cache: 0 bloqueados | Monitor odds: 0 | Monitor saida: 0 | ✅ 0 aprovados | 🔍 333 analisados | 📡 399 chamadas API
00:04:11 [INFO]   Proxima: 21:25 — aguardando 60s
00:05:11 [INFO] Fila: 6 aguardando | Cache: 0 bloqueados | Monitor odds: 0 | Monitor saida: 0 | ✅ 0 aprovados | 🔍 333 analisados | 📡 399 chamadas API
00:05:11 [INFO]   Proxima: 21:25 — aguardando 60s
00:06:11 [INFO] Fila: 6 aguardando | Cache: 0 bloqueados | Monitor odds: 0 | Monitor saida: 0 | ✅ 0 aprovados | 🔍 333 analisados | 📡 399 chamadas API
00:06:11 [INFO]   Proxima: 21:25 — aguardando 60s
00:07:11 [INFO] Fila: 6 aguardando | Cache: 0 bloqueados | Monitor odds: 0 | Monitor saida: 0 | ✅ 0 aprovados | 🔍 333 analisados | 📡 399 chamadas API
00:07:11 [INFO]   Proxima: 21:25 — aguardando 60s
00:08:11 [INFO] Fila: 6 aguardando | Cache: 0 bloqueados | Monitor odds: 0 | Monitor saida: 0 | ✅ 0 aprovados | 🔍 333 analisados | 📡 399 chamadas API
00:08:11 [INFO]   Proxima: 21:25 — aguardando 60s
00:09:11 [INFO] Fila: 6 aguardando | Cache: 0 bloqueados | Monitor odds: 0 | Monitor saida: 0 | ✅ 0 aprovados | 🔍 333 analisados | 📡 399 chamadas API
00:09:11 [INFO]   Proxima: 21:25 — aguardando 60s
00:10:11 [INFO] Fila: 6 aguardando | Cache: 0 bloqueados | Monitor odds: 0 | Monitor saida: 0 | ✅ 0 aprovados | 🔍 333 analisados | 📡 399 chamadas API
00:10:11 [INFO]   Proxima: 21:25 — aguardando 60s
00:11:11 [INFO] Fila: 6 aguardando | Cache: 0 bloqueados | Monitor odds: 0 | Monitor saida: 0 | ✅ 0 aprovados | 🔍 333 analisados | 📡 399 chamadas API
00:11:11 [INFO]   Proxima: 21:25 — aguardando 60s
00:12:11 [INFO] Fila: 6 aguardando | Cache: 0 bloqueados | Monitor odds: 0 | Monitor saida: 0 | ✅ 0 aprovados | 🔍 333 analisados | 📡 399 chamadas API
00:12:11 [INFO]   Proxima: 21:25 — aguardando 60s
00:13:11 [INFO] Fila: 6 aguardando | Cache: 0 bloqueados | Monitor odds: 0 | Monitor saida: 0 | ✅ 0 aprovados | 🔍 333 analisados | 📡 399 chamadas API
00:13:11 [INFO]   Proxima: 21:25 — aguardando 60s
00:14:11 [INFO] Fila: 6 aguardando | Cache: 0 bloqueados | Monitor odds: 0 | Monitor saida: 0 | ✅ 0 aprovados | 🔍 333 analisados | 📡 399 chamadas API
00:14:11 [INFO]   Proxima: 21:25 — aguardando 60s
00:15:11 [INFO] Fila: 6 aguardando | Cache: 0 bloqueados | Monitor odds: 0 | Monitor saida: 0 | ✅ 0 aprovados | 🔍 333 analisados | 📡 399 chamadas API
00:15:11 [INFO] Buscando lista de jogos do dia...
00:15:11 [WARNING] Nenhum jogo retornado pela API Betfair!
00:15:12 [INFO]   Proxima: 21:25 — aguardando 60s
00:16:12 [INFO] Fila: 6 aguardando | Cache: 0 bloqueados | Monitor odds: 0 | Monitor saida: 0 | ✅ 0 aprovados | 🔍 333 analisados | 📡 400 chamadas API
00:16:12 [INFO]   Proxima: 21:25 — aguardando 60s
00:17:12 [INFO] Fila: 6 aguardando | Cache: 0 bloqueados | Monitor odds: 0 | Monitor saida: 0 | ✅ 0 aprovados | 🔍 333 analisados | 📡 400 chamadas API
00:17:12 [INFO]   Proxima: 21:25 — aguardando 60s
00:18:12 [INFO] Fila: 6 aguardando | Cache: 0 bloqueados | Monitor odds: 0 | Monitor saida: 0 | ✅ 0 aprovados | 🔍 333 analisados | 📡 400 chamadas API
00:18:12 [INFO]   Proxima: 21:25 — aguardando 60s
00:19:12 [INFO] Fila: 6 aguardando | Cache: 0 bloqueados | Monitor odds: 0 | Monitor saida: 0 | ✅ 0 aprovados | 🔍 333 analisados | 📡 400 chamadas API
00:19:12 [INFO]   Proxima: 21:25 — aguardando 60s
00:20:12 [INFO] Fila: 6 aguardando | Cache: 0 bloqueados | Monitor odds: 0 | Monitor saida: 0 | ✅ 0 aprovados | 🔍 333 analisados | 📡 400 chamadas API
00:20:12 [INFO]   Proxima: 21:25 — aguardando 60s
00:21:12 [INFO] Fila: 6 aguardando | Cache: 0 bloqueados | Monitor odds: 0 | Monitor saida: 0 | ✅ 0 aprovados | 🔍 333 analisados | 📡 400 chamadas API
00:21:12 [INFO]   Proxima: 21:25 — aguardando 60s
00:22:12 [INFO] Fila: 6 aguardando | Cache: 0 bloqueados | Monitor odds: 0 | Monitor saida: 0 | ✅ 0 aprovados | 🔍 333 analisados | 📡 400 chamadas API
00:22:12 [INFO]   Proxima: 21:25 — aguardando 60s
00:23:12 [INFO] Fila: 6 aguardando | Cache: 0 bloqueados | Monitor odds: 0 | Monitor saida: 0 | ✅ 0 aprovados | 🔍 333 analisados | 📡 400 chamadas API
00:23:12 [INFO]   Proxima: 21:25 — aguardando 60s
00:24:12 [INFO] Fila: 6 aguardando | Cache: 0 bloqueados | Monitor odds: 0 | Monitor saida: 0 | ✅ 0 aprovados | 🔍 333 analisados | 📡 400 chamadas API
00:24:12 [INFO]   Proxima: 21:25 — aguardando 47s
00:25:00 [INFO] Fila: 6 aguardando | Cache: 0 bloqueados | Monitor odds: 0 | Monitor saida: 0 | ✅ 0 aprovados | 🔍 333 analisados | 📡 400 chamadas API
00:25:00 [INFO]   🔍 Cienciano v Cesar Vallejo Moquegua (21:30) | +4 min
00:25:00 [INFO]   ⛔ Sem mercados
00:25:00 [INFO]     -> Proxima: 21:30 (intervalo 5 min — 4 min p/ inicio)
00:25:00 [INFO] Fila: 6 aguardando | Cache: 0 bloqueados | Monitor odds: 0 | Monitor saida: 0 | ✅ 0 aprovados | 🔍 334 analisados | 📡 401 chamadas API
00:25:00 [INFO]   Proxima: 21:30 — aguardando 60s
00:26:00 [INFO] Fila: 6 aguardando | Cache: 0 bloqueados | Monitor odds: 0 | Monitor saida: 0 | ✅ 0 aprovados | 🔍 334 analisados | 📡 401 chamadas API
00:26:00 [INFO]   Proxima: 21:30 — aguardando 60s
00:27:00 [INFO] Fila: 6 aguardando | Cache: 0 bloqueados | Monitor odds: 0 | Monitor saida: 0 | ✅ 0 aprovados | 🔍 334 analisados | 📡 401 chamadas API
00:27:00 [INFO]   Proxima: 21:30 — aguardando 60s
00:28:00 [INFO] Fila: 6 aguardando | Cache: 0 bloqueados | Monitor odds: 0 | Monitor saida: 0 | ✅ 0 aprovados | 🔍 334 analisados | 📡 401 chamadas API
00:28:00 [INFO]   Proxima: 21:30 — aguardando 60s
00:29:00 [INFO] Fila: 6 aguardando | Cache: 0 bloqueados | Monitor odds: 0 | Monitor saida: 0 | ✅ 0 aprovados | 🔍 334 analisados | 📡 401 chamadas API
00:29:00 [INFO]   Proxima: 21:30 — aguardando 59s
00:30:00 [INFO] Fila: 6 aguardando | Cache: 0 bloqueados | Monitor odds: 0 | Monitor saida: 0 | ✅ 0 aprovados | 🔍 334 analisados | 📡 401 chamadas API
00:30:00 [INFO]   🔍 Cienciano v Cesar Vallejo Moquegua (21:30) | +0 min
00:30:00 [INFO]   ⛔ Sem mercados
00:30:00 [INFO]     -> Proxima: 21:35 (intervalo 5 min — 0 min p/ inicio)
00:30:00 [INFO] Fila: 6 aguardando | Cache: 0 bloqueados | Monitor odds: 0 | Monitor saida: 0 | ✅ 0 aprovados | 🔍 335 analisados | 📡 402 chamadas API
00:30:00 [INFO]   Proxima: 21:35 — aguardando 60s
00:31:00 [INFO] Fila: 6 aguardando | Cache: 0 bloqueados | Monitor odds: 0 | Monitor saida: 0 | ✅ 0 aprovados | 🔍 335 analisados | 📡 402 chamadas API
00:31:00 [INFO]   Proxima: 21:35 — aguardando 60s
00:32:00 [INFO] Fila: 6 aguardando | Cache: 0 bloqueados | Monitor odds: 0 | Monitor saida: 0 | ✅ 0 aprovados | 🔍 335 analisados | 📡 402 chamadas API
00:32:00 [INFO]   Proxima: 21:35 — aguardando 60s
00:33:00 [INFO] Fila: 6 aguardando | Cache: 0 bloqueados | Monitor odds: 0 | Monitor saida: 0 | ✅ 0 aprovados | 🔍 335 analisados | 📡 402 chamadas API
00:33:00 [INFO]   Proxima: 21:35 — aguardando 60s
00:34:00 [INFO] Fila: 6 aguardando | Cache: 0 bloqueados | Monitor odds: 0 | Monitor saida: 0 | ✅ 0 aprovados | 🔍 335 analisados | 📡 402 chamadas API
00:34:00 [INFO]   Proxima: 21:35 — aguardando 59s
00:35:00 [INFO] Fila: 6 aguardando | Cache: 0 bloqueados | Monitor odds: 0 | Monitor saida: 0 | ✅ 0 aprovados | 🔍 335 analisados | 📡 402 chamadas API
00:35:00 [INFO]   🔍 Cienciano v Cesar Vallejo Moquegua (21:30) | -5 min
00:35:01 [INFO]   ⛔ Sem mercados
00:35:01 [INFO]     Descartado: Cienciano v Cesar Vallejo Moquegua — Janela encerrada (+10 min)
00:35:01 [INFO]   Agendador: 1 jogos removidos da fila
00:35:01 [INFO] Fila: 5 aguardando | Cache: 0 bloqueados | Monitor odds: 0 | Monitor saida: 0 | ✅ 0 aprovados | 🔍 336 analisados | 📡 403 chamadas API
00:35:01 [INFO]   Proxima: 21:40 — aguardando 60s
00:36:01 [INFO] Fila: 5 aguardando | Cache: 0 bloqueados | Monitor odds: 0 | Monitor saida: 0 | ✅ 0 aprovados | 🔍 336 analisados | 📡 403 chamadas API
00:36:01 [INFO]   Proxima: 21:40 — aguardando 60s
00:37:01 [INFO] Fila: 5 aguardando | Cache: 0 bloqueados | Monitor odds: 0 | Monitor saida: 0 | ✅ 0 aprovados | 🔍 336 analisados | 📡 403 chamadas API
00:37:01 [INFO]   Proxima: 21:40 — aguardando 60s
00:38:01 [INFO] Fila: 5 aguardando | Cache: 0 bloqueados | Monitor odds: 0 | Monitor saida: 0 | ✅ 0 aprovados | 🔍 336 analisados | 📡 403 chamadas API
00:38:01 [INFO]   Proxima: 21:40 — aguardando 60s
00:39:01 [INFO] Fila: 5 aguardando | Cache: 0 bloqueados | Monitor odds: 0 | Monitor saida: 0 | ✅ 0 aprovados | 🔍 336 analisados | 📡 403 chamadas API
00:39:01 [INFO]   Proxima: 21:40 — aguardando 58s
00:40:00 [INFO] Fila: 5 aguardando | Cache: 0 bloqueados | Monitor odds: 0 | Monitor saida: 0 | ✅ 0 aprovados | 🔍 336 analisados | 📡 403 chamadas API
00:40:00 [INFO]   🔍 Huachipato v Audax Italiano (21:45) | +4 min
00:40:00 [INFO]   ⛔ Sem mercados
00:40:00 [INFO]     -> Proxima: 21:45 (intervalo 5 min — 4 min p/ inicio)
00:40:00 [INFO] Fila: 5 aguardando | Cache: 0 bloqueados | Monitor odds: 0 | Monitor saida: 0 | ✅ 0 aprovados | 🔍 337 analisados | 📡 404 chamadas API
00:40:00 [INFO]   Proxima: 21:45 — aguardando 60s
00:41:00 [INFO] Fila: 5 aguardando | Cache: 0 bloqueados | Monitor odds: 0 | Monitor saida: 0 | ✅ 0 aprovados | 🔍 337 analisados | 📡 404 chamadas API
00:41:00 [INFO]   Proxima: 21:45 — aguardando 60s
00:42:00 [INFO] Fila: 5 aguardando | Cache: 0 bloqueados | Monitor odds: 0 | Monitor saida: 0 | ✅ 0 aprovados | 🔍 337 analisados | 📡 404 chamadas API
00:42:00 [INFO]   Proxima: 21:45 — aguardando 60s
00:43:00 [INFO] Fila: 5 aguardando | Cache: 0 bloqueados | Monitor odds: 0 | Monitor saida: 0 | ✅ 0 aprovados | 🔍 337 analisados | 📡 404 chamadas API
00:43:00 [INFO]   Proxima: 21:45 — aguardando 60s
00:44:00 [INFO] Fila: 5 aguardando | Cache: 0 bloqueados | Monitor odds: 0 | Monitor saida: 0 | ✅ 0 aprovados | 🔍 337 analisados | 📡 404 chamadas API
00:44:00 [INFO]   Proxima: 21:45 — aguardando 59s
00:45:00 [INFO] Fila: 5 aguardando | Cache: 0 bloqueados | Monitor odds: 0 | Monitor saida: 0 | ✅ 0 aprovados | 🔍 337 analisados | 📡 404 chamadas API
00:45:00 [INFO]   🔍 Huachipato v Audax Italiano (21:45) | +0 min
00:45:00 [INFO]   ⛔ Sem mercados
00:45:00 [INFO]     -> Proxima: 21:50 (intervalo 5 min — 0 min p/ inicio)
00:45:00 [INFO] Fila: 5 aguardando | Cache: 0 bloqueados | Monitor odds: 0 | Monitor saida: 0 | ✅ 0 aprovados | 🔍 338 analisados | 📡 405 chamadas API
00:45:00 [INFO]   Proxima: 21:50 — aguardando 60s
00:46:00 [INFO] Fila: 5 aguardando | Cache: 0 bloqueados | Monitor odds: 0 | Monitor saida: 0 | ✅ 0 aprovados | 🔍 338 analisados | 📡 405 chamadas API
00:46:00 [INFO]   Proxima: 21:50 — aguardando 60s
00:47:00 [INFO] Fila: 5 aguardando | Cache: 0 bloqueados | Monitor odds: 0 | Monitor saida: 0 | ✅ 0 aprovados | 🔍 338 analisados | 📡 405 chamadas API
00:47:00 [INFO]   Proxima: 21:50 — aguardando 60s
00:48:00 [INFO] Fila: 5 aguardando | Cache: 0 bloqueados | Monitor odds: 0 | Monitor saida: 0 | ✅ 0 aprovados | 🔍 338 analisados | 📡 405 chamadas API
00:48:00 [INFO]   Proxima: 21:50 — aguardando 60s
00:49:00 [INFO] Fila: 5 aguardando | Cache: 0 bloqueados | Monitor odds: 0 | Monitor saida: 0 | ✅ 0 aprovados | 🔍 338 analisados | 📡 405 chamadas API
00:49:00 [INFO]   Proxima: 21:50 — aguardando 59s
00:50:00 [INFO] Fila: 5 aguardando | Cache: 0 bloqueados | Monitor odds: 0 | Monitor saida: 0 | ✅ 0 aprovados | 🔍 338 analisados | 📡 405 chamadas API
00:50:00 [INFO]   🔍 Huachipato v Audax Italiano (21:45) | -5 min
00:50:00 [INFO]   ⛔ Sem mercados
00:50:00 [INFO]     Descartado: Huachipato v Audax Italiano — Janela encerrada (+10 min)
00:50:00 [INFO]   Agendador: 1 jogos removidos da fila
00:50:00 [INFO] Fila: 4 aguardando | Cache: 0 bloqueados | Monitor odds: 0 | Monitor saida: 0 | ✅ 0 aprovados | 🔍 339 analisados | 📡 406 chamadas API
00:50:00 [INFO]   Proxima: 21:55 — aguardando 60s
00:51:00 [INFO] Fila: 4 aguardando | Cache: 0 bloqueados | Monitor odds: 0 | Monitor saida: 0 | ✅ 0 aprovados | 🔍 339 analisados | 📡 406 chamadas API
00:51:00 [INFO]   Proxima: 21:55 — aguardando 60s
00:52:00 [INFO] Fila: 4 aguardando | Cache: 0 bloqueados | Monitor odds: 0 | Monitor saida: 0 | ✅ 0 aprovados | 🔍 339 analisados | 📡 406 chamadas API
00:52:00 [INFO]   Proxima: 21:55 — aguardando 60s
00:53:00 [INFO] Fila: 4 aguardando | Cache: 0 bloqueados | Monitor odds: 0 | Monitor saida: 0 | ✅ 0 aprovados | 🔍 339 analisados | 📡 406 chamadas API
00:53:00 [INFO]   Proxima: 21:55 — aguardando 60s
00:54:00 [INFO] Fila: 4 aguardando | Cache: 0 bloqueados | Monitor odds: 0 | Monitor saida: 0 | ✅ 0 aprovados | 🔍 339 analisados | 📡 406 chamadas API
00:54:00 [INFO]   Proxima: 21:55 — aguardando 59s
00:55:00 [INFO] Fila: 4 aguardando | Cache: 0 bloqueados | Monitor odds: 0 | Monitor saida: 0 | ✅ 0 aprovados | 🔍 339 analisados | 📡 406 chamadas API
00:55:00 [INFO]   🔍 Suchitepequez v S Lucia Cotzumalguapa (22:00) | +4 min
00:55:00 [INFO]   ⛔ Sem mercados
00:55:00 [INFO]     -> Proxima: 22:00 (intervalo 5 min — 4 min p/ inicio)
00:55:00 [INFO]   🔍 Antigua GFC v Malacateco (22:00) | +4 min
00:55:00 [INFO]   ⛔ Sem mercados
00:55:00 [INFO]     -> Proxima: 22:00 (intervalo 5 min — 4 min p/ inicio)
00:55:00 [INFO] Fila: 4 aguardando | Cache: 0 bloqueados | Monitor odds: 0 | Monitor saida: 0 | ✅ 0 aprovados | 🔍 341 analisados | 📡 408 chamadas API
00:55:00 [INFO]   Proxima: 22:00 — aguardando 60s
00:56:00 [INFO] Fila: 4 aguardando | Cache: 0 bloqueados | Monitor odds: 0 | Monitor saida: 0 | ✅ 0 aprovados | 🔍 341 analisados | 📡 408 chamadas API
00:56:00 [INFO]   Proxima: 22:00 — aguardando 60s
00:57:00 [INFO] Fila: 4 aguardando | Cache: 0 bloqueados | Monitor odds: 0 | Monitor saida: 0 | ✅ 0 aprovados | 🔍 341 analisados | 📡 408 chamadas API
00:57:00 [INFO]   Proxima: 22:00 — aguardando 60s
00:58:00 [INFO] Fila: 4 aguardando | Cache: 0 bloqueados | Monitor odds: 0 | Monitor saida: 0 | ✅ 0 aprovados | 🔍 341 analisados | 📡 408 chamadas API
00:58:00 [INFO]   Proxima: 22:00 — aguardando 60s
00:59:00 [INFO] Fila: 4 aguardando | Cache: 0 bloqueados | Monitor odds: 0 | Monitor saida: 0 | ✅ 0 aprovados | 🔍 341 analisados | 📡 408 chamadas API
00:59:00 [INFO]   Proxima: 22:00 — aguardando 59s
01:00:00 [INFO] Fila: 4 aguardando | Cache: 0 bloqueados | Monitor odds: 0 | Monitor saida: 0 | ✅ 0 aprovados | 🔍 341 analisados | 📡 408 chamadas API
01:00:00 [INFO]   🔍 Suchitepequez v S Lucia Cotzumalguapa (22:00) | +0 min
01:00:00 [INFO]   ⛔ Sem mercados
01:00:00 [INFO]     -> Proxima: 22:05 (intervalo 5 min — 0 min p/ inicio)
01:00:00 [INFO] Fila: 4 aguardando | Cache: 0 bloqueados | Monitor odds: 0 | Monitor saida: 0 | ✅ 0 aprovados | 🔍 342 analisados | 📡 409 chamadas API
01:00:00 [INFO]   🔍 Antigua GFC v Malacateco (22:00) | +0 min
01:00:00 [INFO]   ⛔ Sem mercados
01:00:00 [INFO]     -> Proxima: 22:05 (intervalo 5 min — 0 min p/ inicio)
01:00:00 [INFO] Fila: 4 aguardando | Cache: 0 bloqueados | Monitor odds: 0 | Monitor saida: 0 | ✅ 0 aprovados | 🔍 343 analisados | 📡 410 chamadas API
01:00:00 [INFO]   Proxima: 22:05 — aguardando 60s
01:01:00 [INFO] Fila: 4 aguardando | Cache: 0 bloqueados | Monitor odds: 0 | Monitor saida: 0 | ✅ 0 aprovados | 🔍 343 analisados | 📡 410 chamadas API
01:01:00 [INFO]   Proxima: 22:05 — aguardando 60s
01:02:00 [INFO] Fila: 4 aguardando | Cache: 0 bloqueados | Monitor odds: 0 | Monitor saida: 0 | ✅ 0 aprovados | 🔍 343 analisados | 📡 410 chamadas API
01:02:00 [INFO]   Proxima: 22:05 — aguardando 60s
01:03:00 [INFO] Fila: 4 aguardando | Cache: 0 bloqueados | Monitor odds: 0 | Monitor saida: 0 | ✅ 0 aprovados | 🔍 343 analisados | 📡 410 chamadas API
01:03:00 [INFO]   Proxima: 22:05 — aguardando 60s
01:04:00 [INFO] Fila: 4 aguardando | Cache: 0 bloqueados | Monitor odds: 0 | Monitor saida: 0 | ✅ 0 aprovados | 🔍 343 analisados | 📡 410 chamadas API
01:04:00 [INFO]   Proxima: 22:05 — aguardando 59s
01:05:00 [INFO] Fila: 4 aguardando | Cache: 0 bloqueados | Monitor odds: 0 | Monitor saida: 0 | ✅ 0 aprovados | 🔍 343 analisados | 📡 410 chamadas API
01:05:00 [INFO]   🔍 Suchitepequez v S Lucia Cotzumalguapa (22:00) | -5 min
01:05:00 [INFO]   ⛔ Sem mercados
01:05:00 [INFO]     Descartado: Suchitepequez v S Lucia Cotzumalguapa — Janela encerrada (+10 min)
01:05:00 [INFO]   Agendador: 1 jogos removidos da fila
01:05:00 [INFO] Fila: 3 aguardando | Cache: 0 bloqueados | Monitor odds: 0 | Monitor saida: 0 | ✅ 0 aprovados | 🔍 344 analisados | 📡 411 chamadas API
01:05:00 [INFO]   Proxima: 22:05 — aguardando 10s
01:05:10 [INFO] Fila: 3 aguardando | Cache: 0 bloqueados | Monitor odds: 0 | Monitor saida: 0 | ✅ 0 aprovados | 🔍 344 analisados | 📡 411 chamadas API
01:05:10 [INFO]   🔍 Antigua GFC v Malacateco (22:00) | -5 min
01:05:11 [INFO]   ⛔ Sem mercados
01:05:11 [INFO]     Descartado: Antigua GFC v Malacateco — Janela encerrada (+10 min)
01:05:11 [INFO]   Agendador: 1 jogos removidos da fila
01:05:11 [INFO] Fila: 2 aguardando | Cache: 0 bloqueados | Monitor odds: 0 | Monitor saida: 0 | ✅ 0 aprovados | 🔍 345 analisados | 📡 412 chamadas API
01:05:11 [INFO]   Proxima: 22:25 — aguardando 60s
01:06:11 [INFO] Fila: 2 aguardando | Cache: 0 bloqueados | Monitor odds: 0 | Monitor saida: 0 | ✅ 0 aprovados | 🔍 345 analisados | 📡 412 chamadas API
01:06:11 [INFO]   Proxima: 22:25 — aguardando 60s
01:07:11 [INFO] Fila: 2 aguardando | Cache: 0 bloqueados | Monitor odds: 0 | Monitor saida: 0 | ✅ 0 aprovados | 🔍 345 analisados | 📡 412 chamadas API
01:07:11 [INFO]   Proxima: 22:25 — aguardando 60s
01:08:11 [INFO] Fila: 2 aguardando | Cache: 0 bloqueados | Monitor odds: 0 | Monitor saida: 0 | ✅ 0 aprovados | 🔍 345 analisados | 📡 412 chamadas API
01:08:11 [INFO]   Proxima: 22:25 — aguardando 60s
01:09:11 [INFO] Fila: 2 aguardando | Cache: 0 bloqueados | Monitor odds: 0 | Monitor saida: 0 | ✅ 0 aprovados | 🔍 345 analisados | 📡 412 chamadas API
01:09:11 [INFO]   Proxima: 22:25 — aguardando 60s
01:10:11 [INFO] Fila: 2 aguardando | Cache: 0 bloqueados | Monitor odds: 0 | Monitor saida: 0 | ✅ 0 aprovados | 🔍 345 analisados | 📡 412 chamadas API
01:10:11 [INFO]   Proxima: 22:25 — aguardando 60s
01:11:11 [INFO] Fila: 2 aguardando | Cache: 0 bloqueados | Monitor odds: 0 | Monitor saida: 0 | ✅ 0 aprovados | 🔍 345 analisados | 📡 412 chamadas API
01:11:11 [INFO]   Proxima: 22:25 — aguardando 60s
01:12:11 [INFO] Fila: 2 aguardando | Cache: 0 bloqueados | Monitor odds: 0 | Monitor saida: 0 | ✅ 0 aprovados | 🔍 345 analisados | 📡 412 chamadas API
01:12:11 [INFO]   Proxima: 22:25 — aguardando 60s
01:13:11 [INFO] Fila: 2 aguardando | Cache: 0 bloqueados | Monitor odds: 0 | Monitor saida: 0 | ✅ 0 aprovados | 🔍 345 analisados | 📡 412 chamadas API
01:13:11 [INFO]   Proxima: 22:25 — aguardando 60s
01:14:11 [INFO] Fila: 2 aguardando | Cache: 0 bloqueados | Monitor odds: 0 | Monitor saida: 0 | ✅ 0 aprovados | 🔍 345 analisados | 📡 412 chamadas API
01:14:11 [INFO]   Proxima: 22:25 — aguardando 60s
01:15:11 [INFO] Fila: 2 aguardando | Cache: 0 bloqueados | Monitor odds: 0 | Monitor saida: 0 | ✅ 0 aprovados | 🔍 345 analisados | 📡 412 chamadas API
01:15:11 [INFO] Buscando lista de jogos do dia...
01:15:11 [WARNING] Nenhum jogo retornado pela API Betfair!
01:15:12 [INFO]   Proxima: 22:25 — aguardando 60s
01:16:12 [INFO] Fila: 2 aguardando | Cache: 0 bloqueados | Monitor odds: 0 | Monitor saida: 0 | ✅ 0 aprovados | 🔍 345 analisados | 📡 413 chamadas API
01:16:12 [INFO]   Proxima: 22:25 — aguardando 60s
01:17:12 [INFO] Fila: 2 aguardando | Cache: 0 bloqueados | Monitor odds: 0 | Monitor saida: 0 | ✅ 0 aprovados | 🔍 345 analisados | 📡 413 chamadas API
01:17:12 [INFO]   Proxima: 22:25 — aguardando 60s
01:18:12 [INFO] Fila: 2 aguardando | Cache: 0 bloqueados | Monitor odds: 0 | Monitor saida: 0 | ✅ 0 aprovados | 🔍 345 analisados | 📡 413 chamadas API
01:18:12 [INFO]   Proxima: 22:25 — aguardando 60s
01:19:12 [INFO] Fila: 2 aguardando | Cache: 0 bloqueados | Monitor odds: 0 | Monitor saida: 0 | ✅ 0 aprovados | 🔍 345 analisados | 📡 413 chamadas API
01:19:12 [INFO]   Proxima: 22:25 — aguardando 60s
01:20:12 [INFO] Fila: 2 aguardando | Cache: 0 bloqueados | Monitor odds: 0 | Monitor saida: 0 | ✅ 0 aprovados | 🔍 345 analisados | 📡 413 chamadas API
01:20:12 [INFO]   Proxima: 22:25 — aguardando 60s
01:21:12 [INFO] Fila: 2 aguardando | Cache: 0 bloqueados | Monitor odds: 0 | Monitor saida: 0 | ✅ 0 aprovados | 🔍 345 analisados | 📡 413 chamadas API
01:21:12 [INFO]   Proxima: 22:25 — aguardando 60s
01:22:12 [INFO] Fila: 2 aguardando | Cache: 0 bloqueados | Monitor odds: 0 | Monitor saida: 0 | ✅ 0 aprovados | 🔍 345 analisados | 📡 413 chamadas API
01:22:12 [INFO]   Proxima: 22:25 — aguardando 60s
01:23:12 [INFO] Fila: 2 aguardando | Cache: 0 bloqueados | Monitor odds: 0 | Monitor saida: 0 | ✅ 0 aprovados | 🔍 345 analisados | 📡 413 chamadas API
01:23:12 [INFO]   Proxima: 22:25 — aguardando 60s
01:24:12 [INFO] Fila: 2 aguardando | Cache: 0 bloqueados | Monitor odds: 0 | Monitor saida: 0 | ✅ 0 aprovados | 🔍 345 analisados | 📡 413 chamadas API
01:24:12 [INFO]   Proxima: 22:25 — aguardando 47s
01:25:00 [INFO] Fila: 2 aguardando | Cache: 0 bloqueados | Monitor odds: 0 | Monitor saida: 0 | ✅ 0 aprovados | 🔍 345 analisados | 📡 413 chamadas API
01:25:00 [INFO]   🔍 America de Cali S.A v Millonarios (22:30) | +4 min
01:25:00 [INFO]   ⛔ Sem mercados
01:25:00 [INFO]     -> Proxima: 22:30 (intervalo 5 min — 4 min p/ inicio)
01:25:00 [INFO]   🔍 Olancho v CD Victoria (22:30) | +4 min
01:25:00 [INFO]   ⛔ Sem mercados
01:25:00 [INFO]     -> Proxima: 22:30 (intervalo 5 min — 4 min p/ inicio)
01:25:00 [INFO] Fila: 2 aguardando | Cache: 0 bloqueados | Monitor odds: 0 | Monitor saida: 0 | ✅ 0 aprovados | 🔍 347 analisados | 📡 415 chamadas API
01:25:00 [INFO]   Proxima: 22:30 — aguardando 60s
01:26:00 [INFO] Fila: 2 aguardando | Cache: 0 bloqueados | Monitor odds: 0 | Monitor saida: 0 | ✅ 0 aprovados | 🔍 347 analisados | 📡 415 chamadas API
01:26:00 [INFO]   Proxima: 22:30 — aguardando 60s
01:27:00 [INFO] Fila: 2 aguardando | Cache: 0 bloqueados | Monitor odds: 0 | Monitor saida: 0 | ✅ 0 aprovados | 🔍 347 analisados | 📡 415 chamadas API
01:27:00 [INFO]   Proxima: 22:30 — aguardando 60s
01:28:00 [INFO] Fila: 2 aguardando | Cache: 0 bloqueados | Monitor odds: 0 | Monitor saida: 0 | ✅ 0 aprovados | 🔍 347 analisados | 📡 415 chamadas API
01:28:00 [INFO]   Proxima: 22:30 — aguardando 60s
01:29:00 [INFO] Fila: 2 aguardando | Cache: 0 bloqueados | Monitor odds: 0 | Monitor saida: 0 | ✅ 0 aprovados | 🔍 347 analisados | 📡 415 chamadas API
01:29:00 [INFO]   Proxima: 22:30 — aguardando 59s
01:30:00 [INFO] Fila: 2 aguardando | Cache: 0 bloqueados | Monitor odds: 0 | Monitor saida: 0 | ✅ 0 aprovados | 🔍 347 analisados | 📡 415 chamadas API
01:30:00 [INFO]   🔍 America de Cali S.A v Millonarios (22:30) | +0 min
01:30:00 [INFO]   ⛔ Sem mercados
01:30:00 [INFO]     -> Proxima: 22:35 (intervalo 5 min — 0 min p/ inicio)
01:30:00 [INFO] Fila: 2 aguardando | Cache: 0 bloqueados | Monitor odds: 0 | Monitor saida: 0 | ✅ 0 aprovados | 🔍 348 analisados | 📡 416 chamadas API
01:30:00 [INFO]   🔍 Olancho v CD Victoria (22:30) | +0 min
01:30:00 [INFO]   ⛔ Sem mercados
01:30:00 [INFO]     -> Proxima: 22:35 (intervalo 5 min — 0 min p/ inicio)
01:30:00 [INFO] Fila: 2 aguardando | Cache: 0 bloqueados | Monitor odds: 0 | Monitor saida: 0 | ✅ 0 aprovados | 🔍 349 analisados | 📡 417 chamadas API
01:30:00 [INFO]   Proxima: 22:35 — aguardando 60s
01:31:00 [INFO] Fila: 2 aguardando | Cache: 0 bloqueados | Monitor odds: 0 | Monitor saida: 0 | ✅ 0 aprovados | 🔍 349 analisados | 📡 417 chamadas API
01:31:00 [INFO]   Proxima: 22:35 — aguardando 60s
01:32:00 [INFO] Fila: 2 aguardando | Cache: 0 bloqueados | Monitor odds: 0 | Monitor saida: 0 | ✅ 0 aprovados | 🔍 349 analisados | 📡 417 chamadas API
01:32:00 [INFO]   Proxima: 22:35 — aguardando 60s
01:33:00 [INFO] Fila: 2 aguardando | Cache: 0 bloqueados | Monitor odds: 0 | Monitor saida: 0 | ✅ 0 aprovados | 🔍 349 analisados | 📡 417 chamadas API
01:33:00 [INFO]   Proxima: 22:35 — aguardando 60s
01:34:00 [INFO] Fila: 2 aguardando | Cache: 0 bloqueados | Monitor odds: 0 | Monitor saida: 0 | ✅ 0 aprovados | 🔍 349 analisados | 📡 417 chamadas API
01:34:00 [INFO]   Proxima: 22:35 — aguardando 59s
01:35:00 [INFO] Fila: 2 aguardando | Cache: 0 bloqueados | Monitor odds: 0 | Monitor saida: 0 | ✅ 0 aprovados | 🔍 349 analisados | 📡 417 chamadas API
01:35:00 [INFO]   🔍 America de Cali S.A v Millonarios (22:30) | -5 min
01:35:00 [INFO]   ⛔ Sem mercados
01:35:00 [INFO]     Descartado: America de Cali S.A v Millonarios — Janela encerrada (+10 min)
01:35:00 [INFO]   Agendador: 1 jogos removidos da fila
01:35:00 [INFO] Fila: 1 aguardando | Cache: 0 bloqueados | Monitor odds: 0 | Monitor saida: 0 | ✅ 0 aprovados | 🔍 350 analisados | 📡 418 chamadas API
01:35:00 [INFO]   Proxima: 22:35 — aguardando 10s
01:35:10 [INFO] Fila: 1 aguardando | Cache: 0 bloqueados | Monitor odds: 0 | Monitor saida: 0 | ✅ 0 aprovados | 🔍 350 analisados | 📡 418 chamadas API
01:35:10 [INFO]   🔍 Olancho v CD Victoria (22:30) | -5 min
01:35:11 [INFO]   ⛔ Sem mercados
01:35:11 [INFO]     Descartado: Olancho v CD Victoria — Janela encerrada (+10 min)
01:35:11 [INFO]   Agendador: 1 jogos removidos da fila
01:35:11 [INFO] Fila: 0 aguardando | Cache: 0 bloqueados | Monitor odds: 0 | Monitor saida: 0 | ✅ 0 aprovados | 🔍 351 analisados | 📡 419 chamadas API
01:35:11 [INFO]   Sem jogos na fila. Aguardando 60s...
01:36:11 [INFO] Fila: 0 aguardando | Cache: 0 bloqueados | Monitor odds: 0 | Monitor saida: 0 | ✅ 0 aprovados | 🔍 351 analisados | 📡 419 chamadas API
01:36:11 [INFO]   Sem jogos na fila. Aguardando 60s...
01:37:11 [INFO] Fila: 0 aguardando | Cache: 0 bloqueados | Monitor odds: 0 | Monitor saida: 0 | ✅ 0 aprovados | 🔍 351 analisados | 📡 419 chamadas API
01:37:11 [INFO]   Sem jogos na fila. Aguardando 60s...
01:38:11 [INFO] Fila: 0 aguardando | Cache: 0 bloqueados | Monitor odds: 0 | Monitor saida: 0 | ✅ 0 aprovados | 🔍 351 analisados | 📡 419 chamadas API
01:38:11 [INFO]   Sem jogos na fila. Aguardando 60s...
01:39:11 [INFO] Fila: 0 aguardando | Cache: 0 bloqueados | Monitor odds: 0 | Monitor saida: 0 | ✅ 0 aprovados | 🔍 351 analisados | 📡 419 chamadas API
01:39:11 [INFO]   Sem jogos na fila. Aguardando 60s...
01:40:11 [INFO] Fila: 0 aguardando | Cache: 0 bloqueados | Monitor odds: 0 | Monitor saida: 0 | ✅ 0 aprovados | 🔍 351 analisados | 📡 419 chamadas API
01:40:11 [INFO]   Sem jogos na fila. Aguardando 60s...
01:41:11 [INFO] Fila: 0 aguardando | Cache: 0 bloqueados | Monitor odds: 0 | Monitor saida: 0 | ✅ 0 aprovados | 🔍 351 analisados | 📡 419 chamadas API
01:41:11 [INFO]   Sem jogos na fila. Aguardando 60s...
01:42:11 [INFO] Fila: 0 aguardando | Cache: 0 bloqueados | Monitor odds: 0 | Monitor saida: 0 | ✅ 0 aprovados | 🔍 351 analisados | 📡 419 chamadas API
01:42:11 [INFO]   Sem jogos na fila. Aguardando 60s...
01:43:11 [INFO] Fila: 0 aguardando | Cache: 0 bloqueados | Monitor odds: 0 | Monitor saida: 0 | ✅ 0 aprovados | 🔍 351 analisados | 📡 419 chamadas API
01:43:11 [INFO]   Sem jogos na fila. Aguardando 60s...
01:44:11 [INFO] Fila: 0 aguardando | Cache: 0 bloqueados | Monitor odds: 0 | Monitor saida: 0 | ✅ 0 aprovados | 🔍 351 analisados | 📡 419 chamadas API
01:44:11 [INFO]   Sem jogos na fila. Aguardando 60s...
01:45:11 [INFO] Fila: 0 aguardando | Cache: 0 bloqueados | Monitor odds: 0 | Monitor saida: 0 | ✅ 0 aprovados | 🔍 351 analisados | 📡 419 chamadas API
01:45:11 [INFO]   Sem jogos na fila. Aguardando 60s...
01:46:11 [INFO] Fila: 0 aguardando | Cache: 0 bloqueados | Monitor odds: 0 | Monitor saida: 0 | ✅ 0 aprovados | 🔍 351 analisados | 📡 419 chamadas API
01:46:11 [INFO]   Sem jogos na fila. Aguardando 60s...
01:47:11 [INFO] Fila: 0 aguardando | Cache: 0 bloqueados | Monitor odds: 0 | Monitor saida: 0 | ✅ 0 aprovados | 🔍 351 analisados | 📡 419 chamadas API
01:47:11 [INFO]   Sem jogos na fila. Aguardando 60s...
01:48:11 [INFO] Fila: 0 aguardando | Cache: 0 bloqueados | Monitor odds: 0 | Monitor saida: 0 | ✅ 0 aprovados | 🔍 351 analisados | 📡 419 chamadas API
01:48:11 [INFO]   Sem jogos na fila. Aguardando 60s...
01:49:11 [INFO] Fila: 0 aguardando | Cache: 0 bloqueados | Monitor odds: 0 | Monitor saida: 0 | ✅ 0 aprovados | 🔍 351 analisados | 📡 419 chamadas API
01:49:11 [INFO]   Sem jogos na fila. Aguardando 60s...
01:50:11 [INFO] Fila: 0 aguardando | Cache: 0 bloqueados | Monitor odds: 0 | Monitor saida: 0 | ✅ 0 aprovados | 🔍 351 analisados | 📡 419 chamadas API
01:50:11 [INFO]   Sem jogos na fila. Aguardando 60s...
01:51:11 [INFO] Fila: 0 aguardando | Cache: 0 bloqueados | Monitor odds: 0 | Monitor saida: 0 | ✅ 0 aprovados | 🔍 351 analisados | 📡 419 chamadas API
01:51:11 [INFO]   Sem jogos na fila. Aguardando 60s...
01:52:11 [INFO] Fila: 0 aguardando | Cache: 0 bloqueados | Monitor odds: 0 | Monitor saida: 0 | ✅ 0 aprovados | 🔍 351 analisados | 📡 419 chamadas API
01:52:11 [INFO]   Sem jogos na fila. Aguardando 60s...
01:53:11 [INFO] Fila: 0 aguardando | Cache: 0 bloqueados | Monitor odds: 0 | Monitor saida: 0 | ✅ 0 aprovados | 🔍 351 analisados | 📡 419 chamadas API
01:53:11 [INFO]   Sem jogos na fila. Aguardando 60s...
01:54:11 [INFO] Fila: 0 aguardando | Cache: 0 bloqueados | Monitor odds: 0 | Monitor saida: 0 | ✅ 0 aprovados | 🔍 351 analisados | 📡 419 chamadas API
01:54:11 [INFO]   Sem jogos na fila. Aguardando 60s...
01:55:11 [INFO] Fila: 0 aguardando | Cache: 0 bloqueados | Monitor odds: 0 | Monitor saida: 0 | ✅ 0 aprovados | 🔍 351 analisados | 📡 419 chamadas API
01:55:11 [INFO]   Sem jogos na fila. Aguardando 60s...
01:56:11 [INFO] Fila: 0 aguardando | Cache: 0 bloqueados | Monitor odds: 0 | Monitor saida: 0 | ✅ 0 aprovados | 🔍 351 analisados | 📡 419 chamadas API
01:56:11 [INFO]   Sem jogos na fila. Aguardando 60s...
01:57:11 [INFO] Fila: 0 aguardando | Cache: 0 bloqueados | Monitor odds: 0 | Monitor saida: 0 | ✅ 0 aprovados | 🔍 351 analisados | 📡 419 chamadas API
01:57:11 [INFO]   Sem jogos na fila. Aguardando 60s...
01:58:11 [INFO] Fila: 0 aguardando | Cache: 0 bloqueados | Monitor odds: 0 | Monitor saida: 0 | ✅ 0 aprovados | 🔍 351 analisados | 📡 419 chamadas API
01:58:11 [INFO]   Sem jogos na fila. Aguardando 60s...
01:59:11 [INFO] Fila: 0 aguardando | Cache: 0 bloqueados | Monitor odds: 0 | Monitor saida: 0 | ✅ 0 aprovados | 🔍 351 analisados | 📡 419 chamadas API
01:59:11 [INFO]   Sem jogos na fila. Aguardando 60s...
02:00:11 [INFO] Fila: 0 aguardando | Cache: 0 bloqueados | Monitor odds: 0 | Monitor saida: 0 | ✅ 0 aprovados | 🔍 351 analisados | 📡 419 chamadas API
02:00:11 [INFO]   Sem jogos na fila. Aguardando 60s...
02:01:11 [INFO] Fila: 0 aguardando | Cache: 0 bloqueados | Monitor odds: 0 | Monitor saida: 0 | ✅ 0 aprovados | 🔍 351 analisados | 📡 419 chamadas API
02:01:11 [INFO]   Sem jogos na fila. Aguardando 60s...
02:02:11 [INFO] Fila: 0 aguardando | Cache: 0 bloqueados | Monitor odds: 0 | Monitor saida: 0 | ✅ 0 aprovados | 🔍 351 analisados | 📡 419 chamadas API
02:02:11 [INFO]   Sem jogos na fila. Aguardando 60s...
02:03:11 [INFO] Fila: 0 aguardando | Cache: 0 bloqueados | Monitor odds: 0 | Monitor saida: 0 | ✅ 0 aprovados | 🔍 351 analisados | 📡 419 chamadas API
02:03:11 [INFO]   Sem jogos na fila. Aguardando 60s...
02:04:11 [INFO] Fila: 0 aguardando | Cache: 0 bloqueados | Monitor odds: 0 | Monitor saida: 0 | ✅ 0 aprovados | 🔍 351 analisados | 📡 419 chamadas API
02:04:11 [INFO]   Sem jogos na fila. Aguardando 60s...
02:05:11 [INFO] Fila: 0 aguardando | Cache: 0 bloqueados | Monitor odds: 0 | Monitor saida: 0 | ✅ 0 aprovados | 🔍 351 analisados | 📡 419 chamadas API
02:05:11 [INFO]   Sem jogos na fila. Aguardando 60s...
02:06:11 [INFO] Fila: 0 aguardando | Cache: 0 bloqueados | Monitor odds: 0 | Monitor saida: 0 | ✅ 0 aprovados | 🔍 351 analisados | 📡 419 chamadas API
02:06:11 [INFO]   Sem jogos na fila. Aguardando 60s...
02:07:11 [INFO] Fila: 0 aguardando | Cache: 0 bloqueados | Monitor odds: 0 | Monitor saida: 0 | ✅ 0 aprovados | 🔍 351 analisados | 📡 419 chamadas API
02:07:11 [INFO]   Sem jogos na fila. Aguardando 60s...
02:08:11 [INFO] Fila: 0 aguardando | Cache: 0 bloqueados | Monitor odds: 0 | Monitor saida: 0 | ✅ 0 aprovados | 🔍 351 analisados | 📡 419 chamadas API
02:08:11 [INFO]   Sem jogos na fila. Aguardando 60s...
02:09:11 [INFO] Fila: 0 aguardando | Cache: 0 bloqueados | Monitor odds: 0 | Monitor saida: 0 | ✅ 0 aprovados | 🔍 351 analisados | 📡 419 chamadas API
02:09:11 [INFO]   Sem jogos na fila. Aguardando 60s...
02:10:11 [INFO] Fila: 0 aguardando | Cache: 0 bloqueados | Monitor odds: 0 | Monitor saida: 0 | ✅ 0 aprovados | 🔍 351 analisados | 📡 419 chamadas API
02:10:11 [INFO]   Sem jogos na fila. Aguardando 60s...
02:11:11 [INFO] Fila: 0 aguardando | Cache: 0 bloqueados | Monitor odds: 0 | Monitor saida: 0 | ✅ 0 aprovados | 🔍 351 analisados | 📡 419 chamadas API
02:11:11 [INFO]   Sem jogos na fila. Aguardando 60s...
02:12:11 [INFO] Fila: 0 aguardando | Cache: 0 bloqueados | Monitor odds: 0 | Monitor saida: 0 | ✅ 0 aprovados | 🔍 351 analisados | 📡 419 chamadas API
02:12:11 [INFO]   Sem jogos na fila. Aguardando 60s...
02:13:11 [INFO] Fila: 0 aguardando | Cache: 0 bloqueados | Monitor odds: 0 | Monitor saida: 0 | ✅ 0 aprovados | 🔍 351 analisados | 📡 419 chamadas API
02:13:11 [INFO]   Sem jogos na fila. Aguardando 60s...
02:14:11 [INFO] Fila: 0 aguardando | Cache: 0 bloqueados | Monitor odds: 0 | Monitor saida: 0 | ✅ 0 aprovados | 🔍 351 analisados | 📡 419 chamadas API
02:14:11 [INFO]   Sem jogos na fila. Aguardando 60s...
02:15:11 [INFO] Fila: 0 aguardando | Cache: 0 bloqueados | Monitor odds: 0 | Monitor saida: 0 | ✅ 0 aprovados | 🔍 351 analisados | 📡 419 chamadas API
02:15:11 [INFO] Buscando lista de jogos do dia...
02:15:11 [WARNING] Nenhum jogo retornado pela API Betfair!
02:15:12 [INFO]   Sem jogos na fila. Aguardando 60s...
02:16:12 [INFO] Fila: 0 aguardando | Cache: 0 bloqueados | Monitor odds: 0 | Monitor saida: 0 | ✅ 0 aprovados | 🔍 351 analisados | 📡 420 chamadas API
02:16:12 [INFO]   Sem jogos na fila. Aguardando 60s...
02:17:12 [INFO] Fila: 0 aguardando | Cache: 0 bloqueados | Monitor odds: 0 | Monitor saida: 0 | ✅ 0 aprovados | 🔍 351 analisados | 📡 420 chamadas API
02:17:12 [INFO]   Sem jogos na fila. Aguardando 60s...
02:18:12 [INFO] Fila: 0 aguardando | Cache: 0 bloqueados | Monitor odds: 0 | Monitor saida: 0 | ✅ 0 aprovados | 🔍 351 analisados | 📡 420 chamadas API
02:18:12 [INFO]   Sem jogos na fila. Aguardando 60s...
02:19:12 [INFO] Fila: 0 aguardando | Cache: 0 bloqueados | Monitor odds: 0 | Monitor saida: 0 | ✅ 0 aprovados | 🔍 351 analisados | 📡 420 chamadas API
02:19:12 [INFO]   Sem jogos na fila. Aguardando 60s...
02:20:12 [INFO] Fila: 0 aguardando | Cache: 0 bloqueados | Monitor odds: 0 | Monitor saida: 0 | ✅ 0 aprovados | 🔍 351 analisados | 📡 420 chamadas API
02:20:12 [INFO]   Sem jogos na fila. Aguardando 60s...
02:21:12 [INFO] Fila: 0 aguardando | Cache: 0 bloqueados | Monitor odds: 0 | Monitor saida: 0 | ✅ 0 aprovados | 🔍 351 analisados | 📡 420 chamadas API
02:21:12 [INFO]   Sem jogos na fila. Aguardando 60s...
02:22:12 [INFO] Fila: 0 aguardando | Cache: 0 bloqueados | Monitor odds: 0 | Monitor saida: 0 | ✅ 0 aprovados | 🔍 351 analisados | 📡 420 chamadas API
02:22:12 [INFO]   Sem jogos na fila. Aguardando 60s...
02:23:12 [INFO] Fila: 0 aguardando | Cache: 0 bloqueados | Monitor odds: 0 | Monitor saida: 0 | ✅ 0 aprovados | 🔍 351 analisados | 📡 420 chamadas API
02:23:12 [INFO]   Sem jogos na fila. Aguardando 60s...
02:24:12 [INFO] Fila: 0 aguardando | Cache: 0 bloqueados | Monitor odds: 0 | Monitor saida: 0 | ✅ 0 aprovados | 🔍 351 analisados | 📡 420 chamadas API
02:24:12 [INFO]   Sem jogos na fila. Aguardando 60s...
02:25:12 [INFO] Fila: 0 aguardando | Cache: 0 bloqueados | Monitor odds: 0 | Monitor saida: 0 | ✅ 0 aprovados | 🔍 351 analisados | 📡 420 chamadas API
02:25:12 [INFO]   Sem jogos na fila. Aguardando 60s...
02:26:12 [INFO] Fila: 0 aguardando | Cache: 0 bloqueados | Monitor odds: 0 | Monitor saida: 0 | ✅ 0 aprovados | 🔍 351 analisados | 📡 420 chamadas API
02:26:12 [INFO]   Sem jogos na fila. Aguardando 60s...
02:27:12 [INFO] Fila: 0 aguardando | Cache: 0 bloqueados | Monitor odds: 0 | Monitor saida: 0 | ✅ 0 aprovados | 🔍 351 analisados | 📡 420 chamadas API
02:27:12 [INFO]   Sem jogos na fila. Aguardando 60s...
02:28:12 [INFO] Fila: 0 aguardando | Cache: 0 bloqueados | Monitor odds: 0 | Monitor saida: 0 | ✅ 0 aprovados | 🔍 351 analisados | 📡 420 chamadas API
02:28:12 [INFO]   Sem jogos na fila. Aguardando 60s...
02:29:12 [INFO] Fila: 0 aguardando | Cache: 0 bloqueados | Monitor odds: 0 | Monitor saida: 0 | ✅ 0 aprovados | 🔍 351 analisados | 📡 420 chamadas API
02:29:12 [INFO]   Sem jogos na fila. Aguardando 60s...
02:30:12 [INFO] Fila: 0 aguardando | Cache: 0 bloqueados | Monitor odds: 0 | Monitor saida: 0 | ✅ 0 aprovados | 🔍 351 analisados | 📡 420 chamadas API
02:30:12 [INFO]   Sem jogos na fila. Aguardando 60s...
02:31:12 [INFO] Fila: 0 aguardando | Cache: 0 bloqueados | Monitor odds: 0 | Monitor saida: 0 | ✅ 0 aprovados | 🔍 351 analisados | 📡 420 chamadas API
02:31:12 [INFO]   Sem jogos na fila. Aguardando 60s...
02:32:12 [INFO] Fila: 0 aguardando | Cache: 0 bloqueados | Monitor odds: 0 | Monitor saida: 0 | ✅ 0 aprovados | 🔍 351 analisados | 📡 420 chamadas API
02:32:12 [INFO]   Sem jogos na fila. Aguardando 60s...
02:33:12 [INFO] Fila: 0 aguardando | Cache: 0 bloqueados | Monitor odds: 0 | Monitor saida: 0 | ✅ 0 aprovados | 🔍 351 analisados | 📡 420 chamadas API
02:33:12 [INFO]   Sem jogos na fila. Aguardando 60s...
02:34:12 [INFO] Fila: 0 aguardando | Cache: 0 bloqueados | Monitor odds: 0 | Monitor saida: 0 | ✅ 0 aprovados | 🔍 351 analisados | 📡 420 chamadas API
02:34:12 [INFO]   Sem jogos na fila. Aguardando 60s...
02:35:12 [INFO] Fila: 0 aguardando | Cache: 0 bloqueados | Monitor odds: 0 | Monitor saida: 0 | ✅ 0 aprovados | 🔍 351 analisados | 📡 420 chamadas API
02:35:12 [INFO]   Sem jogos na fila. Aguardando 60s...
02:36:12 [INFO] Fila: 0 aguardando | Cache: 0 bloqueados | Monitor odds: 0 | Monitor saida: 0 | ✅ 0 aprovados | 🔍 351 analisados | 📡 420 chamadas API
02:36:12 [INFO]   Sem jogos na fila. Aguardando 60s...
02:37:12 [INFO] Fila: 0 aguardando | Cache: 0 bloqueados | Monitor odds: 0 | Monitor saida: 0 | ✅ 0 aprovados | 🔍 351 analisados | 📡 420 chamadas API
02:37:12 [INFO]   Sem jogos na fila. Aguardando 60s...
02:38:12 [INFO] Fila: 0 aguardando | Cache: 0 bloqueados | Monitor odds: 0 | Monitor saida: 0 | ✅ 0 aprovados | 🔍 351 analisados | 📡 420 chamadas API
02:38:12 [INFO]   Sem jogos na fila. Aguardando 60s...
02:39:12 [INFO] Fila: 0 aguardando | Cache: 0 bloqueados | Monitor odds: 0 | Monitor saida: 0 | ✅ 0 aprovados | 🔍 351 analisados | 📡 420 chamadas API
02:39:12 [INFO]   Sem jogos na fila. Aguardando 60s...
02:40:12 [INFO] Fila: 0 aguardando | Cache: 0 bloqueados | Monitor odds: 0 | Monitor saida: 0 | ✅ 0 aprovados | 🔍 351 analisados | 📡 420 chamadas API
02:40:12 [INFO]   Sem jogos na fila. Aguardando 60s...
02:41:12 [INFO] Fila: 0 aguardando | Cache: 0 bloqueados | Monitor odds: 0 | Monitor saida: 0 | ✅ 0 aprovados | 🔍 351 analisados | 📡 420 chamadas API
02:41:12 [INFO]   Sem jogos na fila. Aguardando 60s...
02:42:12 [INFO] Fila: 0 aguardando | Cache: 0 bloqueados | Monitor odds: 0 | Monitor saida: 0 | ✅ 0 aprovados | 🔍 351 analisados | 📡 420 chamadas API
02:42:12 [INFO]   Sem jogos na fila. Aguardando 60s...
02:43:12 [INFO] Fila: 0 aguardando | Cache: 0 bloqueados | Monitor odds: 0 | Monitor saida: 0 | ✅ 0 aprovados | 🔍 351 analisados | 📡 420 chamadas API
02:43:12 [INFO]   Sem jogos na fila. Aguardando 60s...
02:44:12 [INFO] Fila: 0 aguardando | Cache: 0 bloqueados | Monitor odds: 0 | Monitor saida: 0 | ✅ 0 aprovados | 🔍 351 analisados | 📡 420 chamadas API
02:44:12 [INFO]   Sem jogos na fila. Aguardando 60s...
02:45:12 [INFO] Fila: 0 aguardando | Cache: 0 bloqueados | Monitor odds: 0 | Monitor saida: 0 | ✅ 0 aprovados | 🔍 351 analisados | 📡 420 chamadas API
02:45:12 [INFO]   Sem jogos na fila. Aguardando 60s...
02:46:12 [INFO] Fila: 0 aguardando | Cache: 0 bloqueados | Monitor odds: 0 | Monitor saida: 0 | ✅ 0 aprovados | 🔍 351 analisados | 📡 420 chamadas API
02:46:12 [INFO]   Sem jogos na fila. Aguardando 60s...
02:47:12 [INFO] Fila: 0 aguardando | Cache: 0 bloqueados | Monitor odds: 0 | Monitor saida: 0 | ✅ 0 aprovados | 🔍 351 analisados | 📡 420 chamadas API
02:47:12 [INFO]   Sem jogos na fila. Aguardando 60s...
02:48:12 [INFO] Fila: 0 aguardando | Cache: 0 bloqueados | Monitor odds: 0 | Monitor saida: 0 | ✅ 0 aprovados | 🔍 351 analisados | 📡 420 chamadas API
02:48:12 [INFO]   Sem jogos na fila. Aguardando 60s...
02:49:12 [INFO] Fila: 0 aguardando | Cache: 0 bloqueados | Monitor odds: 0 | Monitor saida: 0 | ✅ 0 aprovados | 🔍 351 analisados | 📡 420 chamadas API
02:49:12 [INFO]   Sem jogos na fila. Aguardando 60s...
02:50:12 [INFO] Fila: 0 aguardando | Cache: 0 bloqueados | Monitor odds: 0 | Monitor saida: 0 | ✅ 0 aprovados | 🔍 351 analisados | 📡 420 chamadas API
02:50:12 [INFO]   Sem jogos na fila. Aguardando 60s...
02:51:12 [INFO] Fila: 0 aguardando | Cache: 0 bloqueados | Monitor odds: 0 | Monitor saida: 0 | ✅ 0 aprovados | 🔍 351 analisados | 📡 420 chamadas API
02:51:12 [INFO]   Sem jogos na fila. Aguardando 60s...
02:52:12 [INFO] Fila: 0 aguardando | Cache: 0 bloqueados | Monitor odds: 0 | Monitor saida: 0 | ✅ 0 aprovados | 🔍 351 analisados | 📡 420 chamadas API
02:52:12 [INFO]   Sem jogos na fila. Aguardando 60s...
02:53:12 [INFO] Fila: 0 aguardando | Cache: 0 bloqueados | Monitor odds: 0 | Monitor saida: 0 | ✅ 0 aprovados | 🔍 351 analisados | 📡 420 chamadas API
02:53:12 [INFO]   Sem jogos na fila. Aguardando 60s...
02:54:12 [INFO] Fila: 0 aguardando | Cache: 0 bloqueados | Monitor odds: 0 | Monitor saida: 0 | ✅ 0 aprovados | 🔍 351 analisados | 📡 420 chamadas API
02:54:12 [INFO]   Sem jogos na fila. Aguardando 60s...
02:55:12 [INFO] Fila: 0 aguardando | Cache: 0 bloqueados | Monitor odds: 0 | Monitor saida: 0 | ✅ 0 aprovados | 🔍 351 analisados | 📡 420 chamadas API
02:55:12 [INFO]   Sem jogos na fila. Aguardando 60s...
02:56:12 [INFO] Fila: 0 aguardando | Cache: 0 bloqueados | Monitor odds: 0 | Monitor saida: 0 | ✅ 0 aprovados | 🔍 351 analisados | 📡 420 chamadas API
02:56:12 [INFO]   Sem jogos na fila. Aguardando 60s...
02:57:12 [INFO] Fila: 0 aguardando | Cache: 0 bloqueados | Monitor odds: 0 | Monitor saida: 0 | ✅ 0 aprovados | 🔍 351 analisados | 📡 420 chamadas API
02:57:12 [INFO]   Sem jogos na fila. Aguardando 60s...
02:58:12 [INFO] Fila: 0 aguardando | Cache: 0 bloqueados | Monitor odds: 0 | Monitor saida: 0 | ✅ 0 aprovados | 🔍 351 analisados | 📡 420 chamadas API
02:58:12 [INFO]   Sem jogos na fila. Aguardando 60s...
02:59:12 [INFO] Fila: 0 aguardando | Cache: 0 bloqueados | Monitor odds: 0 | Monitor saida: 0 | ✅ 0 aprovados | 🔍 351 analisados | 📡 420 chamadas API
02:59:12 [INFO]   Sem jogos na fila. Aguardando 60s...
03:00:12 [INFO] Fila: 0 aguardando | Cache: 0 bloqueados | Monitor odds: 0 | Monitor saida: 0 | ✅ 0 aprovados | 🔍 351 analisados | 📡 420 chamadas API
03:00:12 [INFO]   Sem jogos na fila. Aguardando 60s...
03:01:12 [INFO] Fila: 0 aguardando | Cache: 0 bloqueados | Monitor odds: 0 | Monitor saida: 0 | ✅ 0 aprovados | 🔍 351 analisados | 📡 420 chamadas API
03:01:12 [INFO]   Sem jogos na fila. Aguardando 60s...
03:02:12 [INFO] Fila: 0 aguardando | Cache: 0 bloqueados | Monitor odds: 0 | Monitor saida: 0 | ✅ 0 aprovados | 🔍 351 analisados | 📡 420 chamadas API
03:02:12 [INFO]   Sem jogos na fila. Aguardando 60s...
03:03:12 [INFO] Fila: 0 aguardando | Cache: 0 bloqueados | Monitor odds: 0 | Monitor saida: 0 | ✅ 0 aprovados | 🔍 351 analisados | 📡 420 chamadas API
03:03:12 [INFO]   Sem jogos na fila. Aguardando 60s...
03:04:12 [INFO] Fila: 0 aguardando | Cache: 0 bloqueados | Monitor odds: 0 | Monitor saida: 0 | ✅ 0 aprovados | 🔍 351 analisados | 📡 420 chamadas API
03:04:12 [INFO]   Sem jogos na fila. Aguardando 60s...
03:05:12 [INFO] Fila: 0 aguardando | Cache: 0 bloqueados | Monitor odds: 0 | Monitor saida: 0 | ✅ 0 aprovados | 🔍 351 analisados | 📡 420 chamadas API
03:05:12 [INFO]   Sem jogos na fila. Aguardando 60s...
03:06:12 [INFO] Fila: 0 aguardando | Cache: 0 bloqueados | Monitor odds: 0 | Monitor saida: 0 | ✅ 0 aprovados | 🔍 351 analisados | 📡 420 chamadas API
03:06:12 [INFO]   Sem jogos na fila. Aguardando 60s...
03:07:12 [INFO] Fila: 0 aguardando | Cache: 0 bloqueados | Monitor odds: 0 | Monitor saida: 0 | ✅ 0 aprovados | 🔍 351 analisados | 📡 420 chamadas API
03:07:12 [INFO]   Sem jogos na fila. Aguardando 60s...
03:08:12 [INFO] Fila: 0 aguardando | Cache: 0 bloqueados | Monitor odds: 0 | Monitor saida: 0 | ✅ 0 aprovados | 🔍 351 analisados | 📡 420 chamadas API
03:08:12 [INFO]   Sem jogos na fila. Aguardando 60s...
03:09:12 [INFO] Fila: 0 aguardando | Cache: 0 bloqueados | Monitor odds: 0 | Monitor saida: 0 | ✅ 0 aprovados | 🔍 351 analisados | 📡 420 chamadas API
03:09:12 [INFO]   Sem jogos na fila. Aguardando 60s...
03:10:12 [INFO] Fila: 0 aguardando | Cache: 0 bloqueados | Monitor odds: 0 | Monitor saida: 0 | ✅ 0 aprovados | 🔍 351 analisados | 📡 420 chamadas API
03:10:12 [INFO]   Sem jogos na fila. Aguardando 60s...
03:11:12 [INFO] Fila: 0 aguardando | Cache: 0 bloqueados | Monitor odds: 0 | Monitor saida: 0 | ✅ 0 aprovados | 🔍 351 analisados | 📡 420 chamadas API
03:11:12 [INFO]   Sem jogos na fila. Aguardando 60s...
03:12:12 [INFO] Fila: 0 aguardando | Cache: 0 bloqueados | Monitor odds: 0 | Monitor saida: 0 | ✅ 0 aprovados | 🔍 351 analisados | 📡 420 chamadas API
03:12:12 [INFO]   Sem jogos na fila. Aguardando 60s...
03:13:12 [INFO] Fila: 0 aguardando | Cache: 0 bloqueados | Monitor odds: 0 | Monitor saida: 0 | ✅ 0 aprovados | 🔍 351 analisados | 📡 420 chamadas API
03:13:12 [INFO]   Sem jogos na fila. Aguardando 60s...
03:14:12 [INFO] Fila: 0 aguardando | Cache: 0 bloqueados | Monitor odds: 0 | Monitor saida: 0 | ✅ 0 aprovados | 🔍 351 analisados | 📡 420 chamadas API
03:14:12 [INFO]   Sem jogos na fila. Aguardando 60s...
03:15:12 [INFO] Fila: 0 aguardando | Cache: 0 bloqueados | Monitor odds: 0 | Monitor saida: 0 | ✅ 0 aprovados | 🔍 351 analisados | 📡 420 chamadas API
03:15:12 [INFO] Buscando lista de jogos do dia...
03:15:12 [WARNING] Nenhum jogo retornado pela API Betfair!
03:15:13 [INFO]   Sem jogos na fila. Aguardando 60s...
03:16:13 [INFO] Fila: 0 aguardando | Cache: 0 bloqueados | Monitor odds: 0 | Monitor saida: 0 | ✅ 0 aprovados | 🔍 351 analisados | 📡 421 chamadas API
03:16:13 [INFO]   Sem jogos na fila. Aguardando 60s...
03:17:13 [INFO] Fila: 0 aguardando | Cache: 0 bloqueados | Monitor odds: 0 | Monitor saida: 0 | ✅ 0 aprovados | 🔍 351 analisados | 📡 421 chamadas API
03:17:13 [INFO]   Sem jogos na fila. Aguardando 60s...
03:18:13 [INFO] Fila: 0 aguardando | Cache: 0 bloqueados | Monitor odds: 0 | Monitor saida: 0 | ✅ 0 aprovados | 🔍 351 analisados | 📡 421 chamadas API
03:18:13 [INFO]   Sem jogos na fila. Aguardando 60s...
03:19:13 [INFO] Fila: 0 aguardando | Cache: 0 bloqueados | Monitor odds: 0 | Monitor saida: 0 | ✅ 0 aprovados | 🔍 351 analisados | 📡 421 chamadas API
03:19:13 [INFO]   Sem jogos na fila. Aguardando 60s...
03:20:13 [INFO] Fila: 0 aguardando | Cache: 0 bloqueados | Monitor odds: 0 | Monitor saida: 0 | ✅ 0 aprovados | 🔍 351 analisados | 📡 421 chamadas API
03:20:13 [INFO]   Sem jogos na fila. Aguardando 60s...
03:21:13 [INFO] Fila: 0 aguardando | Cache: 0 bloqueados | Monitor odds: 0 | Monitor saida: 0 | ✅ 0 aprovados | 🔍 351 analisados | 📡 421 chamadas API
03:21:13 [INFO]   Sem jogos na fila. Aguardando 60s...
03:22:13 [INFO] Fila: 0 aguardando | Cache: 0 bloqueados | Monitor odds: 0 | Monitor saida: 0 | ✅ 0 aprovados | 🔍 351 analisados | 📡 421 chamadas API
03:22:13 [INFO]   Sem jogos na fila. Aguardando 60s...
03:23:13 [INFO] Fila: 0 aguardando | Cache: 0 bloqueados | Monitor odds: 0 | Monitor saida: 0 | ✅ 0 aprovados | 🔍 351 analisados | 📡 421 chamadas API
03:23:13 [INFO]   Sem jogos na fila. Aguardando 60s...
03:24:13 [INFO] Fila: 0 aguardando | Cache: 0 bloqueados | Monitor odds: 0 | Monitor saida: 0 | ✅ 0 aprovados | 🔍 351 analisados | 📡 421 chamadas API
03:24:13 [INFO]   Sem jogos na fila. Aguardando 60s...
03:25:13 [INFO] Fila: 0 aguardando | Cache: 0 bloqueados | Monitor odds: 0 | Monitor saida: 0 | ✅ 0 aprovados | 🔍 351 analisados | 📡 421 chamadas API
03:25:13 [INFO]   Sem jogos na fila. Aguardando 60s...
03:26:13 [INFO] Fila: 0 aguardando | Cache: 0 bloqueados | Monitor odds: 0 | Monitor saida: 0 | ✅ 0 aprovados | 🔍 351 analisados | 📡 421 chamadas API
03:26:13 [INFO]   Sem jogos na fila. Aguardando 60s...
03:27:13 [INFO] Fila: 0 aguardando | Cache: 0 bloqueados | Monitor odds: 0 | Monitor saida: 0 | ✅ 0 aprovados | 🔍 351 analisados | 📡 421 chamadas API
03:27:13 [INFO]   Sem jogos na fila. Aguardando 60s...
03:28:13 [INFO] Fila: 0 aguardando | Cache: 0 bloqueados | Monitor odds: 0 | Monitor saida: 0 | ✅ 0 aprovados | 🔍 351 analisados | 📡 421 chamadas API
03:28:13 [INFO]   Sem jogos na fila. Aguardando 60s...
03:29:13 [INFO] Fila: 0 aguardando | Cache: 0 bloqueados | Monitor odds: 0 | Monitor saida: 0 | ✅ 0 aprovados | 🔍 351 analisados | 📡 421 chamadas API
03:29:13 [INFO]   Sem jogos na fila. Aguardando 60s...
03:30:13 [INFO] Fila: 0 aguardando | Cache: 0 bloqueados | Monitor odds: 0 | Monitor saida: 0 | ✅ 0 aprovados | 🔍 351 analisados | 📡 421 chamadas API
03:30:13 [INFO]   Sem jogos na fila. Aguardando 60s...
03:31:13 [INFO] Fila: 0 aguardando | Cache: 0 bloqueados | Monitor odds: 0 | Monitor saida: 0 | ✅ 0 aprovados | 🔍 351 analisados | 📡 421 chamadas API
03:31:13 [INFO]   Sem jogos na fila. Aguardando 60s...
03:32:13 [INFO] Fila: 0 aguardando | Cache: 0 bloqueados | Monitor odds: 0 | Monitor saida: 0 | ✅ 0 aprovados | 🔍 351 analisados | 📡 421 chamadas API
03:32:13 [INFO]   Sem jogos na fila. Aguardando 60s...
03:33:13 [INFO] Fila: 0 aguardando | Cache: 0 bloqueados | Monitor odds: 0 | Monitor saida: 0 | ✅ 0 aprovados | 🔍 351 analisados | 📡 421 chamadas API
03:33:13 [INFO]   Sem jogos na fila. Aguardando 60s...
03:34:13 [INFO] Fila: 0 aguardando | Cache: 0 bloqueados | Monitor odds: 0 | Monitor saida: 0 | ✅ 0 aprovados | 🔍 351 analisados | 📡 421 chamadas API
03:34:13 [INFO]   Sem jogos na fila. Aguardando 60s...
03:35:13 [INFO] Fila: 0 aguardando | Cache: 0 bloqueados | Monitor odds: 0 | Monitor saida: 0 | ✅ 0 aprovados | 🔍 351 analisados | 📡 421 chamadas API
03:35:13 [INFO]   Sem jogos na fila. Aguardando 60s...
03:36:13 [INFO] Fila: 0 aguardando | Cache: 0 bloqueados | Monitor odds: 0 | Monitor saida: 0 | ✅ 0 aprovados | 🔍 351 analisados | 📡 421 chamadas API
03:36:13 [INFO]   Sem jogos na fila. Aguardando 60s...
03:37:13 [INFO] Fila: 0 aguardando | Cache: 0 bloqueados | Monitor odds: 0 | Monitor saida: 0 | ✅ 0 aprovados | 🔍 351 analisados | 📡 421 chamadas API
03:37:13 [INFO]   Sem jogos na fila. Aguardando 60s...
03:38:13 [INFO] Fila: 0 aguardando | Cache: 0 bloqueados | Monitor odds: 0 | Monitor saida: 0 | ✅ 0 aprovados | 🔍 351 analisados | 📡 421 chamadas API
03:38:13 [INFO]   Sem jogos na fila. Aguardando 60s...
03:39:13 [INFO] Fila: 0 aguardando | Cache: 0 bloqueados | Monitor odds: 0 | Monitor saida: 0 | ✅ 0 aprovados | 🔍 351 analisados | 📡 421 chamadas API
03:39:13 [INFO]   Sem jogos na fila. Aguardando 60s...
03:40:13 [INFO] Fila: 0 aguardando | Cache: 0 bloqueados | Monitor odds: 0 | Monitor saida: 0 | ✅ 0 aprovados | 🔍 351 analisados | 📡 421 chamadas API
03:40:13 [INFO]   Sem jogos na fila. Aguardando 60s...
03:41:13 [INFO] Fila: 0 aguardando | Cache: 0 bloqueados | Monitor odds: 0 | Monitor saida: 0 | ✅ 0 aprovados | 🔍 351 analisados | 📡 421 chamadas API
03:41:13 [INFO]   Sem jogos na fila. Aguardando 60s...
03:42:13 [INFO] Fila: 0 aguardando | Cache: 0 bloqueados | Monitor odds: 0 | Monitor saida: 0 | ✅ 0 aprovados | 🔍 351 analisados | 📡 421 chamadas API
03:42:13 [INFO]   Sem jogos na fila. Aguardando 60s...
03:43:13 [INFO] Fila: 0 aguardando | Cache: 0 bloqueados | Monitor odds: 0 | Monitor saida: 0 | ✅ 0 aprovados | 🔍 351 analisados | 📡 421 chamadas API
03:43:13 [INFO]   Sem jogos na fila. Aguardando 60s...
03:44:13 [INFO] Fila: 0 aguardando | Cache: 0 bloqueados | Monitor odds: 0 | Monitor saida: 0 | ✅ 0 aprovados | 🔍 351 analisados | 📡 421 chamadas API
03:44:13 [INFO]   Sem jogos na fila. Aguardando 60s...
03:45:13 [INFO] Fila: 0 aguardando | Cache: 0 bloqueados | Monitor odds: 0 | Monitor saida: 0 | ✅ 0 aprovados | 🔍 351 analisados | 📡 421 chamadas API
03:45:13 [INFO]   Sem jogos na fila. Aguardando 60s...
03:46:13 [INFO] Fila: 0 aguardando | Cache: 0 bloqueados | Monitor odds: 0 | Monitor saida: 0 | ✅ 0 aprovados | 🔍 351 analisados | 📡 421 chamadas API
03:46:13 [INFO]   Sem jogos na fila. Aguardando 60s...
03:47:13 [INFO] Fila: 0 aguardando | Cache: 0 bloqueados | Monitor odds: 0 | Monitor saida: 0 | ✅ 0 aprovados | 🔍 351 analisados | 📡 421 chamadas API
03:47:13 [INFO]   Sem jogos na fila. Aguardando 60s...
03:48:13 [INFO] Fila: 0 aguardando | Cache: 0 bloqueados | Monitor odds: 0 | Monitor saida: 0 | ✅ 0 aprovados | 🔍 351 analisados | 📡 421 chamadas API
03:48:13 [INFO]   Sem jogos na fila. Aguardando 60s...
03:49:13 [INFO] Fila: 0 aguardando | Cache: 0 bloqueados | Monitor odds: 0 | Monitor saida: 0 | ✅ 0 aprovados | 🔍 351 analisados | 📡 421 chamadas API
03:49:13 [INFO]   Sem jogos na fila. Aguardando 60s...
03:50:13 [INFO] Fila: 0 aguardando | Cache: 0 bloqueados | Monitor odds: 0 | Monitor saida: 0 | ✅ 0 aprovados | 🔍 351 analisados | 📡 421 chamadas API
03:50:13 [INFO]   Sem jogos na fila. Aguardando 60s...
03:51:13 [INFO] Fila: 0 aguardando | Cache: 0 bloqueados | Monitor odds: 0 | Monitor saida: 0 | ✅ 0 aprovados | 🔍 351 analisados | 📡 421 chamadas API
03:51:13 [INFO]   Sem jogos na fila. Aguardando 60s...
03:52:13 [INFO] Fila: 0 aguardando | Cache: 0 bloqueados | Monitor odds: 0 | Monitor saida: 0 | ✅ 0 aprovados | 🔍 351 analisados | 📡 421 chamadas API
03:52:13 [INFO]   Sem jogos na fila. Aguardando 60s...
03:53:13 [INFO] Fila: 0 aguardando | Cache: 0 bloqueados | Monitor odds: 0 | Monitor saida: 0 | ✅ 0 aprovados | 🔍 351 analisados | 📡 421 chamadas API
03:53:13 [INFO]   Sem jogos na fila. Aguardando 60s...
03:54:13 [INFO] Fila: 0 aguardando | Cache: 0 bloqueados | Monitor odds: 0 | Monitor saida: 0 | ✅ 0 aprovados | 🔍 351 analisados | 📡 421 chamadas API
03:54:13 [INFO]   Sem jogos na fila. Aguardando 60s...
03:55:13 [INFO] Fila: 0 aguardando | Cache: 0 bloqueados | Monitor odds: 0 | Monitor saida: 0 | ✅ 0 aprovados | 🔍 351 analisados | 📡 421 chamadas API
03:55:13 [INFO]   Sem jogos na fila. Aguardando 60s...
03:56:13 [INFO] Fila: 0 aguardando | Cache: 0 bloqueados | Monitor odds: 0 | Monitor saida: 0 | ✅ 0 aprovados | 🔍 351 analisados | 📡 421 chamadas API
03:56:13 [INFO]   Sem jogos na fila. Aguardando 60s...
03:57:13 [INFO] Fila: 0 aguardando | Cache: 0 bloqueados | Monitor odds: 0 | Monitor saida: 0 | ✅ 0 aprovados | 🔍 351 analisados | 📡 421 chamadas API
03:57:13 [INFO]   Sem jogos na fila. Aguardando 60s...
03:58:13 [INFO] Fila: 0 aguardando | Cache: 0 bloqueados | Monitor odds: 0 | Monitor saida: 0 | ✅ 0 aprovados | 🔍 351 analisados | 📡 421 chamadas API
03:58:13 [INFO]   Sem jogos na fila. Aguardando 60s...
03:59:13 [INFO] Fila: 0 aguardando | Cache: 0 bloqueados | Monitor odds: 0 | Monitor saida: 0 | ✅ 0 aprovados | 🔍 351 analisados | 📡 421 chamadas API
03:59:13 [INFO]   Sem jogos na fila. Aguardando 60s...
04:00:13 [INFO] Fila: 0 aguardando | Cache: 0 bloqueados | Monitor odds: 0 | Monitor saida: 0 | ✅ 0 aprovados | 🔍 351 analisados | 📡 421 chamadas API
04:00:13 [INFO]   Sem jogos na fila. Aguardando 60s...
04:01:13 [INFO] Fila: 0 aguardando | Cache: 0 bloqueados | Monitor odds: 0 | Monitor saida: 0 | ✅ 0 aprovados | 🔍 351 analisados | 📡 421 chamadas API
04:01:13 [INFO]   Sem jogos na fila. Aguardando 60s...
04:02:13 [INFO] Fila: 0 aguardando | Cache: 0 bloqueados | Monitor odds: 0 | Monitor saida: 0 | ✅ 0 aprovados | 🔍 351 analisados | 📡 421 chamadas API
04:02:13 [INFO]   Sem jogos na fila. Aguardando 60s...
04:03:13 [INFO] Fila: 0 aguardando | Cache: 0 bloqueados | Monitor odds: 0 | Monitor saida: 0 | ✅ 0 aprovados | 🔍 351 analisados | 📡 421 chamadas API
04:03:13 [INFO]   Sem jogos na fila. Aguardando 60s...
04:04:13 [INFO] Fila: 0 aguardando | Cache: 0 bloqueados | Monitor odds: 0 | Monitor saida: 0 | ✅ 0 aprovados | 🔍 351 analisados | 📡 421 chamadas API
04:04:13 [INFO]   Sem jogos na fila. Aguardando 60s...
04:05:13 [INFO] Fila: 0 aguardando | Cache: 0 bloqueados | Monitor odds: 0 | Monitor saida: 0 | ✅ 0 aprovados | 🔍 351 analisados | 📡 421 chamadas API
04:05:13 [INFO]   Sem jogos na fila. Aguardando 60s...
04:06:13 [INFO] Fila: 0 aguardando | Cache: 0 bloqueados | Monitor odds: 0 | Monitor saida: 0 | ✅ 0 aprovados | 🔍 351 analisados | 📡 421 chamadas API
04:06:13 [INFO]   Sem jogos na fila. Aguardando 60s...
04:07:13 [INFO] Fila: 0 aguardando | Cache: 0 bloqueados | Monitor odds: 0 | Monitor saida: 0 | ✅ 0 aprovados | 🔍 351 analisados | 📡 421 chamadas API
04:07:13 [INFO]   Sem jogos na fila. Aguardando 60s...
04:08:13 [INFO] Fila: 0 aguardando | Cache: 0 bloqueados | Monitor odds: 0 | Monitor saida: 0 | ✅ 0 aprovados | 🔍 351 analisados | 📡 421 chamadas API
04:08:13 [INFO]   Sem jogos na fila. Aguardando 60s...
04:09:13 [INFO] Fila: 0 aguardando | Cache: 0 bloqueados | Monitor odds: 0 | Monitor saida: 0 | ✅ 0 aprovados | 🔍 351 analisados | 📡 421 chamadas API
04:09:13 [INFO]   Sem jogos na fila. Aguardando 60s...
04:10:13 [INFO] Fila: 0 aguardando | Cache: 0 bloqueados | Monitor odds: 0 | Monitor saida: 0 | ✅ 0 aprovados | 🔍 351 analisados | 📡 421 chamadas API
04:10:13 [INFO]   Sem jogos na fila. Aguardando 60s...
04:11:13 [INFO] Fila: 0 aguardando | Cache: 0 bloqueados | Monitor odds: 0 | Monitor saida: 0 | ✅ 0 aprovados | 🔍 351 analisados | 📡 421 chamadas API
04:11:13 [INFO]   Sem jogos na fila. Aguardando 60s...
04:12:13 [INFO] Fila: 0 aguardando | Cache: 0 bloqueados | Monitor odds: 0 | Monitor saida: 0 | ✅ 0 aprovados | 🔍 351 analisados | 📡 421 chamadas API
04:12:13 [INFO]   Sem jogos na fila. Aguardando 60s...
04:13:13 [INFO] Fila: 0 aguardando | Cache: 0 bloqueados | Monitor odds: 0 | Monitor saida: 0 | ✅ 0 aprovados | 🔍 351 analisados | 📡 421 chamadas API
04:13:13 [INFO]   Sem jogos na fila. Aguardando 60s...
04:14:13 [INFO] Fila: 0 aguardando | Cache: 0 bloqueados | Monitor odds: 0 | Monitor saida: 0 | ✅ 0 aprovados | 🔍 351 analisados | 📡 421 chamadas API
04:14:13 [INFO]   Sem jogos na fila. Aguardando 60s...
04:15:13 [INFO] Fila: 0 aguardando | Cache: 0 bloqueados | Monitor odds: 0 | Monitor saida: 0 | ✅ 0 aprovados | 🔍 351 analisados | 📡 421 chamadas API
04:15:13 [INFO] Buscando lista de jogos do dia...
04:15:14 [INFO] Jogos agendados: 68 novos | Total ativo: 68
04:15:14 [INFO] =======================================================
04:15:14 [INFO]    AGENDA DO DIA — 20/04/2026 | 68 jogos
04:15:14 [INFO] =======================================================
04:15:14 [INFO]   05h
04:15:14 [INFO]     05:30  Semen Padang v Persijap Jepara
04:15:14 [INFO]   07h
04:15:14 [INFO]     07:00  Oleksandria v Veres Rivne
04:15:14 [INFO]   08h
04:15:14 [INFO]     08:30  Lion City Sailors FC v Courts Young Lions
04:15:14 [INFO]   09h
04:15:14 [INFO]     09:00  Dewa United FC v Persib Bandung
04:15:14 [INFO]     09:00  FC Noah v FC Van Yerevan
04:15:14 [INFO]   11h
04:15:14 [INFO]     11:00  Punjab FC v Inter Kashi
04:15:14 [INFO]     11:30  Botosani v FC Metaloglobus Bucuresti
04:15:14 [INFO]   12h
04:15:14 [INFO]     12:00  SK Artis Brno v MAS Taborsko
04:15:14 [INFO]     12:00  FC Shirak v Ararat Armenia
04:15:14 [INFO]     12:00  Shakhtar v Polissya Zhytomyr
04:15:14 [INFO]     12:30  KPV v FC Jazz
04:15:14 [INFO]     12:45  Al-Adalh v Al-Jndal
04:15:14 [INFO]     12:45  Al Jubail v Al-Wahda (KSA)
04:15:14 [INFO]   13h
04:15:14 [INFO]     13:00  Miedz Legnica v Gornik Leczna
04:15:14 [INFO]     13:00  Buri FC v Manama Club
04:15:14 [INFO]     13:00  Al-Ittifaq Maqaba v Al Tadamun Buri
04:15:14 [INFO]     13:00  East Riffa v Al-Ittihad (BRN)
04:15:14 [INFO]     13:15  Kobe v Al Ahli
04:15:14 [INFO]   14h
04:15:14 [INFO]     14:00  Gaziantep FK v Kayserispor
04:15:14 [INFO]     14:00  Oddevold v Osters
04:15:14 [INFO]     14:00  Lechia Gdansk v Piast Gliwice
04:15:14 [INFO]     14:00  Lyn v Sandnes Ulf
04:15:14 [INFO]     14:00  Midtjylland v AGF
04:15:14 [INFO]     14:05  Sundsvall v IK Brage
04:15:14 [INFO]     14:30  NSI Runavik v Eb/Streymur
04:15:14 [INFO]     14:30  Skala v Vikingur Gota
04:15:14 [INFO]     14:30  AB Argir v Klaksvikar Itrottarfelag
04:15:14 [INFO]     14:30  07 Vestur v B36 Torshavn
04:15:14 [INFO]     14:30  Farul Constanta v FCSB
04:15:14 [INFO]     14:45  Porto B v Leixoes
04:15:14 [INFO]     14:45  Sporting Lisbon B v Felgueiras
04:15:14 [INFO]     14:45  Al-Ula FC v Al Jabalain
04:15:14 [INFO]   15h
04:15:14 [INFO]     15:00  Vasas v BVSC Zuglo
04:15:14 [INFO]     15:00  Den Bosch v Jong FC Utrecht
04:15:14 [INFO]     15:00  Barracas Central v Belgrano
04:15:14 [INFO]     15:30  Deportivo v Mirandes
04:15:14 [INFO]     15:45  Dunkerque v Laval
04:15:14 [INFO]     15:45  Lecce v Fiorentina
04:15:14 [INFO]   16h
04:15:14 [INFO]     16:00  Crystal Palace v West Ham
04:15:14 [INFO]     16:15  Moreirense v Estoril Praia
04:15:14 [INFO]   17h
04:15:14 [INFO]     17:00  Binacional v CD Estudiantil CNI
04:15:14 [INFO]     17:00  Deportes Rengo Unido v Linares
04:15:14 [INFO]     17:00  Deportivo Santani v 12 de Junio de Villa Hayes
04:15:14 [INFO]     17:00  Boston River v Cerro Largo FC
04:15:14 [INFO]     17:15  Banfield v Independiente Rivadavia
04:15:14 [INFO]     17:15  Central Cordoba (SdE) v CA Platense
04:15:14 [INFO]   18h
04:15:14 [INFO]     18:00  Zamora FC v Caracas
04:15:14 [INFO]     18:00  CA Rentistas v Club Oriental de La Paz
04:15:14 [INFO]     18:15  Rubio Nu v Libertad
04:15:14 [INFO]   19h
04:15:14 [INFO]     19:00  Carabobo FC v Academia Anzoategui FC
04:15:14 [INFO]     19:30  San Lorenzo v Velez Sarsfield
04:15:14 [INFO]     19:30  Club F de la Mora v Sportivo Carapegua
04:15:14 [INFO]   20h
04:15:14 [INFO]     20:00  Pitbulls v Inter San Carlos
04:15:14 [INFO]     20:00  Floresta EC v Ferroviaria
04:15:14 [INFO]     20:00  Maringa v Brusque FC
04:15:14 [INFO]     20:00  Atletico Rafaela v Agropecuario
04:15:14 [INFO]     20:00  Deportivo La Guaira v Portuguesa FC
04:15:14 [INFO]     20:20  Once Caldas v Internacional de Bogotá
04:15:14 [INFO]     20:30  Club Sportivo Ameliano v Nacional (Par)
04:15:14 [INFO]     20:30  Penarol v Juventud De Las Piedras
04:15:14 [INFO]   21h
04:15:14 [INFO]     21:00  CA Atlanta v Chacarita
04:15:14 [INFO]     21:30  Univ Catolica (Chile) v Union La Calera
04:15:14 [INFO]     21:45  Tigre v CA Huracan
04:15:14 [INFO]   22h
04:15:14 [INFO]     22:00  Consultants Desamparados v ADR Jicaral
04:15:14 [INFO]     22:00  Comunicaciones v Guastatoya
04:15:14 [INFO]     22:06  FC Juarez (W) v Guadalajara (W)
04:15:14 [INFO]     22:30  Atletico Independiente v Herrera FC
04:15:14 [INFO]     22:30  Atletico Nacional Medellin v Atletico Bucaramanga
04:15:14 [INFO]   Proxima: 05:25 — aguardando 60s
04:16:14 [INFO] Fila: 68 aguardando | Cache: 0 bloqueados | Monitor odds: 0 | Monitor saida: 0 | ✅ 0 aprovados | 🔍 351 analisados | 📡 422 chamadas API
04:16:14 [INFO]   Proxima: 05:25 — aguardando 60s
04:17:14 [INFO] Fila: 68 aguardando | Cache: 0 bloqueados | Monitor odds: 0 | Monitor saida: 0 | ✅ 0 aprovados | 🔍 351 analisados | 📡 422 chamadas API
04:17:14 [INFO]   Proxima: 05:25 — aguardando 60s
04:18:14 [INFO] Fila: 68 aguardando | Cache: 0 bloqueados | Monitor odds: 0 | Monitor saida: 0 | ✅ 0 aprovados | 🔍 351 analisados | 📡 422 chamadas API
04:18:14 [INFO]   Proxima: 05:25 — aguardando 60s
04:19:14 [INFO] Fila: 68 aguardando | Cache: 0 bloqueados | Monitor odds: 0 | Monitor saida: 0 | ✅ 0 aprovados | 🔍 351 analisados | 📡 422 chamadas API
04:19:14 [INFO]   Proxima: 05:25 — aguardando 60s
04:20:14 [INFO] Fila: 68 aguardando | Cache: 0 bloqueados | Monitor odds: 0 | Monitor saida: 0 | ✅ 0 aprovados | 🔍 351 analisados | 📡 422 chamadas API
04:20:14 [INFO]   Proxima: 05:25 — aguardando 60s
04:21:14 [INFO] Fila: 68 aguardando | Cache: 0 bloqueados | Monitor odds: 0 | Monitor saida: 0 | ✅ 0 aprovados | 🔍 351 analisados | 📡 422 chamadas API
04:21:14 [INFO]   Proxima: 05:25 — aguardando 60s
04:22:14 [INFO] Fila: 68 aguardando | Cache: 0 bloqueados | Monitor odds: 0 | Monitor saida: 0 | ✅ 0 aprovados | 🔍 351 analisados | 📡 422 chamadas API
04:22:14 [INFO]   Proxima: 05:25 — aguardando 60s
04:23:14 [INFO] Fila: 68 aguardando | Cache: 0 bloqueados | Monitor odds: 0 | Monitor saida: 0 | ✅ 0 aprovados | 🔍 351 analisados | 📡 422 chamadas API
04:23:14 [INFO]   Proxima: 05:25 — aguardando 60s
04:24:14 [INFO] Fila: 68 aguardando | Cache: 0 bloqueados | Monitor odds: 0 | Monitor saida: 0 | ✅ 0 aprovados | 🔍 351 analisados | 📡 422 chamadas API
04:24:14 [INFO]   Proxima: 05:25 — aguardando 60s
04:25:14 [INFO] Fila: 68 aguardando | Cache: 0 bloqueados | Monitor odds: 0 | Monitor saida: 0 | ✅ 0 aprovados | 🔍 351 analisados | 📡 422 chamadas API
04:25:14 [INFO]   Proxima: 05:25 — aguardando 60s
04:26:14 [INFO] Fila: 68 aguardando | Cache: 0 bloqueados | Monitor odds: 0 | Monitor saida: 0 | ✅ 0 aprovados | 🔍 351 analisados | 📡 422 chamadas API
04:26:14 [INFO]   Proxima: 05:25 — aguardando 60s
04:27:14 [INFO] Fila: 68 aguardando | Cache: 0 bloqueados | Monitor odds: 0 | Monitor saida: 0 | ✅ 0 aprovados | 🔍 351 analisados | 📡 422 chamadas API
04:27:14 [INFO]   Proxima: 05:25 — aguardando 60s
04:28:14 [INFO] Fila: 68 aguardando | Cache: 0 bloqueados | Monitor odds: 0 | Monitor saida: 0 | ✅ 0 aprovados | 🔍 351 analisados | 📡 422 chamadas API
04:28:14 [INFO]   Proxima: 05:25 — aguardando 60s
04:29:14 [INFO] Fila: 68 aguardando | Cache: 0 bloqueados | Monitor odds: 0 | Monitor saida: 0 | ✅ 0 aprovados | 🔍 351 analisados | 📡 422 chamadas API
04:29:14 [INFO]   Proxima: 05:25 — aguardando 60s
04:30:14 [INFO] Fila: 68 aguardando | Cache: 0 bloqueados | Monitor odds: 0 | Monitor saida: 0 | ✅ 0 aprovados | 🔍 351 analisados | 📡 422 chamadas API
04:30:14 [INFO]   Proxima: 05:25 — aguardando 60s
04:31:14 [INFO] Fila: 68 aguardando | Cache: 0 bloqueados | Monitor odds: 0 | Monitor saida: 0 | ✅ 0 aprovados | 🔍 351 analisados | 📡 422 chamadas API
04:31:14 [INFO]   Proxima: 05:25 — aguardando 60s
04:32:14 [INFO] Fila: 68 aguardando | Cache: 0 bloqueados | Monitor odds: 0 | Monitor saida: 0 | ✅ 0 aprovados | 🔍 351 analisados | 📡 422 chamadas API
04:32:14 [INFO]   Proxima: 05:25 — aguardando 60s
04:33:14 [INFO] Fila: 68 aguardando | Cache: 0 bloqueados | Monitor odds: 0 | Monitor saida: 0 | ✅ 0 aprovados | 🔍 351 analisados | 📡 422 chamadas API
04:33:14 [INFO]   Proxima: 05:25 — aguardando 60s
04:34:14 [INFO] Fila: 68 aguardando | Cache: 0 bloqueados | Monitor odds: 0 | Monitor saida: 0 | ✅ 0 aprovados | 🔍 351 analisados | 📡 422 chamadas API
04:34:14 [INFO]   Proxima: 05:25 — aguardando 60s
04:35:14 [INFO] Fila: 68 aguardando | Cache: 0 bloqueados | Monitor odds: 0 | Monitor saida: 0 | ✅ 0 aprovados | 🔍 351 analisados | 📡 422 chamadas API
04:35:14 [INFO]   Proxima: 05:25 — aguardando 60s
04:36:14 [INFO] Fila: 68 aguardando | Cache: 0 bloqueados | Monitor odds: 0 | Monitor saida: 0 | ✅ 0 aprovados | 🔍 351 analisados | 📡 422 chamadas API
04:36:14 [INFO]   Proxima: 05:25 — aguardando 60s
04:37:14 [INFO] Fila: 68 aguardando | Cache: 0 bloqueados | Monitor odds: 0 | Monitor saida: 0 | ✅ 0 aprovados | 🔍 351 analisados | 📡 422 chamadas API
04:37:14 [INFO]   Proxima: 05:25 — aguardando 60s
04:38:14 [INFO] Fila: 68 aguardando | Cache: 0 bloqueados | Monitor odds: 0 | Monitor saida: 0 | ✅ 0 aprovados | 🔍 351 analisados | 📡 422 chamadas API
04:38:14 [INFO]   Proxima: 05:25 — aguardando 60s
04:39:14 [INFO] Fila: 68 aguardando | Cache: 0 bloqueados | Monitor odds: 0 | Monitor saida: 0 | ✅ 0 aprovados | 🔍 351 analisados | 📡 422 chamadas API
04:39:14 [INFO]   Proxima: 05:25 — aguardando 60s
04:40:14 [INFO] Fila: 68 aguardando | Cache: 0 bloqueados | Monitor odds: 0 | Monitor saida: 0 | ✅ 0 aprovados | 🔍 351 analisados | 📡 422 chamadas API
04:40:14 [INFO]   Proxima: 05:25 — aguardando 60s
04:41:14 [INFO] Fila: 68 aguardando | Cache: 0 bloqueados | Monitor odds: 0 | Monitor saida: 0 | ✅ 0 aprovados | 🔍 351 analisados | 📡 422 chamadas API
04:41:14 [INFO]   Proxima: 05:25 — aguardando 60s
04:42:14 [INFO] Fila: 68 aguardando | Cache: 0 bloqueados | Monitor odds: 0 | Monitor saida: 0 | ✅ 0 aprovados | 🔍 351 analisados | 📡 422 chamadas API
04:42:14 [INFO]   Proxima: 05:25 — aguardando 60s
04:43:14 [INFO] Fila: 68 aguardando | Cache: 0 bloqueados | Monitor odds: 0 | Monitor saida: 0 | ✅ 0 aprovados | 🔍 351 analisados | 📡 422 chamadas API
04:43:14 [INFO]   Proxima: 05:25 — aguardando 60s
04:44:14 [INFO] Fila: 68 aguardando | Cache: 0 bloqueados | Monitor odds: 0 | Monitor saida: 0 | ✅ 0 aprovados | 🔍 351 analisados | 📡 422 chamadas API
04:44:14 [INFO]   Proxima: 05:25 — aguardando 60s
04:45:14 [INFO] Fila: 68 aguardando | Cache: 0 bloqueados | Monitor odds: 0 | Monitor saida: 0 | ✅ 0 aprovados | 🔍 351 analisados | 📡 422 chamadas API
04:45:14 [INFO]   Proxima: 05:25 — aguardando 60s
04:46:14 [INFO] Fila: 68 aguardando | Cache: 0 bloqueados | Monitor odds: 0 | Monitor saida: 0 | ✅ 0 aprovados | 🔍 351 analisados | 📡 422 chamadas API
04:46:14 [INFO]   Proxima: 05:25 — aguardando 60s
04:47:14 [INFO] Fila: 68 aguardando | Cache: 0 bloqueados | Monitor odds: 0 | Monitor saida: 0 | ✅ 0 aprovados | 🔍 351 analisados | 📡 422 chamadas API
04:47:14 [INFO]   Proxima: 05:25 — aguardando 60s
04:48:14 [INFO] Fila: 68 aguardando | Cache: 0 bloqueados | Monitor odds: 0 | Monitor saida: 0 | ✅ 0 aprovados | 🔍 351 analisados | 📡 422 chamadas API
04:48:14 [INFO]   Proxima: 05:25 — aguardando 60s
04:49:14 [INFO] Fila: 68 aguardando | Cache: 0 bloqueados | Monitor odds: 0 | Monitor saida: 0 | ✅ 0 aprovados | 🔍 351 analisados | 📡 422 chamadas API
04:49:14 [INFO]   Proxima: 05:25 — aguardando 60s
04:50:14 [INFO] Fila: 68 aguardando | Cache: 0 bloqueados | Monitor odds: 0 | Monitor saida: 0 | ✅ 0 aprovados | 🔍 351 analisados | 📡 422 chamadas API
04:50:14 [INFO]   Proxima: 05:25 — aguardando 60s
04:51:14 [INFO] Fila: 68 aguardando | Cache: 0 bloqueados | Monitor odds: 0 | Monitor saida: 0 | ✅ 0 aprovados | 🔍 351 analisados | 📡 422 chamadas API
04:51:14 [INFO]   Proxima: 05:25 — aguardando 60s
04:52:14 [INFO] Fila: 68 aguardando | Cache: 0 bloqueados | Monitor odds: 0 | Monitor saida: 0 | ✅ 0 aprovados | 🔍 351 analisados | 📡 422 chamadas API
04:52:14 [INFO]   Proxima: 05:25 — aguardando 60s
04:53:14 [INFO] Fila: 68 aguardando | Cache: 0 bloqueados | Monitor odds: 0 | Monitor saida: 0 | ✅ 0 aprovados | 🔍 351 analisados | 📡 422 chamadas API
04:53:14 [INFO]   Proxima: 05:25 — aguardando 60s
04:54:14 [INFO] Fila: 68 aguardando | Cache: 0 bloqueados | Monitor odds: 0 | Monitor saida: 0 | ✅ 0 aprovados | 🔍 351 analisados | 📡 422 chamadas API
04:54:14 [INFO]   Proxima: 05:25 — aguardando 60s
04:55:14 [INFO] Fila: 68 aguardando | Cache: 0 bloqueados | Monitor odds: 0 | Monitor saida: 0 | ✅ 0 aprovados | 🔍 351 analisados | 📡 422 chamadas API
04:55:14 [INFO]   Proxima: 05:25 — aguardando 60s
04:56:14 [INFO] Fila: 68 aguardando | Cache: 0 bloqueados | Monitor odds: 0 | Monitor saida: 0 | ✅ 0 aprovados | 🔍 351 analisados | 📡 422 chamadas API
04:56:14 [INFO]   Proxima: 05:25 — aguardando 60s
04:57:14 [INFO] Fila: 68 aguardando | Cache: 0 bloqueados | Monitor odds: 0 | Monitor saida: 0 | ✅ 0 aprovados | 🔍 351 analisados | 📡 422 chamadas API
04:57:14 [INFO]   Proxima: 05:25 — aguardando 60s
04:58:14 [INFO] Fila: 68 aguardando | Cache: 0 bloqueados | Monitor odds: 0 | Monitor saida: 0 | ✅ 0 aprovados | 🔍 351 analisados | 📡 422 chamadas API
04:58:14 [INFO]   Proxima: 05:25 — aguardando 60s
04:59:14 [INFO] Fila: 68 aguardando | Cache: 0 bloqueados | Monitor odds: 0 | Monitor saida: 0 | ✅ 0 aprovados | 🔍 351 analisados | 📡 422 chamadas API
04:59:14 [INFO]   Proxima: 05:25 — aguardando 60s
05:00:14 [INFO] Fila: 68 aguardando | Cache: 0 bloqueados | Monitor odds: 0 | Monitor saida: 0 | ✅ 0 aprovados | 🔍 351 analisados | 📡 422 chamadas API
05:00:14 [INFO]   Proxima: 05:25 — aguardando 60s
05:01:14 [INFO] Fila: 68 aguardando | Cache: 0 bloqueados | Monitor odds: 0 | Monitor saida: 0 | ✅ 0 aprovados | 🔍 351 analisados | 📡 422 chamadas API
05:01:14 [INFO]   Proxima: 05:25 — aguardando 60s
05:02:14 [INFO] Fila: 68 aguardando | Cache: 0 bloqueados | Monitor odds: 0 | Monitor saida: 0 | ✅ 0 aprovados | 🔍 351 analisados | 📡 422 chamadas API
05:02:14 [INFO]   Proxima: 05:25 — aguardando 60s
05:03:14 [INFO] Fila: 68 aguardando | Cache: 0 bloqueados | Monitor odds: 0 | Monitor saida: 0 | ✅ 0 aprovados | 🔍 351 analisados | 📡 422 chamadas API
05:03:14 [INFO]   Proxima: 05:25 — aguardando 60s
05:04:14 [INFO] Fila: 68 aguardando | Cache: 0 bloqueados | Monitor odds: 0 | Monitor saida: 0 | ✅ 0 aprovados | 🔍 351 analisados | 📡 422 chamadas API
05:04:14 [INFO]   Proxima: 05:25 — aguardando 60s
05:05:14 [INFO] Fila: 68 aguardando | Cache: 0 bloqueados | Monitor odds: 0 | Monitor saida: 0 | ✅ 0 aprovados | 🔍 351 analisados | 📡 422 chamadas API
05:05:14 [INFO]   Proxima: 05:25 — aguardando 60s
05:06:14 [INFO] Fila: 68 aguardando | Cache: 0 bloqueados | Monitor odds: 0 | Monitor saida: 0 | ✅ 0 aprovados | 🔍 351 analisados | 📡 422 chamadas API
05:06:14 [INFO]   Proxima: 05:25 — aguardando 60s
05:07:14 [INFO] Fila: 68 aguardando | Cache: 0 bloqueados | Monitor odds: 0 | Monitor saida: 0 | ✅ 0 aprovados | 🔍 351 analisados | 📡 422 chamadas API
05:07:14 [INFO]   Proxima: 05:25 — aguardando 60s
05:08:14 [INFO] Fila: 68 aguardando | Cache: 0 bloqueados | Monitor odds: 0 | Monitor saida: 0 | ✅ 0 aprovados | 🔍 351 analisados | 📡 422 chamadas API
05:08:14 [INFO]   Proxima: 05:25 — aguardando 60s
05:09:14 [INFO] Fila: 68 aguardando | Cache: 0 bloqueados | Monitor odds: 0 | Monitor saida: 0 | ✅ 0 aprovados | 🔍 351 analisados | 📡 422 chamadas API
05:09:14 [INFO]   Proxima: 05:25 — aguardando 60s
05:10:14 [INFO] Fila: 68 aguardando | Cache: 0 bloqueados | Monitor odds: 0 | Monitor saida: 0 | ✅ 0 aprovados | 🔍 351 analisados | 📡 422 chamadas API
05:10:14 [INFO]   Proxima: 05:25 — aguardando 60s
05:11:14 [INFO] Fila: 68 aguardando | Cache: 0 bloqueados | Monitor odds: 0 | Monitor saida: 0 | ✅ 0 aprovados | 🔍 351 analisados | 📡 422 chamadas API
05:11:14 [INFO]   Proxima: 05:25 — aguardando 60s
05:12:14 [INFO] Fila: 68 aguardando | Cache: 0 bloqueados | Monitor odds: 0 | Monitor saida: 0 | ✅ 0 aprovados | 🔍 351 analisados | 📡 422 chamadas API
05:12:14 [INFO]   Proxima: 05:25 — aguardando 60s
05:13:14 [INFO] Fila: 68 aguardando | Cache: 0 bloqueados | Monitor odds: 0 | Monitor saida: 0 | ✅ 0 aprovados | 🔍 351 analisados | 📡 422 chamadas API
05:13:14 [INFO]   Proxima: 05:25 — aguardando 60s
05:14:14 [INFO] Fila: 68 aguardando | Cache: 0 bloqueados | Monitor odds: 0 | Monitor saida: 0 | ✅ 0 aprovados | 🔍 351 analisados | 📡 422 chamadas API
05:14:14 [INFO]   Proxima: 05:25 — aguardando 60s
05:15:14 [INFO] Fila: 68 aguardando | Cache: 0 bloqueados | Monitor odds: 0 | Monitor saida: 0 | ✅ 0 aprovados | 🔍 351 analisados | 📡 422 chamadas API
05:15:14 [INFO] Buscando lista de jogos do dia...
05:15:14 [WARNING] Nenhum jogo retornado pela API Betfair!
05:15:15 [INFO]   Proxima: 05:25 — aguardando 60s
05:16:15 [INFO] Fila: 68 aguardando | Cache: 0 bloqueados | Monitor odds: 0 | Monitor saida: 0 | ✅ 0 aprovados | 🔍 351 analisados | 📡 423 chamadas API
05:16:15 [INFO]   Proxima: 05:25 — aguardando 60s
05:17:15 [INFO] Fila: 68 aguardando | Cache: 0 bloqueados | Monitor odds: 0 | Monitor saida: 0 | ✅ 0 aprovados | 🔍 351 analisados | 📡 423 chamadas API
05:17:15 [INFO]   Proxima: 05:25 — aguardando 60s
05:18:15 [INFO] Fila: 68 aguardando | Cache: 0 bloqueados | Monitor odds: 0 | Monitor saida: 0 | ✅ 0 aprovados | 🔍 351 analisados | 📡 423 chamadas API
05:18:15 [INFO]   Proxima: 05:25 — aguardando 60s
05:19:15 [INFO] Fila: 68 aguardando | Cache: 0 bloqueados | Monitor odds: 0 | Monitor saida: 0 | ✅ 0 aprovados | 🔍 351 analisados | 📡 423 chamadas API
05:19:15 [INFO]   Proxima: 05:25 — aguardando 60s
05:20:15 [INFO] Fila: 68 aguardando | Cache: 0 bloqueados | Monitor odds: 0 | Monitor saida: 0 | ✅ 0 aprovados | 🔍 351 analisados | 📡 423 chamadas API
05:20:15 [INFO]   Proxima: 05:25 — aguardando 60s
05:21:15 [INFO] Fila: 68 aguardando | Cache: 0 bloqueados | Monitor odds: 0 | Monitor saida: 0 | ✅ 0 aprovados | 🔍 351 analisados | 📡 423 chamadas API
05:21:15 [INFO]   Proxima: 05:25 — aguardando 60s
05:22:15 [INFO] Fila: 68 aguardando | Cache: 0 bloqueados | Monitor odds: 0 | Monitor saida: 0 | ✅ 0 aprovados | 🔍 351 analisados | 📡 423 chamadas API
05:22:15 [INFO]   Proxima: 05:25 — aguardando 60s
05:23:15 [INFO] Fila: 68 aguardando | Cache: 0 bloqueados | Monitor odds: 0 | Monitor saida: 0 | ✅ 0 aprovados | 🔍 351 analisados | 📡 423 chamadas API
05:23:15 [INFO]   Proxima: 05:25 — aguardando 60s
05:24:15 [INFO] Fila: 68 aguardando | Cache: 0 bloqueados | Monitor odds: 0 | Monitor saida: 0 | ✅ 0 aprovados | 🔍 351 analisados | 📡 423 chamadas API
05:24:15 [INFO]   Proxima: 05:25 — aguardando 60s
05:25:15 [INFO] Fila: 68 aguardando | Cache: 0 bloqueados | Monitor odds: 0 | Monitor saida: 0 | ✅ 0 aprovados | 🔍 351 analisados | 📡 423 chamadas API
05:25:15 [INFO]   Proxima: 05:25 — aguardando 60s
05:26:15 [INFO] Fila: 68 aguardando | Cache: 0 bloqueados | Monitor odds: 0 | Monitor saida: 0 | ✅ 0 aprovados | 🔍 351 analisados | 📡 423 chamadas API
05:26:15 [INFO]   Proxima: 05:25 — aguardando 60s
05:27:15 [INFO] Fila: 68 aguardando | Cache: 0 bloqueados | Monitor odds: 0 | Monitor saida: 0 | ✅ 0 aprovados | 🔍 351 analisados | 📡 423 chamadas API
05:27:15 [INFO]   Proxima: 05:25 — aguardando 60s
05:28:15 [INFO] Fila: 68 aguardando | Cache: 0 bloqueados | Monitor odds: 0 | Monitor saida: 0 | ✅ 0 aprovados | 🔍 351 analisados | 📡 423 chamadas API
05:28:15 [INFO]   Proxima: 05:25 — aguardando 60s
05:29:15 [INFO] Fila: 68 aguardando | Cache: 0 bloqueados | Monitor odds: 0 | Monitor saida: 0 | ✅ 0 aprovados | 🔍 351 analisados | 📡 423 chamadas API
05:29:15 [INFO]   Proxima: 05:25 — aguardando 60s
05:30:15 [INFO] Fila: 68 aguardando | Cache: 0 bloqueados | Monitor odds: 0 | Monitor saida: 0 | ✅ 0 aprovados | 🔍 351 analisados | 📡 423 chamadas API
05:30:15 [INFO]   Proxima: 05:25 — aguardando 60s
05:31:15 [INFO] Fila: 68 aguardando | Cache: 0 bloqueados | Monitor odds: 0 | Monitor saida: 0 | ✅ 0 aprovados | 🔍 351 analisados | 📡 423 chamadas API
05:31:15 [INFO]   Proxima: 05:25 — aguardando 60s
05:32:15 [INFO] Fila: 68 aguardando | Cache: 0 bloqueados | Monitor odds: 0 | Monitor saida: 0 | ✅ 0 aprovados | 🔍 351 analisados | 📡 423 chamadas API
05:32:15 [INFO]   Proxima: 05:25 — aguardando 60s
05:33:15 [INFO] Fila: 68 aguardando | Cache: 0 bloqueados | Monitor odds: 0 | Monitor saida: 0 | ✅ 0 aprovados | 🔍 351 analisados | 📡 423 chamadas API
05:33:15 [INFO]   Proxima: 05:25 — aguardando 60s
05:34:15 [INFO] Fila: 68 aguardando | Cache: 0 bloqueados | Monitor odds: 0 | Monitor saida: 0 | ✅ 0 aprovados | 🔍 351 analisados | 📡 423 chamadas API
05:34:15 [INFO]   Proxima: 05:25 — aguardando 60s
05:35:15 [INFO] Fila: 68 aguardando | Cache: 0 bloqueados | Monitor odds: 0 | Monitor saida: 0 | ✅ 0 aprovados | 🔍 351 analisados | 📡 423 chamadas API
05:35:15 [INFO]   Proxima: 05:25 — aguardando 60s
05:36:15 [INFO] Fila: 68 aguardando | Cache: 0 bloqueados | Monitor odds: 0 | Monitor saida: 0 | ✅ 0 aprovados | 🔍 351 analisados | 📡 423 chamadas API
05:36:15 [INFO]   Proxima: 05:25 — aguardando 60s
05:37:15 [INFO] Fila: 68 aguardando | Cache: 0 bloqueados | Monitor odds: 0 | Monitor saida: 0 | ✅ 0 aprovados | 🔍 351 analisados | 📡 423 chamadas API
05:37:15 [INFO]   Proxima: 05:25 — aguardando 60s
05:38:15 [INFO] Fila: 68 aguardando | Cache: 0 bloqueados | Monitor odds: 0 | Monitor saida: 0 | ✅ 0 aprovados | 🔍 351 analisados | 📡 423 chamadas API
05:38:15 [INFO]   Proxima: 05:25 — aguardando 60s
05:39:15 [INFO] Fila: 68 aguardando | Cache: 0 bloqueados | Monitor odds: 0 | Monitor saida: 0 | ✅ 0 aprovados | 🔍 351 analisados | 📡 423 chamadas API
05:39:15 [INFO]   Proxima: 05:25 — aguardando 60s
05:40:15 [INFO] Fila: 68 aguardando | Cache: 0 bloqueados | Monitor odds: 0 | Monitor saida: 0 | ✅ 0 aprovados | 🔍 351 analisados | 📡 423 chamadas API
05:40:15 [INFO]   Proxima: 05:25 — aguardando 60s
05:41:15 [INFO] Fila: 68 aguardando | Cache: 0 bloqueados | Monitor odds: 0 | Monitor saida: 0 | ✅ 0 aprovados | 🔍 351 analisados | 📡 423 chamadas API
05:41:15 [INFO]   Proxima: 05:25 — aguardando 60s
05:42:15 [INFO] Fila: 68 aguardando | Cache: 0 bloqueados | Monitor odds: 0 | Monitor saida: 0 | ✅ 0 aprovados | 🔍 351 analisados | 📡 423 chamadas API
05:42:15 [INFO]   Proxima: 05:25 — aguardando 60s
05:43:15 [INFO] Fila: 68 aguardando | Cache: 0 bloqueados | Monitor odds: 0 | Monitor saida: 0 | ✅ 0 aprovados | 🔍 351 analisados | 📡 423 chamadas API
05:43:15 [INFO]   Proxima: 05:25 — aguardando 60s
05:44:15 [INFO] Fila: 68 aguardando | Cache: 0 bloqueados | Monitor odds: 0 | Monitor saida: 0 | ✅ 0 aprovados | 🔍 351 analisados | 📡 423 chamadas API
05:44:15 [INFO]   Proxima: 05:25 — aguardando 60s
05:45:15 [INFO] Fila: 68 aguardando | Cache: 0 bloqueados | Monitor odds: 0 | Monitor saida: 0 | ✅ 0 aprovados | 🔍 351 analisados | 📡 423 chamadas API
05:45:15 [INFO]   Proxima: 05:25 — aguardando 60s
05:46:15 [INFO] Fila: 68 aguardando | Cache: 0 bloqueados | Monitor odds: 0 | Monitor saida: 0 | ✅ 0 aprovados | 🔍 351 analisados | 📡 423 chamadas API
05:46:15 [INFO]   Proxima: 05:25 — aguardando 60s
05:47:15 [INFO] Fila: 68 aguardando | Cache: 0 bloqueados | Monitor odds: 0 | Monitor saida: 0 | ✅ 0 aprovados | 🔍 351 analisados | 📡 423 chamadas API
05:47:15 [INFO]   Proxima: 05:25 — aguardando 60s
05:48:15 [INFO] Fila: 68 aguardando | Cache: 0 bloqueados | Monitor odds: 0 | Monitor saida: 0 | ✅ 0 aprovados | 🔍 351 analisados | 📡 423 chamadas API
05:48:15 [INFO]   Proxima: 05:25 — aguardando 60s
05:49:15 [INFO] Fila: 68 aguardando | Cache: 0 bloqueados | Monitor odds: 0 | Monitor saida: 0 | ✅ 0 aprovados | 🔍 351 analisados | 📡 423 chamadas API
05:49:15 [INFO]   Proxima: 05:25 — aguardando 60s
05:50:15 [INFO] Fila: 68 aguardando | Cache: 0 bloqueados | Monitor odds: 0 | Monitor saida: 0 | ✅ 0 aprovados | 🔍 351 analisados | 📡 423 chamadas API
05:50:15 [INFO]   Proxima: 05:25 — aguardando 60s
05:51:15 [INFO] Fila: 68 aguardando | Cache: 0 bloqueados | Monitor odds: 0 | Monitor saida: 0 | ✅ 0 aprovados | 🔍 351 analisados | 📡 423 chamadas API
05:51:15 [INFO]   Proxima: 05:25 — aguardando 60s
05:52:15 [INFO] Fila: 68 aguardando | Cache: 0 bloqueados | Monitor odds: 0 | Monitor saida: 0 | ✅ 0 aprovados | 🔍 351 analisados | 📡 423 chamadas API
05:52:15 [INFO]   Proxima: 05:25 — aguardando 60s
05:53:15 [INFO] Fila: 68 aguardando | Cache: 0 bloqueados | Monitor odds: 0 | Monitor saida: 0 | ✅ 0 aprovados | 🔍 351 analisados | 📡 423 chamadas API
05:53:15 [INFO]   Proxima: 05:25 — aguardando 60s
05:54:15 [INFO] Fila: 68 aguardando | Cache: 0 bloqueados | Monitor odds: 0 | Monitor saida: 0 | ✅ 0 aprovados | 🔍 351 analisados | 📡 423 chamadas API
05:54:15 [INFO]   Proxima: 05:25 — aguardando 60s
05:55:15 [INFO] Fila: 68 aguardando | Cache: 0 bloqueados | Monitor odds: 0 | Monitor saida: 0 | ✅ 0 aprovados | 🔍 351 analisados | 📡 423 chamadas API
05:55:15 [INFO]   Proxima: 05:25 — aguardando 60s
05:56:15 [INFO] Fila: 68 aguardando | Cache: 0 bloqueados | Monitor odds: 0 | Monitor saida: 0 | ✅ 0 aprovados | 🔍 351 analisados | 📡 423 chamadas API
05:56:15 [INFO]   Proxima: 05:25 — aguardando 60s
05:57:15 [INFO] Fila: 68 aguardando | Cache: 0 bloqueados | Monitor odds: 0 | Monitor saida: 0 | ✅ 0 aprovados | 🔍 351 analisados | 📡 423 chamadas API
05:57:15 [INFO]   Proxima: 05:25 — aguardando 60s
05:58:15 [INFO] Fila: 68 aguardando | Cache: 0 bloqueados | Monitor odds: 0 | Monitor saida: 0 | ✅ 0 aprovados | 🔍 351 analisados | 📡 423 chamadas API
05:58:15 [INFO]   Proxima: 05:25 — aguardando 60s
05:59:15 [INFO] Fila: 68 aguardando | Cache: 0 bloqueados | Monitor odds: 0 | Monitor saida: 0 | ✅ 0 aprovados | 🔍 351 analisados | 📡 423 chamadas API
05:59:15 [INFO]   Proxima: 05:25 — aguardando 60s
06:00:15 [INFO] Fila: 68 aguardando | Cache: 0 bloqueados | Monitor odds: 0 | Monitor saida: 0 | ✅ 0 aprovados | 🔍 351 analisados | 📡 423 chamadas API
06:00:15 [INFO]   Proxima: 05:25 — aguardando 60s
06:01:15 [INFO] Fila: 68 aguardando | Cache: 0 bloqueados | Monitor odds: 0 | Monitor saida: 0 | ✅ 0 aprovados | 🔍 351 analisados | 📡 423 chamadas API
06:01:15 [INFO]   Proxima: 05:25 — aguardando 60s
06:02:15 [INFO] Fila: 68 aguardando | Cache: 0 bloqueados | Monitor odds: 0 | Monitor saida: 0 | ✅ 0 aprovados | 🔍 351 analisados | 📡 423 chamadas API
06:02:15 [INFO]   Proxima: 05:25 — aguardando 60s
06:03:15 [INFO] Fila: 68 aguardando | Cache: 0 bloqueados | Monitor odds: 0 | Monitor saida: 0 | ✅ 0 aprovados | 🔍 351 analisados | 📡 423 chamadas API
06:03:15 [INFO]   Proxima: 05:25 — aguardando 60s
06:04:15 [INFO] Fila: 68 aguardando | Cache: 0 bloqueados | Monitor odds: 0 | Monitor saida: 0 | ✅ 0 aprovados | 🔍 351 analisados | 📡 423 chamadas API
06:04:15 [INFO]   Proxima: 05:25 — aguardando 60s
06:05:15 [INFO] Fila: 68 aguardando | Cache: 0 bloqueados | Monitor odds: 0 | Monitor saida: 0 | ✅ 0 aprovados | 🔍 351 analisados | 📡 423 chamadas API
06:05:15 [INFO]   Proxima: 05:25 — aguardando 60s
06:06:15 [INFO] Fila: 68 aguardando | Cache: 0 bloqueados | Monitor odds: 0 | Monitor saida: 0 | ✅ 0 aprovados | 🔍 351 analisados | 📡 423 chamadas API
06:06:15 [INFO]   Proxima: 05:25 — aguardando 60s
06:07:15 [INFO] Fila: 68 aguardando | Cache: 0 bloqueados | Monitor odds: 0 | Monitor saida: 0 | ✅ 0 aprovados | 🔍 351 analisados | 📡 423 chamadas API
06:07:15 [INFO]   Proxima: 05:25 — aguardando 60s
06:08:15 [INFO] Fila: 68 aguardando | Cache: 0 bloqueados | Monitor odds: 0 | Monitor saida: 0 | ✅ 0 aprovados | 🔍 351 analisados | 📡 423 chamadas API
06:08:15 [INFO]   Proxima: 05:25 — aguardando 60s
06:09:15 [INFO] Fila: 68 aguardando | Cache: 0 bloqueados | Monitor odds: 0 | Monitor saida: 0 | ✅ 0 aprovados | 🔍 351 analisados | 📡 423 chamadas API
06:09:15 [INFO]   Proxima: 05:25 — aguardando 60s
06:10:15 [INFO] Fila: 68 aguardando | Cache: 0 bloqueados | Monitor odds: 0 | Monitor saida: 0 | ✅ 0 aprovados | 🔍 351 analisados | 📡 423 chamadas API
06:10:15 [INFO]   Proxima: 05:25 — aguardando 60s
06:11:15 [INFO] Fila: 68 aguardando | Cache: 0 bloqueados | Monitor odds: 0 | Monitor saida: 0 | ✅ 0 aprovados | 🔍 351 analisados | 📡 423 chamadas API
06:11:15 [INFO]   Proxima: 05:25 — aguardando 60s
06:12:15 [INFO] Fila: 68 aguardando | Cache: 0 bloqueados | Monitor odds: 0 | Monitor saida: 0 | ✅ 0 aprovados | 🔍 351 analisados | 📡 423 chamadas API
06:12:15 [INFO]   Proxima: 05:25 — aguardando 60s
06:13:15 [INFO] Fila: 68 aguardando | Cache: 0 bloqueados | Monitor odds: 0 | Monitor saida: 0 | ✅ 0 aprovados | 🔍 351 analisados | 📡 423 chamadas API
06:13:15 [INFO]   Proxima: 05:25 — aguardando 60s
06:14:15 [INFO] Fila: 68 aguardando | Cache: 0 bloqueados | Monitor odds: 0 | Monitor saida: 0 | ✅ 0 aprovados | 🔍 351 analisados | 📡 423 chamadas API
06:14:15 [INFO]   Proxima: 05:25 — aguardando 60s
06:15:15 [INFO] Fila: 68 aguardando | Cache: 0 bloqueados | Monitor odds: 0 | Monitor saida: 0 | ✅ 0 aprovados | 🔍 351 analisados | 📡 423 chamadas API
06:15:15 [INFO] Buscando lista de jogos do dia...
06:15:16 [WARNING] Nenhum jogo retornado pela API Betfair!
06:15:17 [INFO]   Proxima: 05:25 — aguardando 60s
06:16:17 [INFO] Fila: 68 aguardando | Cache: 0 bloqueados | Monitor odds: 0 | Monitor saida: 0 | ✅ 0 aprovados | 🔍 351 analisados | 📡 424 chamadas API
06:16:17 [INFO]   Proxima: 05:25 — aguardando 60s
06:17:17 [INFO] Fila: 68 aguardando | Cache: 0 bloqueados | Monitor odds: 0 | Monitor saida: 0 | ✅ 0 aprovados | 🔍 351 analisados | 📡 424 chamadas API
06:17:17 [INFO]   Proxima: 05:25 — aguardando 60s
06:18:17 [INFO] Fila: 68 aguardando | Cache: 0 bloqueados | Monitor odds: 0 | Monitor saida: 0 | ✅ 0 aprovados | 🔍 351 analisados | 📡 424 chamadas API
06:18:17 [INFO]   Proxima: 05:25 — aguardando 60s
06:19:17 [INFO] Fila: 68 aguardando | Cache: 0 bloqueados | Monitor odds: 0 | Monitor saida: 0 | ✅ 0 aprovados | 🔍 351 analisados | 📡 424 chamadas API
06:19:17 [INFO]   Proxima: 05:25 — aguardando 60s
06:20:17 [INFO] Fila: 68 aguardando | Cache: 0 bloqueados | Monitor odds: 0 | Monitor saida: 0 | ✅ 0 aprovados | 🔍 351 analisados | 📡 424 chamadas API
06:20:17 [INFO]   Proxima: 05:25 — aguardando 60s
06:21:17 [INFO] Fila: 68 aguardando | Cache: 0 bloqueados | Monitor odds: 0 | Monitor saida: 0 | ✅ 0 aprovados | 🔍 351 analisados | 📡 424 chamadas API
06:21:17 [INFO]   Proxima: 05:25 — aguardando 60s
06:22:17 [INFO] Fila: 68 aguardando | Cache: 0 bloqueados | Monitor odds: 0 | Monitor saida: 0 | ✅ 0 aprovados | 🔍 351 analisados | 📡 424 chamadas API
06:22:17 [INFO]   Proxima: 05:25 — aguardando 60s
06:23:17 [INFO] Fila: 68 aguardando | Cache: 0 bloqueados | Monitor odds: 0 | Monitor saida: 0 | ✅ 0 aprovados | 🔍 351 analisados | 📡 424 chamadas API
06:23:17 [INFO]   Proxima: 05:25 — aguardando 60s
06:24:17 [INFO] Fila: 68 aguardando | Cache: 0 bloqueados | Monitor odds: 0 | Monitor saida: 0 | ✅ 0 aprovados | 🔍 351 analisados | 📡 424 chamadas API
06:24:17 [INFO]   Proxima: 05:25 — aguardando 60s
06:25:17 [INFO] Fila: 68 aguardando | Cache: 0 bloqueados | Monitor odds: 0 | Monitor saida: 0 | ✅ 0 aprovados | 🔍 351 analisados | 📡 424 chamadas API
06:25:17 [INFO]   Proxima: 05:25 — aguardando 60s
06:26:17 [INFO] Fila: 68 aguardando | Cache: 0 bloqueados | Monitor odds: 0 | Monitor saida: 0 | ✅ 0 aprovados | 🔍 351 analisados | 📡 424 chamadas API
06:26:17 [INFO]   Proxima: 05:25 — aguardando 60s
06:27:17 [INFO] Fila: 68 aguardando | Cache: 0 bloqueados | Monitor odds: 0 | Monitor saida: 0 | ✅ 0 aprovados | 🔍 351 analisados | 📡 424 chamadas API
06:27:17 [INFO]   Proxima: 05:25 — aguardando 60s
06:28:17 [INFO] Fila: 68 aguardando | Cache: 0 bloqueados | Monitor odds: 0 | Monitor saida: 0 | ✅ 0 aprovados | 🔍 351 analisados | 📡 424 chamadas API
06:28:17 [INFO]   Proxima: 05:25 — aguardando 60s
06:29:17 [INFO] Fila: 68 aguardando | Cache: 0 bloqueados | Monitor odds: 0 | Monitor saida: 0 | ✅ 0 aprovados | 🔍 351 analisados | 📡 424 chamadas API
06:29:17 [INFO]   Proxima: 05:25 — aguardando 60s
06:30:17 [INFO] Fila: 68 aguardando | Cache: 0 bloqueados | Monitor odds: 0 | Monitor saida: 0 | ✅ 0 aprovados | 🔍 351 analisados | 📡 424 chamadas API
06:30:17 [INFO]   Proxima: 05:25 — aguardando 60s
06:31:17 [INFO] Fila: 68 aguardando | Cache: 0 bloqueados | Monitor odds: 0 | Monitor saida: 0 | ✅ 0 aprovados | 🔍 351 analisados | 📡 424 chamadas API
06:31:17 [INFO]   Proxima: 05:25 — aguardando 60s
06:32:17 [INFO] Fila: 68 aguardando | Cache: 0 bloqueados | Monitor odds: 0 | Monitor saida: 0 | ✅ 0 aprovados | 🔍 351 analisados | 📡 424 chamadas API
06:32:17 [INFO]   Proxima: 05:25 — aguardando 60s
06:33:17 [INFO] Fila: 68 aguardando | Cache: 0 bloqueados | Monitor odds: 0 | Monitor saida: 0 | ✅ 0 aprovados | 🔍 351 analisados | 📡 424 chamadas API
06:33:17 [INFO]   Proxima: 05:25 — aguardando 60s
06:34:17 [INFO] Fila: 68 aguardando | Cache: 0 bloqueados | Monitor odds: 0 | Monitor saida: 0 | ✅ 0 aprovados | 🔍 351 analisados | 📡 424 chamadas API
06:34:17 [INFO]   Proxima: 05:25 — aguardando 60s
06:35:17 [INFO] Fila: 68 aguardando | Cache: 0 bloqueados | Monitor odds: 0 | Monitor saida: 0 | ✅ 0 aprovados | 🔍 351 analisados | 📡 424 chamadas API
06:35:17 [INFO]   Proxima: 05:25 — aguardando 60s
06:36:17 [INFO] Fila: 68 aguardando | Cache: 0 bloqueados | Monitor odds: 0 | Monitor saida: 0 | ✅ 0 aprovados | 🔍 351 analisados | 📡 424 chamadas API
06:36:17 [INFO]   Proxima: 05:25 — aguardando 60s
06:37:17 [INFO] Fila: 68 aguardando | Cache: 0 bloqueados | Monitor odds: 0 | Monitor saida: 0 | ✅ 0 aprovados | 🔍 351 analisados | 📡 424 chamadas API
06:37:17 [INFO]   Proxima: 05:25 — aguardando 60s
06:38:17 [INFO] Fila: 68 aguardando | Cache: 0 bloqueados | Monitor odds: 0 | Monitor saida: 0 | ✅ 0 aprovados | 🔍 351 analisados | 📡 424 chamadas API
06:38:17 [INFO]   Proxima: 05:25 — aguardando 60s
06:39:17 [INFO] Fila: 68 aguardando | Cache: 0 bloqueados | Monitor odds: 0 | Monitor saida: 0 | ✅ 0 aprovados | 🔍 351 analisados | 📡 424 chamadas API
06:39:17 [INFO]   Proxima: 05:25 — aguardando 60s
06:40:17 [INFO] Fila: 68 aguardando | Cache: 0 bloqueados | Monitor odds: 0 | Monitor saida: 0 | ✅ 0 aprovados | 🔍 351 analisados | 📡 424 chamadas API
06:40:17 [INFO]   Proxima: 05:25 — aguardando 60s
06:41:17 [INFO] Fila: 68 aguardando | Cache: 0 bloqueados | Monitor odds: 0 | Monitor saida: 0 | ✅ 0 aprovados | 🔍 351 analisados | 📡 424 chamadas API
06:41:17 [INFO]   Proxima: 05:25 — aguardando 60s
06:42:17 [INFO] Fila: 68 aguardando | Cache: 0 bloqueados | Monitor odds: 0 | Monitor saida: 0 | ✅ 0 aprovados | 🔍 351 analisados | 📡 424 chamadas API
06:42:17 [INFO]   Proxima: 05:25 — aguardando 60s
06:43:17 [INFO] Fila: 68 aguardando | Cache: 0 bloqueados | Monitor odds: 0 | Monitor saida: 0 | ✅ 0 aprovados | 🔍 351 analisados | 📡 424 chamadas API
06:43:17 [INFO]   Proxima: 05:25 — aguardando 60s
06:44:17 [INFO] Fila: 68 aguardando | Cache: 0 bloqueados | Monitor odds: 0 | Monitor saida: 0 | ✅ 0 aprovados | 🔍 351 analisados | 📡 424 chamadas API
06:44:17 [INFO]   Proxima: 05:25 — aguardando 60s
06:45:17 [INFO] Fila: 68 aguardando | Cache: 0 bloqueados | Monitor odds: 0 | Monitor saida: 0 | ✅ 0 aprovados | 🔍 351 analisados | 📡 424 chamadas API
06:45:17 [INFO]   Proxima: 05:25 — aguardando 60s
06:46:17 [INFO] Fila: 68 aguardando | Cache: 0 bloqueados | Monitor odds: 0 | Monitor saida: 0 | ✅ 0 aprovados | 🔍 351 analisados | 📡 424 chamadas API
06:46:17 [INFO]   Proxima: 05:25 — aguardando 60s
06:47:17 [INFO] Fila: 68 aguardando | Cache: 0 bloqueados | Monitor odds: 0 | Monitor saida: 0 | ✅ 0 aprovados | 🔍 351 analisados | 📡 424 chamadas API
06:47:17 [INFO]   Proxima: 05:25 — aguardando 60s
06:48:17 [INFO] Fila: 68 aguardando | Cache: 0 bloqueados | Monitor odds: 0 | Monitor saida: 0 | ✅ 0 aprovados | 🔍 351 analisados | 📡 424 chamadas API
06:48:17 [INFO]   Proxima: 05:25 — aguardando 60s
06:49:17 [INFO] Fila: 68 aguardando | Cache: 0 bloqueados | Monitor odds: 0 | Monitor saida: 0 | ✅ 0 aprovados | 🔍 351 analisados | 📡 424 chamadas API
06:49:17 [INFO]   Proxima: 05:25 — aguardando 60s
06:50:17 [INFO] Fila: 68 aguardando | Cache: 0 bloqueados | Monitor odds: 0 | Monitor saida: 0 | ✅ 0 aprovados | 🔍 351 analisados | 📡 424 chamadas API
06:50:17 [INFO]   Proxima: 05:25 — aguardando 60s
06:51:17 [INFO] Fila: 68 aguardando | Cache: 0 bloqueados | Monitor odds: 0 | Monitor saida: 0 | ✅ 0 aprovados | 🔍 351 analisados | 📡 424 chamadas API
06:51:17 [INFO]   Proxima: 05:25 — aguardando 60s
06:52:17 [INFO] Fila: 68 aguardando | Cache: 0 bloqueados | Monitor odds: 0 | Monitor saida: 0 | ✅ 0 aprovados | 🔍 351 analisados | 📡 424 chamadas API
06:52:17 [INFO]   Proxima: 05:25 — aguardando 60s
06:53:17 [INFO] Fila: 68 aguardando | Cache: 0 bloqueados | Monitor odds: 0 | Monitor saida: 0 | ✅ 0 aprovados | 🔍 351 analisados | 📡 424 chamadas API
06:53:17 [INFO]   Proxima: 05:25 — aguardando 60s
06:54:17 [INFO] Fila: 68 aguardando | Cache: 0 bloqueados | Monitor odds: 0 | Monitor saida: 0 | ✅ 0 aprovados | 🔍 351 analisados | 📡 424 chamadas API
06:54:17 [INFO]   Proxima: 05:25 — aguardando 60s
06:55:17 [INFO] Fila: 68 aguardando | Cache: 0 bloqueados | Monitor odds: 0 | Monitor saida: 0 | ✅ 0 aprovados | 🔍 351 analisados | 📡 424 chamadas API
06:55:17 [INFO]   Proxima: 05:25 — aguardando 60s
06:56:17 [INFO] Fila: 68 aguardando | Cache: 0 bloqueados | Monitor odds: 0 | Monitor saida: 0 | ✅ 0 aprovados | 🔍 351 analisados | 📡 424 chamadas API
06:56:17 [INFO]   Proxima: 05:25 — aguardando 60s
06:57:17 [INFO] Fila: 68 aguardando | Cache: 0 bloqueados | Monitor odds: 0 | Monitor saida: 0 | ✅ 0 aprovados | 🔍 351 analisados | 📡 424 chamadas API
06:57:17 [INFO]   Proxima: 05:25 — aguardando 60s
06:58:17 [INFO] Fila: 68 aguardando | Cache: 0 bloqueados | Monitor odds: 0 | Monitor saida: 0 | ✅ 0 aprovados | 🔍 351 analisados | 📡 424 chamadas API
06:58:17 [INFO]   Proxima: 05:25 — aguardando 60s
06:59:17 [INFO] Fila: 68 aguardando | Cache: 0 bloqueados | Monitor odds: 0 | Monitor saida: 0 | ✅ 0 aprovados | 🔍 351 analisados | 📡 424 chamadas API
06:59:17 [INFO]   Proxima: 05:25 — aguardando 60s
07:00:17 [INFO] Fila: 68 aguardando | Cache: 0 bloqueados | Monitor odds: 0 | Monitor saida: 0 | ✅ 0 aprovados | 🔍 351 analisados | 📡 424 chamadas API
07:00:17 [INFO]   Proxima: 05:25 — aguardando 60s
07:01:17 [INFO] Fila: 68 aguardando | Cache: 0 bloqueados | Monitor odds: 0 | Monitor saida: 0 | ✅ 0 aprovados | 🔍 351 analisados | 📡 424 chamadas API
07:01:17 [INFO]   Proxima: 05:25 — aguardando 60s
07:02:17 [INFO] Fila: 68 aguardando | Cache: 0 bloqueados | Monitor odds: 0 | Monitor saida: 0 | ✅ 0 aprovados | 🔍 351 analisados | 📡 424 chamadas API
07:02:17 [INFO]   Proxima: 05:25 — aguardando 60s
07:03:17 [INFO] Fila: 68 aguardando | Cache: 0 bloqueados | Monitor odds: 0 | Monitor saida: 0 | ✅ 0 aprovados | 🔍 351 analisados | 📡 424 chamadas API
07:03:17 [INFO]   Proxima: 05:25 — aguardando 60s
07:04:17 [INFO] Fila: 68 aguardando | Cache: 0 bloqueados | Monitor odds: 0 | Monitor saida: 0 | ✅ 0 aprovados | 🔍 351 analisados | 📡 424 chamadas API
07:04:17 [INFO]   Proxima: 05:25 — aguardando 60s
07:05:17 [INFO] Fila: 68 aguardando | Cache: 0 bloqueados | Monitor odds: 0 | Monitor saida: 0 | ✅ 0 aprovados | 🔍 351 analisados | 📡 424 chamadas API
07:05:17 [INFO]   Proxima: 05:25 — aguardando 60s
07:06:17 [INFO] Fila: 68 aguardando | Cache: 0 bloqueados | Monitor odds: 0 | Monitor saida: 0 | ✅ 0 aprovados | 🔍 351 analisados | 📡 424 chamadas API
07:06:17 [INFO]   Proxima: 05:25 — aguardando 60s
07:07:17 [INFO] Fila: 68 aguardando | Cache: 0 bloqueados | Monitor odds: 0 | Monitor saida: 0 | ✅ 0 aprovados | 🔍 351 analisados | 📡 424 chamadas API
07:07:17 [INFO]   Proxima: 05:25 — aguardando 60s
07:08:17 [INFO] Fila: 68 aguardando | Cache: 0 bloqueados | Monitor odds: 0 | Monitor saida: 0 | ✅ 0 aprovados | 🔍 351 analisados | 📡 424 chamadas API
07:08:17 [INFO]   Proxima: 05:25 — aguardando 60s
07:09:17 [INFO] Fila: 68 aguardando | Cache: 0 bloqueados | Monitor odds: 0 | Monitor saida: 0 | ✅ 0 aprovados | 🔍 351 analisados | 📡 424 chamadas API
07:09:17 [INFO]   Proxima: 05:25 — aguardando 60s
07:10:17 [INFO] Fila: 68 aguardando | Cache: 0 bloqueados | Monitor odds: 0 | Monitor saida: 0 | ✅ 0 aprovados | 🔍 351 analisados | 📡 424 chamadas API
07:10:17 [INFO]   Proxima: 05:25 — aguardando 60s
07:11:17 [INFO] Fila: 68 aguardando | Cache: 0 bloqueados | Monitor odds: 0 | Monitor saida: 0 | ✅ 0 aprovados | 🔍 351 analisados | 📡 424 chamadas API
07:11:17 [INFO]   Proxima: 05:25 — aguardando 60s
07:12:17 [INFO] Fila: 68 aguardando | Cache: 0 bloqueados | Monitor odds: 0 | Monitor saida: 0 | ✅ 0 aprovados | 🔍 351 analisados | 📡 424 chamadas API
07:12:17 [INFO]   Proxima: 05:25 — aguardando 60s
07:13:17 [INFO] Fila: 68 aguardando | Cache: 0 bloqueados | Monitor odds: 0 | Monitor saida: 0 | ✅ 0 aprovados | 🔍 351 analisados | 📡 424 chamadas API
07:13:17 [INFO]   Proxima: 05:25 — aguardando 60s
07:14:17 [INFO] Fila: 68 aguardando | Cache: 0 bloqueados | Monitor odds: 0 | Monitor saida: 0 | ✅ 0 aprovados | 🔍 351 analisados | 📡 424 chamadas API
07:14:17 [INFO]   Proxima: 05:25 — aguardando 60s
07:15:17 [INFO] Fila: 68 aguardando | Cache: 0 bloqueados | Monitor odds: 0 | Monitor saida: 0 | ✅ 0 aprovados | 🔍 351 analisados | 📡 424 chamadas API
07:15:17 [INFO] Buscando lista de jogos do dia...
07:15:17 [WARNING] Nenhum jogo retornado pela API Betfair!
07:15:18 [INFO]   Proxima: 05:25 — aguardando 60s
07:16:18 [INFO] Fila: 68 aguardando | Cache: 0 bloqueados | Monitor odds: 0 | Monitor saida: 0 | ✅ 0 aprovados | 🔍 351 analisados | 📡 425 chamadas API
07:16:18 [INFO]   Proxima: 05:25 — aguardando 60s
07:17:18 [INFO] Fila: 68 aguardando | Cache: 0 bloqueados | Monitor odds: 0 | Monitor saida: 0 | ✅ 0 aprovados | 🔍 351 analisados | 📡 425 chamadas API
07:17:18 [INFO]   Proxima: 05:25 — aguardando 60s
07:18:18 [INFO] Fila: 68 aguardando | Cache: 0 bloqueados | Monitor odds: 0 | Monitor saida: 0 | ✅ 0 aprovados | 🔍 351 analisados | 📡 425 chamadas API
07:18:18 [INFO]   Proxima: 05:25 — aguardando 60s
07:19:18 [INFO] Fila: 68 aguardando | Cache: 0 bloqueados | Monitor odds: 0 | Monitor saida: 0 | ✅ 0 aprovados | 🔍 351 analisados | 📡 425 chamadas API
07:19:18 [INFO]   Proxima: 05:25 — aguardando 60s
07:20:18 [INFO] Fila: 68 aguardando | Cache: 0 bloqueados | Monitor odds: 0 | Monitor saida: 0 | ✅ 0 aprovados | 🔍 351 analisados | 📡 425 chamadas API
07:20:18 [INFO]   Proxima: 05:25 — aguardando 60s
07:21:18 [INFO] Fila: 68 aguardando | Cache: 0 bloqueados | Monitor odds: 0 | Monitor saida: 0 | ✅ 0 aprovados | 🔍 351 analisados | 📡 425 chamadas API
07:21:18 [INFO]   Proxima: 05:25 — aguardando 60s
07:22:18 [INFO] Fila: 68 aguardando | Cache: 0 bloqueados | Monitor odds: 0 | Monitor saida: 0 | ✅ 0 aprovados | 🔍 351 analisados | 📡 425 chamadas API
07:22:18 [INFO]   Proxima: 05:25 — aguardando 60s
07:23:18 [INFO] Fila: 68 aguardando | Cache: 0 bloqueados | Monitor odds: 0 | Monitor saida: 0 | ✅ 0 aprovados | 🔍 351 analisados | 📡 425 chamadas API
07:23:18 [INFO]   Proxima: 05:25 — aguardando 60s
07:24:18 [INFO] Fila: 68 aguardando | Cache: 0 bloqueados | Monitor odds: 0 | Monitor saida: 0 | ✅ 0 aprovados | 🔍 351 analisados | 📡 425 chamadas API
07:24:18 [INFO]   Proxima: 05:25 — aguardando 60s
07:25:18 [INFO] Fila: 68 aguardando | Cache: 0 bloqueados | Monitor odds: 0 | Monitor saida: 0 | ✅ 0 aprovados | 🔍 351 analisados | 📡 425 chamadas API
07:25:18 [INFO]   Proxima: 05:25 — aguardando 60s
07:26:18 [INFO] Fila: 68 aguardando | Cache: 0 bloqueados | Monitor odds: 0 | Monitor saida: 0 | ✅ 0 aprovados | 🔍 351 analisados | 📡 425 chamadas API
07:26:18 [INFO]   Proxima: 05:25 — aguardando 60s
07:27:18 [INFO] Fila: 68 aguardando | Cache: 0 bloqueados | Monitor odds: 0 | Monitor saida: 0 | ✅ 0 aprovados | 🔍 351 analisados | 📡 425 chamadas API
07:27:18 [INFO]   Proxima: 05:25 — aguardando 60s
07:28:18 [INFO] Fila: 68 aguardando | Cache: 0 bloqueados | Monitor odds: 0 | Monitor saida: 0 | ✅ 0 aprovados | 🔍 351 analisados | 📡 425 chamadas API
07:28:18 [INFO]   Proxima: 05:25 — aguardando 60s
07:29:18 [INFO] Fila: 68 aguardando | Cache: 0 bloqueados | Monitor odds: 0 | Monitor saida: 0 | ✅ 0 aprovados | 🔍 351 analisados | 📡 425 chamadas API
07:29:18 [INFO]   Proxima: 05:25 — aguardando 60s
07:30:18 [INFO] Fila: 68 aguardando | Cache: 0 bloqueados | Monitor odds: 0 | Monitor saida: 0 | ✅ 0 aprovados | 🔍 351 analisados | 📡 425 chamadas API
07:30:18 [INFO]   Proxima: 05:25 — aguardando 60s
07:31:18 [INFO] Fila: 68 aguardando | Cache: 0 bloqueados | Monitor odds: 0 | Monitor saida: 0 | ✅ 0 aprovados | 🔍 351 analisados | 📡 425 chamadas API
07:31:18 [INFO]   Proxima: 05:25 — aguardando 60s
07:32:18 [INFO] Fila: 68 aguardando | Cache: 0 bloqueados | Monitor odds: 0 | Monitor saida: 0 | ✅ 0 aprovados | 🔍 351 analisados | 📡 425 chamadas API
07:32:18 [INFO]   Proxima: 05:25 — aguardando 60s
07:33:18 [INFO] Fila: 68 aguardando | Cache: 0 bloqueados | Monitor odds: 0 | Monitor saida: 0 | ✅ 0 aprovados | 🔍 351 analisados | 📡 425 chamadas API
07:33:18 [INFO]   Proxima: 05:25 — aguardando 60s
07:34:18 [INFO] Fila: 68 aguardando | Cache: 0 bloqueados | Monitor odds: 0 | Monitor saida: 0 | ✅ 0 aprovados | 🔍 351 analisados | 📡 425 chamadas API
07:34:18 [INFO]   Proxima: 05:25 — aguardando 60s
07:35:18 [INFO] Fila: 68 aguardando | Cache: 0 bloqueados | Monitor odds: 0 | Monitor saida: 0 | ✅ 0 aprovados | 🔍 351 analisados | 📡 425 chamadas API
07:35:18 [INFO]   Proxima: 05:25 — aguardando 60s
07:36:18 [INFO] Fila: 68 aguardando | Cache: 0 bloqueados | Monitor odds: 0 | Monitor saida: 0 | ✅ 0 aprovados | 🔍 351 analisados | 📡 425 chamadas API
07:36:18 [INFO]   Proxima: 05:25 — aguardando 60s
07:37:18 [INFO] Fila: 68 aguardando | Cache: 0 bloqueados | Monitor odds: 0 | Monitor saida: 0 | ✅ 0 aprovados | 🔍 351 analisados | 📡 425 chamadas API
07:37:18 [INFO]   Proxima: 05:25 — aguardando 60s
07:38:18 [INFO] Fila: 68 aguardando | Cache: 0 bloqueados | Monitor odds: 0 | Monitor saida: 0 | ✅ 0 aprovados | 🔍 351 analisados | 📡 425 chamadas API
07:38:18 [INFO]   Proxima: 05:25 — aguardando 60s
07:39:18 [INFO] Fila: 68 aguardando | Cache: 0 bloqueados | Monitor odds: 0 | Monitor saida: 0 | ✅ 0 aprovados | 🔍 351 analisados | 📡 425 chamadas API
07:39:18 [INFO]   Proxima: 05:25 — aguardando 60s
07:40:18 [INFO] Fila: 68 aguardando | Cache: 0 bloqueados | Monitor odds: 0 | Monitor saida: 0 | ✅ 0 aprovados | 🔍 351 analisados | 📡 425 chamadas API
07:40:18 [INFO]   Proxima: 05:25 — aguardando 60s
07:41:18 [INFO] Fila: 68 aguardando | Cache: 0 bloqueados | Monitor odds: 0 | Monitor saida: 0 | ✅ 0 aprovados | 🔍 351 analisados | 📡 425 chamadas API
07:41:18 [INFO]   Proxima: 05:25 — aguardando 60s
07:42:18 [INFO] Fila: 68 aguardando | Cache: 0 bloqueados | Monitor odds: 0 | Monitor saida: 0 | ✅ 0 aprovados | 🔍 351 analisados | 📡 425 chamadas API
07:42:18 [INFO]   Proxima: 05:25 — aguardando 60s
07:43:18 [INFO] Fila: 68 aguardando | Cache: 0 bloqueados | Monitor odds: 0 | Monitor saida: 0 | ✅ 0 aprovados | 🔍 351 analisados | 📡 425 chamadas API
07:43:18 [INFO]   Proxima: 05:25 — aguardando 60s
07:44:18 [INFO] Fila: 68 aguardando | Cache: 0 bloqueados | Monitor odds: 0 | Monitor saida: 0 | ✅ 0 aprovados | 🔍 351 analisados | 📡 425 chamadas API
07:44:18 [INFO]   Proxima: 05:25 — aguardando 60s
07:45:18 [INFO] Fila: 68 aguardando | Cache: 0 bloqueados | Monitor odds: 0 | Monitor saida: 0 | ✅ 0 aprovados | 🔍 351 analisados | 📡 425 chamadas API
07:45:18 [INFO]   Proxima: 05:25 — aguardando 60s
07:46:18 [INFO] Fila: 68 aguardando | Cache: 0 bloqueados | Monitor odds: 0 | Monitor saida: 0 | ✅ 0 aprovados | 🔍 351 analisados | 📡 425 chamadas API
07:46:18 [INFO]   Proxima: 05:25 — aguardando 60s
07:47:18 [INFO] Fila: 68 aguardando | Cache: 0 bloqueados | Monitor odds: 0 | Monitor saida: 0 | ✅ 0 aprovados | 🔍 351 analisados | 📡 425 chamadas API
07:47:18 [INFO]   Proxima: 05:25 — aguardando 60s
07:48:18 [INFO] Fila: 68 aguardando | Cache: 0 bloqueados | Monitor odds: 0 | Monitor saida: 0 | ✅ 0 aprovados | 🔍 351 analisados | 📡 425 chamadas API
07:48:18 [INFO]   Proxima: 05:25 — aguardando 60s
07:49:18 [INFO] Fila: 68 aguardando | Cache: 0 bloqueados | Monitor odds: 0 | Monitor saida: 0 | ✅ 0 aprovados | 🔍 351 analisados | 📡 425 chamadas API
07:49:18 [INFO]   Proxima: 05:25 — aguardando 60s
07:50:18 [INFO] Fila: 68 aguardando | Cache: 0 bloqueados | Monitor odds: 0 | Monitor saida: 0 | ✅ 0 aprovados | 🔍 351 analisados | 📡 425 chamadas API
07:50:18 [INFO]   Proxima: 05:25 — aguardando 60s
07:51:18 [INFO] Fila: 68 aguardando | Cache: 0 bloqueados | Monitor odds: 0 | Monitor saida: 0 | ✅ 0 aprovados | 🔍 351 analisados | 📡 425 chamadas API
07:51:18 [INFO]   Proxima: 05:25 — aguardando 60s
07:52:18 [INFO] Fila: 68 aguardando | Cache: 0 bloqueados | Monitor odds: 0 | Monitor saida: 0 | ✅ 0 aprovados | 🔍 351 analisados | 📡 425 chamadas API
07:52:18 [INFO]   Proxima: 05:25 — aguardando 60s
07:53:18 [INFO] Fila: 68 aguardando | Cache: 0 bloqueados | Monitor odds: 0 | Monitor saida: 0 | ✅ 0 aprovados | 🔍 351 analisados | 📡 425 chamadas API
07:53:18 [INFO]   Proxima: 05:25 — aguardando 60s
07:54:18 [INFO] Fila: 68 aguardando | Cache: 0 bloqueados | Monitor odds: 0 | Monitor saida: 0 | ✅ 0 aprovados | 🔍 351 analisados | 📡 425 chamadas API
07:54:18 [INFO]   Proxima: 05:25 — aguardando 60s
07:55:18 [INFO] Fila: 68 aguardando | Cache: 0 bloqueados | Monitor odds: 0 | Monitor saida: 0 | ✅ 0 aprovados | 🔍 351 analisados | 📡 425 chamadas API
07:55:18 [INFO]   Proxima: 05:25 — aguardando 60s
07:56:18 [INFO] Fila: 68 aguardando | Cache: 0 bloqueados | Monitor odds: 0 | Monitor saida: 0 | ✅ 0 aprovados | 🔍 351 analisados | 📡 425 chamadas API
07:56:18 [INFO]   Proxima: 05:25 — aguardando 60s
07:57:18 [INFO] Fila: 68 aguardando | Cache: 0 bloqueados | Monitor odds: 0 | Monitor saida: 0 | ✅ 0 aprovados | 🔍 351 analisados | 📡 425 chamadas API
07:57:18 [INFO]   Proxima: 05:25 — aguardando 60s
07:58:18 [INFO] Fila: 68 aguardando | Cache: 0 bloqueados | Monitor odds: 0 | Monitor saida: 0 | ✅ 0 aprovados | 🔍 351 analisados | 📡 425 chamadas API
07:58:18 [INFO]   Proxima: 05:25 — aguardando 60s
07:59:18 [INFO] Fila: 68 aguardando | Cache: 0 bloqueados | Monitor odds: 0 | Monitor saida: 0 | ✅ 0 aprovados | 🔍 351 analisados | 📡 425 chamadas API
07:59:18 [INFO]   Proxima: 05:25 — aguardando 60s
08:00:18 [INFO] Fila: 68 aguardando | Cache: 0 bloqueados | Monitor odds: 0 | Monitor saida: 0 | ✅ 0 aprovados | 🔍 351 analisados | 📡 425 chamadas API
08:00:18 [INFO]   Proxima: 05:25 — aguardando 60s
08:01:18 [INFO] Fila: 68 aguardando | Cache: 0 bloqueados | Monitor odds: 0 | Monitor saida: 0 | ✅ 0 aprovados | 🔍 351 analisados | 📡 425 chamadas API
08:01:18 [INFO]   Proxima: 05:25 — aguardando 60s
08:02:18 [INFO] Fila: 68 aguardando | Cache: 0 bloqueados | Monitor odds: 0 | Monitor saida: 0 | ✅ 0 aprovados | 🔍 351 analisados | 📡 425 chamadas API
08:02:18 [INFO]   Proxima: 05:25 — aguardando 60s
08:03:18 [INFO] Fila: 68 aguardando | Cache: 0 bloqueados | Monitor odds: 0 | Monitor saida: 0 | ✅ 0 aprovados | 🔍 351 analisados | 📡 425 chamadas API
08:03:18 [INFO]   Proxima: 05:25 — aguardando 60s
08:04:18 [INFO] Fila: 68 aguardando | Cache: 0 bloqueados | Monitor odds: 0 | Monitor saida: 0 | ✅ 0 aprovados | 🔍 351 analisados | 📡 425 chamadas API
08:04:18 [INFO]   Proxima: 05:25 — aguardando 60s
08:05:18 [INFO] Fila: 68 aguardando | Cache: 0 bloqueados | Monitor odds: 0 | Monitor saida: 0 | ✅ 0 aprovados | 🔍 351 analisados | 📡 425 chamadas API
08:05:18 [INFO]   Proxima: 05:25 — aguardando 60s
08:06:18 [INFO] Fila: 68 aguardando | Cache: 0 bloqueados | Monitor odds: 0 | Monitor saida: 0 | ✅ 0 aprovados | 🔍 351 analisados | 📡 425 chamadas API
08:06:18 [INFO]   Proxima: 05:25 — aguardando 60s
08:07:18 [INFO] Fila: 68 aguardando | Cache: 0 bloqueados | Monitor odds: 0 | Monitor saida: 0 | ✅ 0 aprovados | 🔍 351 analisados | 📡 425 chamadas API
08:07:18 [INFO]   Proxima: 05:25 — aguardando 60s
08:08:18 [INFO] Fila: 68 aguardando | Cache: 0 bloqueados | Monitor odds: 0 | Monitor saida: 0 | ✅ 0 aprovados | 🔍 351 analisados | 📡 425 chamadas API
08:08:18 [INFO]   Proxima: 05:25 — aguardando 60s
08:09:18 [INFO] Fila: 68 aguardando | Cache: 0 bloqueados | Monitor odds: 0 | Monitor saida: 0 | ✅ 0 aprovados | 🔍 351 analisados | 📡 425 chamadas API
08:09:18 [INFO]   Proxima: 05:25 — aguardando 60s
08:10:18 [INFO] Fila: 68 aguardando | Cache: 0 bloqueados | Monitor odds: 0 | Monitor saida: 0 | ✅ 0 aprovados | 🔍 351 analisados | 📡 425 chamadas API
08:10:18 [INFO]   Proxima: 05:25 — aguardando 60s
08:11:18 [INFO] Fila: 68 aguardando | Cache: 0 bloqueados | Monitor odds: 0 | Monitor saida: 0 | ✅ 0 aprovados | 🔍 351 analisados | 📡 425 chamadas API
08:11:18 [INFO]   Proxima: 05:25 — aguardando 60s
08:12:18 [INFO] Fila: 68 aguardando | Cache: 0 bloqueados | Monitor odds: 0 | Monitor saida: 0 | ✅ 0 aprovados | 🔍 351 analisados | 📡 425 chamadas API
08:12:18 [INFO]   Proxima: 05:25 — aguardando 60s
08:13:18 [INFO] Fila: 68 aguardando | Cache: 0 bloqueados | Monitor odds: 0 | Monitor saida: 0 | ✅ 0 aprovados | 🔍 351 analisados | 📡 425 chamadas API
08:13:18 [INFO]   Proxima: 05:25 — aguardando 60s
08:14:18 [INFO] Fila: 68 aguardando | Cache: 0 bloqueados | Monitor odds: 0 | Monitor saida: 0 | ✅ 0 aprovados | 🔍 351 analisados | 📡 425 chamadas API
08:14:18 [INFO]   Proxima: 05:25 — aguardando 60s
08:15:18 [INFO] Fila: 68 aguardando | Cache: 0 bloqueados | Monitor odds: 0 | Monitor saida: 0 | ✅ 0 aprovados | 🔍 351 analisados | 📡 425 chamadas API
08:15:18 [INFO] Buscando lista de jogos do dia...
08:15:18 [WARNING] Nenhum jogo retornado pela API Betfair!
08:15:19 [INFO]   Proxima: 05:25 — aguardando 60s
08:16:19 [INFO] Fila: 68 aguardando | Cache: 0 bloqueados | Monitor odds: 0 | Monitor saida: 0 | ✅ 0 aprovados | 🔍 351 analisados | 📡 426 chamadas API
08:16:19 [INFO]   Proxima: 05:25 — aguardando 60s
08:17:19 [INFO] Fila: 68 aguardando | Cache: 0 bloqueados | Monitor odds: 0 | Monitor saida: 0 | ✅ 0 aprovados | 🔍 351 analisados | 📡 426 chamadas API
08:17:19 [INFO]   Proxima: 05:25 — aguardando 60s
08:18:19 [INFO] Fila: 68 aguardando | Cache: 0 bloqueados | Monitor odds: 0 | Monitor saida: 0 | ✅ 0 aprovados | 🔍 351 analisados | 📡 426 chamadas API
08:18:19 [INFO]   Proxima: 05:25 — aguardando 60s
08:19:19 [INFO] Fila: 68 aguardando | Cache: 0 bloqueados | Monitor odds: 0 | Monitor saida: 0 | ✅ 0 aprovados | 🔍 351 analisados | 📡 426 chamadas API
08:19:19 [INFO]   Proxima: 05:25 — aguardando 60s
08:20:19 [INFO] Fila: 68 aguardando | Cache: 0 bloqueados | Monitor odds: 0 | Monitor saida: 0 | ✅ 0 aprovados | 🔍 351 analisados | 📡 426 chamadas API
08:20:19 [INFO]   Proxima: 05:25 — aguardando 60s
08:21:19 [INFO] Fila: 68 aguardando | Cache: 0 bloqueados | Monitor odds: 0 | Monitor saida: 0 | ✅ 0 aprovados | 🔍 351 analisados | 📡 426 chamadas API
08:21:19 [INFO]   Proxima: 05:25 — aguardando 60s
08:22:19 [INFO] Fila: 68 aguardando | Cache: 0 bloqueados | Monitor odds: 0 | Monitor saida: 0 | ✅ 0 aprovados | 🔍 351 analisados | 📡 426 chamadas API
08:22:19 [INFO]   Proxima: 05:25 — aguardando 60s
08:23:19 [INFO] Fila: 68 aguardando | Cache: 0 bloqueados | Monitor odds: 0 | Monitor saida: 0 | ✅ 0 aprovados | 🔍 351 analisados | 📡 426 chamadas API
08:23:19 [INFO]   Proxima: 05:25 — aguardando 60s
08:24:19 [INFO] Fila: 68 aguardando | Cache: 0 bloqueados | Monitor odds: 0 | Monitor saida: 0 | ✅ 0 aprovados | 🔍 351 analisados | 📡 426 chamadas API
08:24:19 [INFO]   Proxima: 05:25 — aguardando 40s
08:25:00 [INFO] Fila: 68 aguardando | Cache: 0 bloqueados | Monitor odds: 0 | Monitor saida: 0 | ✅ 0 aprovados | 🔍 351 analisados | 📡 426 chamadas API
08:25:00 [INFO]   🔍 Semen Padang v Persijap Jepara (05:30) | +4 min
08:25:00 [INFO]   ⛔ Sem mercados
08:25:00 [INFO]     -> Proxima: 05:30 (intervalo 5 min — 4 min p/ inicio)
08:25:00 [INFO] Fila: 68 aguardando | Cache: 0 bloqueados | Monitor odds: 0 | Monitor saida: 0 | ✅ 0 aprovados | 🔍 352 analisados | 📡 427 chamadas API
08:25:00 [INFO]   Proxima: 05:30 — aguardando 60s
08:26:00 [INFO] Fila: 68 aguardando | Cache: 0 bloqueados | Monitor odds: 0 | Monitor saida: 0 | ✅ 0 aprovados | 🔍 352 analisados | 📡 427 chamadas API
08:26:00 [INFO]   Proxima: 05:30 — aguardando 60s
08:27:00 [INFO] Fila: 68 aguardando | Cache: 0 bloqueados | Monitor odds: 0 | Monitor saida: 0 | ✅ 0 aprovados | 🔍 352 analisados | 📡 427 chamadas API
08:27:00 [INFO]   Proxima: 05:30 — aguardando 60s
08:28:00 [INFO] Fila: 68 aguardando | Cache: 0 bloqueados | Monitor odds: 0 | Monitor saida: 0 | ✅ 0 aprovados | 🔍 352 analisados | 📡 427 chamadas API
08:28:00 [INFO]   Proxima: 05:30 — aguardando 60s
08:29:00 [INFO] Fila: 68 aguardando | Cache: 0 bloqueados | Monitor odds: 0 | Monitor saida: 0 | ✅ 0 aprovados | 🔍 352 analisados | 📡 427 chamadas API
08:29:00 [INFO]   Proxima: 05:30 — aguardando 59s
08:30:00 [INFO] Fila: 68 aguardando | Cache: 0 bloqueados | Monitor odds: 0 | Monitor saida: 0 | ✅ 0 aprovados | 🔍 352 analisados | 📡 427 chamadas API
08:30:00 [INFO]   🔍 Semen Padang v Persijap Jepara (05:30) | +0 min
08:30:00 [INFO]   ⛔ Sem mercados
08:30:00 [INFO]     -> Proxima: 05:35 (intervalo 5 min — 0 min p/ inicio)
08:30:00 [INFO] Fila: 68 aguardando | Cache: 0 bloqueados | Monitor odds: 0 | Monitor saida: 0 | ✅ 0 aprovados | 🔍 353 analisados | 📡 428 chamadas API
08:30:00 [INFO]   Proxima: 05:35 — aguardando 60s
08:31:00 [INFO] Fila: 68 aguardando | Cache: 0 bloqueados | Monitor odds: 0 | Monitor saida: 0 | ✅ 0 aprovados | 🔍 353 analisados | 📡 428 chamadas API
08:31:00 [INFO]   Proxima: 05:35 — aguardando 60s
08:32:00 [INFO] Fila: 68 aguardando | Cache: 0 bloqueados | Monitor odds: 0 | Monitor saida: 0 | ✅ 0 aprovados | 🔍 353 analisados | 📡 428 chamadas API
08:32:00 [INFO]   Proxima: 05:35 — aguardando 60s
08:33:00 [INFO] Fila: 68 aguardando | Cache: 0 bloqueados | Monitor odds: 0 | Monitor saida: 0 | ✅ 0 aprovados | 🔍 353 analisados | 📡 428 chamadas API
08:33:00 [INFO]   Proxima: 05:35 — aguardando 60s
08:34:00 [INFO] Fila: 68 aguardando | Cache: 0 bloqueados | Monitor odds: 0 | Monitor saida: 0 | ✅ 0 aprovados | 🔍 353 analisados | 📡 428 chamadas API
08:34:00 [INFO]   Proxima: 05:35 — aguardando 59s
08:35:00 [INFO] Fila: 68 aguardando | Cache: 0 bloqueados | Monitor odds: 0 | Monitor saida: 0 | ✅ 0 aprovados | 🔍 353 analisados | 📡 428 chamadas API
08:35:00 [INFO]   🔍 Semen Padang v Persijap Jepara (05:30) | -5 min
08:35:00 [INFO]   ⛔ Sem mercados
08:35:00 [INFO]     Descartado: Semen Padang v Persijap Jepara — Janela encerrada (+10 min)
08:35:00 [INFO]   Agendador: 1 jogos removidos da fila
08:35:00 [INFO] Fila: 67 aguardando | Cache: 0 bloqueados | Monitor odds: 0 | Monitor saida: 0 | ✅ 0 aprovados | 🔍 354 analisados | 📡 429 chamadas API
08:35:00 [INFO]   Proxima: 06:55 — aguardando 60s
08:36:00 [INFO] Fila: 67 aguardando | Cache: 0 bloqueados | Monitor odds: 0 | Monitor saida: 0 | ✅ 0 aprovados | 🔍 354 analisados | 📡 429 chamadas API
08:36:00 [INFO]   Proxima: 06:55 — aguardando 60s
08:37:00 [INFO] Fila: 67 aguardando | Cache: 0 bloqueados | Monitor odds: 0 | Monitor saida: 0 | ✅ 0 aprovados | 🔍 354 analisados | 📡 429 chamadas API
08:37:00 [INFO]   Proxima: 06:55 — aguardando 60s
08:38:00 [INFO] Fila: 67 aguardando | Cache: 0 bloqueados | Monitor odds: 0 | Monitor saida: 0 | ✅ 0 aprovados | 🔍 354 analisados | 📡 429 chamadas API
08:38:00 [INFO]   Proxima: 06:55 — aguardando 60s
08:39:00 [INFO] Fila: 67 aguardando | Cache: 0 bloqueados | Monitor odds: 0 | Monitor saida: 0 | ✅ 0 aprovados | 🔍 354 analisados | 📡 429 chamadas API
08:39:00 [INFO]   Proxima: 06:55 — aguardando 60s
08:40:00 [INFO] Fila: 67 aguardando | Cache: 0 bloqueados | Monitor odds: 0 | Monitor saida: 0 | ✅ 0 aprovados | 🔍 354 analisados | 📡 429 chamadas API
08:40:00 [INFO]   Proxima: 06:55 — aguardando 60s
08:41:00 [INFO] Fila: 67 aguardando | Cache: 0 bloqueados | Monitor odds: 0 | Monitor saida: 0 | ✅ 0 aprovados | 🔍 354 analisados | 📡 429 chamadas API
08:41:00 [INFO]   Proxima: 06:55 — aguardando 60s
08:42:00 [INFO] Fila: 67 aguardando | Cache: 0 bloqueados | Monitor odds: 0 | Monitor saida: 0 | ✅ 0 aprovados | 🔍 354 analisados | 📡 429 chamadas API
08:42:00 [INFO]   Proxima: 06:55 — aguardando 60s
08:43:00 [INFO] Fila: 67 aguardando | Cache: 0 bloqueados | Monitor odds: 0 | Monitor saida: 0 | ✅ 0 aprovados | 🔍 354 analisados | 📡 429 chamadas API
08:43:00 [INFO]   Proxima: 06:55 — aguardando 60s
08:44:00 [INFO] Fila: 67 aguardando | Cache: 0 bloqueados | Monitor odds: 0 | Monitor saida: 0 | ✅ 0 aprovados | 🔍 354 analisados | 📡 429 chamadas API
08:44:00 [INFO]   Proxima: 06:55 — aguardando 60s
08:45:00 [INFO] Fila: 67 aguardando | Cache: 0 bloqueados | Monitor odds: 0 | Monitor saida: 0 | ✅ 0 aprovados | 🔍 354 analisados | 📡 429 chamadas API
08:45:00 [INFO]   Proxima: 06:55 — aguardando 60s
08:46:00 [INFO] Fila: 67 aguardando | Cache: 0 bloqueados | Monitor odds: 0 | Monitor saida: 0 | ✅ 0 aprovados | 🔍 354 analisados | 📡 429 chamadas API
08:46:00 [INFO]   Proxima: 06:55 — aguardando 60s
08:47:00 [INFO] Fila: 67 aguardando | Cache: 0 bloqueados | Monitor odds: 0 | Monitor saida: 0 | ✅ 0 aprovados | 🔍 354 analisados | 📡 429 chamadas API
08:47:00 [INFO]   Proxima: 06:55 — aguardando 60s
08:48:00 [INFO] Fila: 67 aguardando | Cache: 0 bloqueados | Monitor odds: 0 | Monitor saida: 0 | ✅ 0 aprovados | 🔍 354 analisados | 📡 429 chamadas API
08:48:00 [INFO]   Proxima: 06:55 — aguardando 60s
08:49:00 [INFO] Fila: 67 aguardando | Cache: 0 bloqueados | Monitor odds: 0 | Monitor saida: 0 | ✅ 0 aprovados | 🔍 354 analisados | 📡 429 chamadas API
08:49:00 [INFO]   Proxima: 06:55 — aguardando 60s
08:50:00 [INFO] Fila: 67 aguardando | Cache: 0 bloqueados | Monitor odds: 0 | Monitor saida: 0 | ✅ 0 aprovados | 🔍 354 analisados | 📡 429 chamadas API
08:50:00 [INFO]   Proxima: 06:55 — aguardando 60s
08:51:00 [INFO] Fila: 67 aguardando | Cache: 0 bloqueados | Monitor odds: 0 | Monitor saida: 0 | ✅ 0 aprovados | 🔍 354 analisados | 📡 429 chamadas API
08:51:00 [INFO]   Proxima: 06:55 — aguardando 60s
08:52:00 [INFO] Fila: 67 aguardando | Cache: 0 bloqueados | Monitor odds: 0 | Monitor saida: 0 | ✅ 0 aprovados | 🔍 354 analisados | 📡 429 chamadas API
08:52:00 [INFO]   Proxima: 06:55 — aguardando 60s
08:53:00 [INFO] Fila: 67 aguardando | Cache: 0 bloqueados | Monitor odds: 0 | Monitor saida: 0 | ✅ 0 aprovados | 🔍 354 analisados | 📡 429 chamadas API
08:53:00 [INFO]   Proxima: 06:55 — aguardando 60s
08:54:00 [INFO] Fila: 67 aguardando | Cache: 0 bloqueados | Monitor odds: 0 | Monitor saida: 0 | ✅ 0 aprovados | 🔍 354 analisados | 📡 429 chamadas API
08:54:00 [INFO]   Proxima: 06:55 — aguardando 60s
08:55:00 [INFO] Fila: 67 aguardando | Cache: 0 bloqueados | Monitor odds: 0 | Monitor saida: 0 | ✅ 0 aprovados | 🔍 354 analisados | 📡 429 chamadas API
08:55:00 [INFO]   Proxima: 06:55 — aguardando 60s
08:56:00 [INFO] Fila: 67 aguardando | Cache: 0 bloqueados | Monitor odds: 0 | Monitor saida: 0 | ✅ 0 aprovados | 🔍 354 analisados | 📡 429 chamadas API
08:56:00 [INFO]   Proxima: 06:55 — aguardando 60s
08:57:00 [INFO] Fila: 67 aguardando | Cache: 0 bloqueados | Monitor odds: 0 | Monitor saida: 0 | ✅ 0 aprovados | 🔍 354 analisados | 📡 429 chamadas API
08:57:00 [INFO]   Proxima: 06:55 — aguardando 60s
08:58:00 [INFO] Fila: 67 aguardando | Cache: 0 bloqueados | Monitor odds: 0 | Monitor saida: 0 | ✅ 0 aprovados | 🔍 354 analisados | 📡 429 chamadas API
08:58:00 [INFO]   Proxima: 06:55 — aguardando 60s
08:59:00 [INFO] Fila: 67 aguardando | Cache: 0 bloqueados | Monitor odds: 0 | Monitor saida: 0 | ✅ 0 aprovados | 🔍 354 analisados | 📡 429 chamadas API
08:59:00 [INFO]   Proxima: 06:55 — aguardando 60s
09:00:00 [INFO] Fila: 67 aguardando | Cache: 0 bloqueados | Monitor odds: 0 | Monitor saida: 0 | ✅ 0 aprovados | 🔍 354 analisados | 📡 429 chamadas API
09:00:00 [INFO]   Proxima: 06:55 — aguardando 60s
09:01:00 [INFO] Fila: 67 aguardando | Cache: 0 bloqueados | Monitor odds: 0 | Monitor saida: 0 | ✅ 0 aprovados | 🔍 354 analisados | 📡 429 chamadas API
09:01:00 [INFO]   Proxima: 06:55 — aguardando 60s
09:02:00 [INFO] Fila: 67 aguardando | Cache: 0 bloqueados | Monitor odds: 0 | Monitor saida: 0 | ✅ 0 aprovados | 🔍 354 analisados | 📡 429 chamadas API
09:02:00 [INFO]   Proxima: 06:55 — aguardando 60s
09:03:00 [INFO] Fila: 67 aguardando | Cache: 0 bloqueados | Monitor odds: 0 | Monitor saida: 0 | ✅ 0 aprovados | 🔍 354 analisados | 📡 429 chamadas API
09:03:00 [INFO]   Proxima: 06:55 — aguardando 60s
09:04:00 [INFO] Fila: 67 aguardando | Cache: 0 bloqueados | Monitor odds: 0 | Monitor saida: 0 | ✅ 0 aprovados | 🔍 354 analisados | 📡 429 chamadas API
09:04:00 [INFO]   Proxima: 06:55 — aguardando 60s
09:05:00 [INFO] Fila: 67 aguardando | Cache: 0 bloqueados | Monitor odds: 0 | Monitor saida: 0 | ✅ 0 aprovados | 🔍 354 analisados | 📡 429 chamadas API
09:05:00 [INFO]   Proxima: 06:55 — aguardando 60s
09:06:00 [INFO] Fila: 67 aguardando | Cache: 0 bloqueados | Monitor odds: 0 | Monitor saida: 0 | ✅ 0 aprovados | 🔍 354 analisados | 📡 429 chamadas API
09:06:00 [INFO]   Proxima: 06:55 — aguardando 60s
09:07:00 [INFO] Fila: 67 aguardando | Cache: 0 bloqueados | Monitor odds: 0 | Monitor saida: 0 | ✅ 0 aprovados | 🔍 354 analisados | 📡 429 chamadas API
09:07:00 [INFO]   Proxima: 06:55 — aguardando 60s
09:08:00 [INFO] Fila: 67 aguardando | Cache: 0 bloqueados | Monitor odds: 0 | Monitor saida: 0 | ✅ 0 aprovados | 🔍 354 analisados | 📡 429 chamadas API
09:08:00 [INFO]   Proxima: 06:55 — aguardando 60s
09:09:00 [INFO] Fila: 67 aguardando | Cache: 0 bloqueados | Monitor odds: 0 | Monitor saida: 0 | ✅ 0 aprovados | 🔍 354 analisados | 📡 429 chamadas API
09:09:00 [INFO]   Proxima: 06:55 — aguardando 60s
09:10:00 [INFO] Fila: 67 aguardando | Cache: 0 bloqueados | Monitor odds: 0 | Monitor saida: 0 | ✅ 0 aprovados | 🔍 354 analisados | 📡 429 chamadas API
09:10:00 [INFO]   Proxima: 06:55 — aguardando 60s
09:11:00 [INFO] Fila: 67 aguardando | Cache: 0 bloqueados | Monitor odds: 0 | Monitor saida: 0 | ✅ 0 aprovados | 🔍 354 analisados | 📡 429 chamadas API
09:11:00 [INFO]   Proxima: 06:55 — aguardando 60s
09:12:00 [INFO] Fila: 67 aguardando | Cache: 0 bloqueados | Monitor odds: 0 | Monitor saida: 0 | ✅ 0 aprovados | 🔍 354 analisados | 📡 429 chamadas API
09:12:00 [INFO]   Proxima: 06:55 — aguardando 60s
09:13:00 [INFO] Fila: 67 aguardando | Cache: 0 bloqueados | Monitor odds: 0 | Monitor saida: 0 | ✅ 0 aprovados | 🔍 354 analisados | 📡 429 chamadas API
09:13:00 [INFO]   Proxima: 06:55 — aguardando 60s
09:14:00 [INFO] Fila: 67 aguardando | Cache: 0 bloqueados | Monitor odds: 0 | Monitor saida: 0 | ✅ 0 aprovados | 🔍 354 analisados | 📡 429 chamadas API
09:14:00 [INFO]   Proxima: 06:55 — aguardando 60s
09:15:00 [INFO] Fila: 67 aguardando | Cache: 0 bloqueados | Monitor odds: 0 | Monitor saida: 0 | ✅ 0 aprovados | 🔍 354 analisados | 📡 429 chamadas API
09:15:00 [INFO]   Proxima: 06:55 — aguardando 60s
09:16:00 [INFO] Fila: 67 aguardando | Cache: 0 bloqueados | Monitor odds: 0 | Monitor saida: 0 | ✅ 0 aprovados | 🔍 354 analisados | 📡 429 chamadas API
09:16:00 [INFO] Buscando lista de jogos do dia...
09:16:01 [WARNING] Nenhum jogo retornado pela API Betfair!
09:16:02 [INFO]   Proxima: 06:55 — aguardando 60s
09:17:02 [INFO] Fila: 67 aguardando | Cache: 0 bloqueados | Monitor odds: 0 | Monitor saida: 0 | ✅ 0 aprovados | 🔍 354 analisados | 📡 430 chamadas API
09:17:02 [INFO]   Proxima: 06:55 — aguardando 60s
09:18:02 [INFO] Fila: 67 aguardando | Cache: 0 bloqueados | Monitor odds: 0 | Monitor saida: 0 | ✅ 0 aprovados | 🔍 354 analisados | 📡 430 chamadas API
09:18:02 [INFO]   Proxima: 06:55 — aguardando 60s
09:19:02 [INFO] Fila: 67 aguardando | Cache: 0 bloqueados | Monitor odds: 0 | Monitor saida: 0 | ✅ 0 aprovados | 🔍 354 analisados | 📡 430 chamadas API
09:19:02 [INFO]   Proxima: 06:55 — aguardando 60s
09:20:02 [INFO] Fila: 67 aguardando | Cache: 0 bloqueados | Monitor odds: 0 | Monitor saida: 0 | ✅ 0 aprovados | 🔍 354 analisados | 📡 430 chamadas API
09:20:02 [INFO]   Proxima: 06:55 — aguardando 60s
09:21:02 [INFO] Fila: 67 aguardando | Cache: 0 bloqueados | Monitor odds: 0 | Monitor saida: 0 | ✅ 0 aprovados | 🔍 354 analisados | 📡 430 chamadas API
09:21:02 [INFO]   Proxima: 06:55 — aguardando 60s
09:22:02 [INFO] Fila: 67 aguardando | Cache: 0 bloqueados | Monitor odds: 0 | Monitor saida: 0 | ✅ 0 aprovados | 🔍 354 analisados | 📡 430 chamadas API
09:22:02 [INFO]   Proxima: 06:55 — aguardando 60s
09:23:02 [INFO] Fila: 67 aguardando | Cache: 0 bloqueados | Monitor odds: 0 | Monitor saida: 0 | ✅ 0 aprovados | 🔍 354 analisados | 📡 430 chamadas API
09:23:02 [INFO]   Proxima: 06:55 — aguardando 60s
09:24:02 [INFO] Fila: 67 aguardando | Cache: 0 bloqueados | Monitor odds: 0 | Monitor saida: 0 | ✅ 0 aprovados | 🔍 354 analisados | 📡 430 chamadas API
09:24:02 [INFO]   Proxima: 06:55 — aguardando 60s
09:25:02 [INFO] Fila: 67 aguardando | Cache: 0 bloqueados | Monitor odds: 0 | Monitor saida: 0 | ✅ 0 aprovados | 🔍 354 analisados | 📡 430 chamadas API
09:25:02 [INFO]   Proxima: 06:55 — aguardando 60s
09:26:02 [INFO] Fila: 67 aguardando | Cache: 0 bloqueados | Monitor odds: 0 | Monitor saida: 0 | ✅ 0 aprovados | 🔍 354 analisados | 📡 430 chamadas API
09:26:02 [INFO]   Proxima: 06:55 — aguardando 60s
09:27:02 [INFO] Fila: 67 aguardando | Cache: 0 bloqueados | Monitor odds: 0 | Monitor saida: 0 | ✅ 0 aprovados | 🔍 354 analisados | 📡 430 chamadas API
09:27:02 [INFO]   Proxima: 06:55 — aguardando 60s
09:28:02 [INFO] Fila: 67 aguardando | Cache: 0 bloqueados | Monitor odds: 0 | Monitor saida: 0 | ✅ 0 aprovados | 🔍 354 analisados | 📡 430 chamadas API
09:28:02 [INFO]   Proxima: 06:55 — aguardando 60s
09:29:02 [INFO] Fila: 67 aguardando | Cache: 0 bloqueados | Monitor odds: 0 | Monitor saida: 0 | ✅ 0 aprovados | 🔍 354 analisados | 📡 430 chamadas API
09:29:02 [INFO]   Proxima: 06:55 — aguardando 60s
09:30:02 [INFO] Fila: 67 aguardando | Cache: 0 bloqueados | Monitor odds: 0 | Monitor saida: 0 | ✅ 0 aprovados | 🔍 354 analisados | 📡 430 chamadas API
09:30:02 [INFO]   Proxima: 06:55 — aguardando 60s
09:31:02 [INFO] Fila: 67 aguardando | Cache: 0 bloqueados | Monitor odds: 0 | Monitor saida: 0 | ✅ 0 aprovados | 🔍 354 analisados | 📡 430 chamadas API
09:31:02 [INFO]   Proxima: 06:55 — aguardando 60s
09:32:02 [INFO] Fila: 67 aguardando | Cache: 0 bloqueados | Monitor odds: 0 | Monitor saida: 0 | ✅ 0 aprovados | 🔍 354 analisados | 📡 430 chamadas API
09:32:02 [INFO]   Proxima: 06:55 — aguardando 60s
09:33:02 [INFO] Fila: 67 aguardando | Cache: 0 bloqueados | Monitor odds: 0 | Monitor saida: 0 | ✅ 0 aprovados | 🔍 354 analisados | 📡 430 chamadas API
09:33:02 [INFO]   Proxima: 06:55 — aguardando 60s
09:34:02 [INFO] Fila: 67 aguardando | Cache: 0 bloqueados | Monitor odds: 0 | Monitor saida: 0 | ✅ 0 aprovados | 🔍 354 analisados | 📡 430 chamadas API
09:34:02 [INFO]   Proxima: 06:55 — aguardando 60s
09:35:02 [INFO] Fila: 67 aguardando | Cache: 0 bloqueados | Monitor odds: 0 | Monitor saida: 0 | ✅ 0 aprovados | 🔍 354 analisados | 📡 430 chamadas API
09:35:02 [INFO]   Proxima: 06:55 — aguardando 60s
09:36:02 [INFO] Fila: 67 aguardando | Cache: 0 bloqueados | Monitor odds: 0 | Monitor saida: 0 | ✅ 0 aprovados | 🔍 354 analisados | 📡 430 chamadas API
09:36:02 [INFO]   Proxima: 06:55 — aguardando 60s
09:37:02 [INFO] Fila: 67 aguardando | Cache: 0 bloqueados | Monitor odds: 0 | Monitor saida: 0 | ✅ 0 aprovados | 🔍 354 analisados | 📡 430 chamadas API
09:37:02 [INFO]   Proxima: 06:55 — aguardando 60s
09:38:02 [INFO] Fila: 67 aguardando | Cache: 0 bloqueados | Monitor odds: 0 | Monitor saida: 0 | ✅ 0 aprovados | 🔍 354 analisados | 📡 430 chamadas API
09:38:02 [INFO]   Proxima: 06:55 — aguardando 60s
09:39:02 [INFO] Fila: 67 aguardando | Cache: 0 bloqueados | Monitor odds: 0 | Monitor saida: 0 | ✅ 0 aprovados | 🔍 354 analisados | 📡 430 chamadas API
09:39:02 [INFO]   Proxima: 06:55 — aguardando 60s
09:40:02 [INFO] Fila: 67 aguardando | Cache: 0 bloqueados | Monitor odds: 0 | Monitor saida: 0 | ✅ 0 aprovados | 🔍 354 analisados | 📡 430 chamadas API
09:40:02 [INFO]   Proxima: 06:55 — aguardando 60s
09:41:02 [INFO] Fila: 67 aguardando | Cache: 0 bloqueados | Monitor odds: 0 | Monitor saida: 0 | ✅ 0 aprovados | 🔍 354 analisados | 📡 430 chamadas API
09:41:02 [INFO]   Proxima: 06:55 — aguardando 60s
09:42:02 [INFO] Fila: 67 aguardando | Cache: 0 bloqueados | Monitor odds: 0 | Monitor saida: 0 | ✅ 0 aprovados | 🔍 354 analisados | 📡 430 chamadas API
09:42:02 [INFO]   Proxima: 06:55 — aguardando 60s
09:43:02 [INFO] Fila: 67 aguardando | Cache: 0 bloqueados | Monitor odds: 0 | Monitor saida: 0 | ✅ 0 aprovados | 🔍 354 analisados | 📡 430 chamadas API
09:43:02 [INFO]   Proxima: 06:55 — aguardando 60s
09:44:02 [INFO] Fila: 67 aguardando | Cache: 0 bloqueados | Monitor odds: 0 | Monitor saida: 0 | ✅ 0 aprovados | 🔍 354 analisados | 📡 430 chamadas API
09:44:02 [INFO]   Proxima: 06:55 — aguardando 60s
09:45:02 [INFO] Fila: 67 aguardando | Cache: 0 bloqueados | Monitor odds: 0 | Monitor saida: 0 | ✅ 0 aprovados | 🔍 354 analisados | 📡 430 chamadas API
09:45:02 [INFO]   Proxima: 06:55 — aguardando 60s
09:46:02 [INFO] Fila: 67 aguardando | Cache: 0 bloqueados | Monitor odds: 0 | Monitor saida: 0 | ✅ 0 aprovados | 🔍 354 analisados | 📡 430 chamadas API
09:46:02 [INFO]   Proxima: 06:55 — aguardando 60s
09:47:02 [INFO] Fila: 67 aguardando | Cache: 0 bloqueados | Monitor odds: 0 | Monitor saida: 0 | ✅ 0 aprovados | 🔍 354 analisados | 📡 430 chamadas API
09:47:02 [INFO]   Proxima: 06:55 — aguardando 60s
09:48:02 [INFO] Fila: 67 aguardando | Cache: 0 bloqueados | Monitor odds: 0 | Monitor saida: 0 | ✅ 0 aprovados | 🔍 354 analisados | 📡 430 chamadas API
09:48:02 [INFO]   Proxima: 06:55 — aguardando 60s
09:49:02 [INFO] Fila: 67 aguardando | Cache: 0 bloqueados | Monitor odds: 0 | Monitor saida: 0 | ✅ 0 aprovados | 🔍 354 analisados | 📡 430 chamadas API
09:49:02 [INFO]   Proxima: 06:55 — aguardando 60s
09:50:02 [INFO] Fila: 67 aguardando | Cache: 0 bloqueados | Monitor odds: 0 | Monitor saida: 0 | ✅ 0 aprovados | 🔍 354 analisados | 📡 430 chamadas API
09:50:02 [INFO]   Proxima: 06:55 — aguardando 60s
09:51:02 [INFO] Fila: 67 aguardando | Cache: 0 bloqueados | Monitor odds: 0 | Monitor saida: 0 | ✅ 0 aprovados | 🔍 354 analisados | 📡 430 chamadas API
09:51:02 [INFO]   Proxima: 06:55 — aguardando 60s
09:52:02 [INFO] Fila: 67 aguardando | Cache: 0 bloqueados | Monitor odds: 0 | Monitor saida: 0 | ✅ 0 aprovados | 🔍 354 analisados | 📡 430 chamadas API
09:52:02 [INFO]   Proxima: 06:55 — aguardando 60s
09:53:02 [INFO] Fila: 67 aguardando | Cache: 0 bloqueados | Monitor odds: 0 | Monitor saida: 0 | ✅ 0 aprovados | 🔍 354 analisados | 📡 430 chamadas API
09:53:02 [INFO]   Proxima: 06:55 — aguardando 60s
09:54:02 [INFO] Fila: 67 aguardando | Cache: 0 bloqueados | Monitor odds: 0 | Monitor saida: 0 | ✅ 0 aprovados | 🔍 354 analisados | 📡 430 chamadas API
09:54:02 [INFO]   Proxima: 06:55 — aguardando 57s
09:55:00 [INFO] Fila: 67 aguardando | Cache: 0 bloqueados | Monitor odds: 0 | Monitor saida: 0 | ✅ 0 aprovados | 🔍 354 analisados | 📡 430 chamadas API
09:55:00 [INFO]   🔍 Oleksandria v Veres Rivne (07:00) | +4 min
09:55:00 [INFO]   ⛔ Sem mercados
09:55:00 [INFO]     -> Proxima: 07:00 (intervalo 5 min — 4 min p/ inicio)
09:55:00 [INFO] Fila: 67 aguardando | Cache: 0 bloqueados | Monitor odds: 0 | Monitor saida: 0 | ✅ 0 aprovados | 🔍 355 analisados | 📡 431 chamadas API
09:55:00 [INFO]   Proxima: 07:00 — aguardando 60s
09:56:00 [INFO] Fila: 67 aguardando | Cache: 0 bloqueados | Monitor odds: 0 | Monitor saida: 0 | ✅ 0 aprovados | 🔍 355 analisados | 📡 431 chamadas API
09:56:00 [INFO]   Proxima: 07:00 — aguardando 60s
09:57:00 [INFO] Fila: 67 aguardando | Cache: 0 bloqueados | Monitor odds: 0 | Monitor saida: 0 | ✅ 0 aprovados | 🔍 355 analisados | 📡 431 chamadas API
09:57:00 [INFO]   Proxima: 07:00 — aguardando 60s
09:58:00 [INFO] Fila: 67 aguardando | Cache: 0 bloqueados | Monitor odds: 0 | Monitor saida: 0 | ✅ 0 aprovados | 🔍 355 analisados | 📡 431 chamadas API
09:58:00 [INFO]   Proxima: 07:00 — aguardando 60s
09:59:00 [INFO] Fila: 67 aguardando | Cache: 0 bloqueados | Monitor odds: 0 | Monitor saida: 0 | ✅ 0 aprovados | 🔍 355 analisados | 📡 431 chamadas API
09:59:00 [INFO]   Proxima: 07:00 — aguardando 59s
10:00:00 [INFO] Fila: 67 aguardando | Cache: 0 bloqueados | Monitor odds: 0 | Monitor saida: 0 | ✅ 0 aprovados | 🔍 355 analisados | 📡 431 chamadas API
10:00:00 [INFO]   🔍 Oleksandria v Veres Rivne (07:00) | +0 min
10:00:00 [INFO]   ⛔ Sem mercados
10:00:00 [INFO]     -> Proxima: 07:05 (intervalo 5 min — 0 min p/ inicio)
10:00:00 [INFO] Fila: 67 aguardando | Cache: 0 bloqueados | Monitor odds: 0 | Monitor saida: 0 | ✅ 0 aprovados | 🔍 356 analisados | 📡 432 chamadas API
10:00:00 [INFO]   Proxima: 07:05 — aguardando 60s
10:01:00 [INFO] Fila: 67 aguardando | Cache: 0 bloqueados | Monitor odds: 0 | Monitor saida: 0 | ✅ 0 aprovados | 🔍 356 analisados | 📡 432 chamadas API
10:01:00 [INFO]   Proxima: 07:05 — aguardando 60s
10:02:00 [INFO] Fila: 67 aguardando | Cache: 0 bloqueados | Monitor odds: 0 | Monitor saida: 0 | ✅ 0 aprovados | 🔍 356 analisados | 📡 432 chamadas API
10:02:00 [INFO]   Proxima: 07:05 — aguardando 60s
10:03:00 [INFO] Fila: 67 aguardando | Cache: 0 bloqueados | Monitor odds: 0 | Monitor saida: 0 | ✅ 0 aprovados | 🔍 356 analisados | 📡 432 chamadas API
10:03:00 [INFO]   Proxima: 07:05 — aguardando 60s
10:04:00 [INFO] Fila: 67 aguardando | Cache: 0 bloqueados | Monitor odds: 0 | Monitor saida: 0 | ✅ 0 aprovados | 🔍 356 analisados | 📡 432 chamadas API
10:04:00 [INFO]   Proxima: 07:05 — aguardando 59s
10:05:00 [INFO] Fila: 67 aguardando | Cache: 0 bloqueados | Monitor odds: 0 | Monitor saida: 0 | ✅ 0 aprovados | 🔍 356 analisados | 📡 432 chamadas API
10:05:00 [INFO]   🔍 Oleksandria v Veres Rivne (07:00) | -5 min
10:05:00 [INFO]   ⛔ Sem mercados
10:05:00 [INFO]     Descartado: Oleksandria v Veres Rivne — Janela encerrada (+10 min)
10:05:00 [INFO]   Agendador: 1 jogos removidos da fila
10:05:00 [INFO] Fila: 66 aguardando | Cache: 0 bloqueados | Monitor odds: 0 | Monitor saida: 0 | ✅ 0 aprovados | 🔍 357 analisados | 📡 433 chamadas API
10:05:00 [INFO]   Proxima: 08:25 — aguardando 60s
10:06:00 [INFO] Fila: 66 aguardando | Cache: 0 bloqueados | Monitor odds: 0 | Monitor saida: 0 | ✅ 0 aprovados | 🔍 357 analisados | 📡 433 chamadas API
10:06:00 [INFO]   Proxima: 08:25 — aguardando 60s
10:07:00 [INFO] Fila: 66 aguardando | Cache: 0 bloqueados | Monitor odds: 0 | Monitor saida: 0 | ✅ 0 aprovados | 🔍 357 analisados | 📡 433 chamadas API
10:07:00 [INFO]   Proxima: 08:25 — aguardando 60s
10:08:00 [INFO] Fila: 66 aguardando | Cache: 0 bloqueados | Monitor odds: 0 | Monitor saida: 0 | ✅ 0 aprovados | 🔍 357 analisados | 📡 433 chamadas API
10:08:00 [INFO]   Proxima: 08:25 — aguardando 60s
10:09:00 [INFO] Fila: 66 aguardando | Cache: 0 bloqueados | Monitor odds: 0 | Monitor saida: 0 | ✅ 0 aprovados | 🔍 357 analisados | 📡 433 chamadas API
10:09:00 [INFO]   Proxima: 08:25 — aguardando 60s
10:10:00 [INFO] Fila: 66 aguardando | Cache: 0 bloqueados | Monitor odds: 0 | Monitor saida: 0 | ✅ 0 aprovados | 🔍 357 analisados | 📡 433 chamadas API
10:10:00 [INFO]   Proxima: 08:25 — aguardando 60s
10:11:00 [INFO] Fila: 66 aguardando | Cache: 0 bloqueados | Monitor odds: 0 | Monitor saida: 0 | ✅ 0 aprovados | 🔍 357 analisados | 📡 433 chamadas API
10:11:00 [INFO]   Proxima: 08:25 — aguardando 60s
10:12:00 [INFO] Fila: 66 aguardando | Cache: 0 bloqueados | Monitor odds: 0 | Monitor saida: 0 | ✅ 0 aprovados | 🔍 357 analisados | 📡 433 chamadas API
10:12:00 [INFO]   Proxima: 08:25 — aguardando 60s
10:13:00 [INFO] Fila: 66 aguardando | Cache: 0 bloqueados | Monitor odds: 0 | Monitor saida: 0 | ✅ 0 aprovados | 🔍 357 analisados | 📡 433 chamadas API
10:13:00 [INFO]   Proxima: 08:25 — aguardando 60s
10:14:00 [INFO] Fila: 66 aguardando | Cache: 0 bloqueados | Monitor odds: 0 | Monitor saida: 0 | ✅ 0 aprovados | 🔍 357 analisados | 📡 433 chamadas API
10:14:00 [INFO]   Proxima: 08:25 — aguardando 60s
10:15:00 [INFO] Fila: 66 aguardando | Cache: 0 bloqueados | Monitor odds: 0 | Monitor saida: 0 | ✅ 0 aprovados | 🔍 357 analisados | 📡 433 chamadas API
10:15:00 [INFO]   Proxima: 08:25 — aguardando 60s
10:16:00 [INFO] Fila: 66 aguardando | Cache: 0 bloqueados | Monitor odds: 0 | Monitor saida: 0 | ✅ 0 aprovados | 🔍 357 analisados | 📡 433 chamadas API
10:16:00 [INFO]   Proxima: 08:25 — aguardando 60s
10:17:00 [INFO] Fila: 66 aguardando | Cache: 0 bloqueados | Monitor odds: 0 | Monitor saida: 0 | ✅ 0 aprovados | 🔍 357 analisados | 📡 433 chamadas API
10:17:00 [INFO] Buscando lista de jogos do dia...
10:17:02 [INFO] Jogos agendados: 10 novos | Total ativo: 76
10:17:02 [INFO] =======================================================
10:17:02 [INFO]    AGENDA DO DIA — 20/04/2026 | 76 jogos
10:17:02 [INFO] =======================================================
10:17:02 [INFO]   08h
10:17:02 [INFO]     08:30  Lion City Sailors FC v Courts Young Lions
10:17:02 [INFO]     08:30  FC Lochin v FK Shortan Guzor
10:17:02 [INFO]   09h
10:17:02 [INFO]     09:00  Dewa United FC v Persib Bandung
10:17:02 [INFO]     09:00  FC Noah v FC Van Yerevan
10:17:02 [INFO]     09:00  Pss Sleman v Persiku Kudus
10:17:02 [INFO]   10h
10:17:02 [INFO]     10:00  Metalourg Bekabad v BuxDU
10:17:02 [INFO]     10:00  Yaypan FK v Jayxun
10:17:02 [INFO]     10:30  Team FC v El Minya
10:17:02 [INFO]     10:30  Fayoum FC v Mallawi SC
10:17:02 [INFO]     10:30  Misr El Makasa v Cascada SC
10:17:02 [INFO]   11h
10:17:02 [INFO]     11:00  Punjab FC v Inter Kashi
10:17:02 [INFO]     11:30  Botosani v FC Metaloglobus Bucuresti
10:17:02 [INFO]   12h
10:17:02 [INFO]     12:00  SK Artis Brno v MAS Taborsko
10:17:02 [INFO]     12:00  FC Shirak v Ararat Armenia
10:17:02 [INFO]     12:00  Shakhtar v Polissya Zhytomyr
10:17:02 [INFO]     12:00  Fauve Azur Elite v Panthere Sportive du Nde
10:17:02 [INFO]     12:30  KPV v FC Jazz
10:17:02 [INFO]     12:45  Al-Adalh v Al-Jndal
10:17:02 [INFO]     12:45  Al Jubail v Al-Wahda (KSA)
10:17:02 [INFO]   13h
10:17:02 [INFO]     13:00  Miedz Legnica v Gornik Leczna
10:17:02 [INFO]     13:00  Buri FC v Manama Club
10:17:02 [INFO]     13:00  Al-Ittifaq Maqaba v Al Tadamun Buri
10:17:02 [INFO]     13:00  East Riffa v Al-Ittihad (BRN)
10:17:02 [INFO]     13:15  Kobe v Al Ahli
10:17:02 [INFO]   14h
10:17:02 [INFO]     14:00  Gaziantep FK v Kayserispor
10:17:02 [INFO]     14:00  Oddevold v Osters
10:17:02 [INFO]     14:00  Lechia Gdansk v Piast Gliwice
10:17:02 [INFO]     14:00  Lyn v Sandnes Ulf
10:17:02 [INFO]     14:00  Midtjylland v AGF
10:17:02 [INFO]     14:05  Sundsvall v IK Brage
10:17:02 [INFO]     14:30  NSI Runavik v Eb/Streymur
10:17:02 [INFO]     14:30  Skala v Vikingur Gota
10:17:02 [INFO]     14:30  AB Argir v Klaksvikar Itrottarfelag
10:17:02 [INFO]     14:30  07 Vestur v B36 Torshavn
10:17:02 [INFO]     14:30  Farul Constanta v FCSB
10:17:02 [INFO]     14:45  Porto B v Leixoes
10:17:02 [INFO]     14:45  Sporting Lisbon B v Felgueiras
10:17:02 [INFO]     14:45  Al-Ula FC v Al Jabalain
10:17:02 [INFO]   15h
10:17:02 [INFO]     15:00  Vasas v BVSC Zuglo
10:17:02 [INFO]     15:00  Den Bosch v Jong FC Utrecht
10:17:02 [INFO]     15:00  Barracas Central v Belgrano
10:17:02 [INFO]     15:30  Deportivo v Mirandes
10:17:02 [INFO]     15:45  Dunkerque v Laval
10:17:02 [INFO]     15:45  Lecce v Fiorentina
10:17:02 [INFO]   16h
10:17:02 [INFO]     16:00  Crystal Palace v West Ham
10:17:02 [INFO]     16:15  Moreirense v Estoril Praia
10:17:02 [INFO]   17h
10:17:02 [INFO]     17:00  Binacional v CD Estudiantil CNI
10:17:02 [INFO]     17:00  Deportes Rengo Unido v Linares
10:17:02 [INFO]     17:00  Deportivo Santani v 12 de Junio de Villa Hayes
10:17:02 [INFO]     17:00  Boston River v Cerro Largo FC
10:17:02 [INFO]     17:15  Banfield v Independiente Rivadavia
10:17:02 [INFO]     17:15  Central Cordoba (SdE) v CA Platense
10:17:02 [INFO]   18h
10:17:02 [INFO]     18:00  Zamora FC v Caracas
10:17:02 [INFO]     18:00  CA Rentistas v Club Oriental de La Paz
10:17:02 [INFO]     18:15  Rubio Nu v Libertad
10:17:02 [INFO]   19h
10:17:02 [INFO]     19:00  Carabobo FC v Academia Anzoategui FC
10:17:02 [INFO]     19:30  San Lorenzo v Velez Sarsfield
10:17:02 [INFO]     19:30  Club F de la Mora v Sportivo Carapegua
10:17:02 [INFO]   20h
10:17:02 [INFO]     20:00  Pitbulls v Inter San Carlos
10:17:02 [INFO]     20:00  Floresta EC v Ferroviaria
10:17:02 [INFO]     20:00  Maringa v Brusque FC
10:17:02 [INFO]     20:00  Atletico Rafaela v Agropecuario
10:17:02 [INFO]     20:00  Deportivo La Guaira v Portuguesa FC
10:17:02 [INFO]     20:20  Once Caldas v Internacional de Bogotá
10:17:02 [INFO]     20:30  Club Sportivo Ameliano v Nacional (Par)
10:17:02 [INFO]     20:30  Penarol v Juventud De Las Piedras
10:17:02 [INFO]   21h
10:17:02 [INFO]     21:00  CA Atlanta v Chacarita
10:17:02 [INFO]     21:00  Puerto Montt v Deportes Temuco
10:17:02 [INFO]     21:30  Univ Catolica (Chile) v Union La Calera
10:17:02 [INFO]     21:45  Tigre v CA Huracan
10:17:02 [INFO]     21:45  Gimnasia Mendoza v Lanus
10:17:02 [INFO]   22h
10:17:02 [INFO]     22:00  Consultants Desamparados v ADR Jicaral
10:17:02 [INFO]     22:00  Comunicaciones v Guastatoya
10:17:02 [INFO]     22:06  FC Juarez (W) v Guadalajara (W)
10:17:02 [INFO]     22:30  Atletico Independiente v Herrera FC
10:17:02 [INFO]     22:30  Atletico Nacional Medellin v Atletico Bucaramanga
10:17:02 [INFO]   Proxima: 08:25 — aguardando 60s
10:18:02 [INFO] Fila: 76 aguardando | Cache: 0 bloqueados | Monitor odds: 0 | Monitor saida: 0 | ✅ 0 aprovados | 🔍 357 analisados | 📡 434 chamadas API
10:18:02 [INFO]   Proxima: 08:25 — aguardando 60s
10:19:02 [INFO] Fila: 76 aguardando | Cache: 0 bloqueados | Monitor odds: 0 | Monitor saida: 0 | ✅ 0 aprovados | 🔍 357 analisados | 📡 434 chamadas API
10:19:02 [INFO]   Proxima: 08:25 — aguardando 60s
10:20:02 [INFO] Fila: 76 aguardando | Cache: 0 bloqueados | Monitor odds: 0 | Monitor saida: 0 | ✅ 0 aprovados | 🔍 357 analisados | 📡 434 chamadas API
10:20:02 [INFO]   Proxima: 08:25 — aguardando 60s
10:21:02 [INFO] Fila: 76 aguardando | Cache: 0 bloqueados | Monitor odds: 0 | Monitor saida: 0 | ✅ 0 aprovados | 🔍 357 analisados | 📡 434 chamadas API
10:21:02 [INFO]   Proxima: 08:25 — aguardando 60s
10:22:02 [INFO] Fila: 76 aguardando | Cache: 0 bloqueados | Monitor odds: 0 | Monitor saida: 0 | ✅ 0 aprovados | 🔍 357 analisados | 📡 434 chamadas API
10:22:02 [INFO]   Proxima: 08:25 — aguardando 60s
10:23:02 [INFO] Fila: 76 aguardando | Cache: 0 bloqueados | Monitor odds: 0 | Monitor saida: 0 | ✅ 0 aprovados | 🔍 357 analisados | 📡 434 chamadas API
10:23:02 [INFO]   Proxima: 08:25 — aguardando 60s
10:24:02 [INFO] Fila: 76 aguardando | Cache: 0 bloqueados | Monitor odds: 0 | Monitor saida: 0 | ✅ 0 aprovados | 🔍 357 analisados | 📡 434 chamadas API
10:24:02 [INFO]   Proxima: 08:25 — aguardando 60s
10:25:02 [INFO] Fila: 76 aguardando | Cache: 0 bloqueados | Monitor odds: 0 | Monitor saida: 0 | ✅ 0 aprovados | 🔍 357 analisados | 📡 434 chamadas API
10:25:02 [INFO]   Proxima: 08:25 — aguardando 60s
10:26:02 [INFO] Fila: 76 aguardando | Cache: 0 bloqueados | Monitor odds: 0 | Monitor saida: 0 | ✅ 0 aprovados | 🔍 357 analisados | 📡 434 chamadas API
10:26:02 [INFO]   Proxima: 08:25 — aguardando 60s
10:27:02 [INFO] Fila: 76 aguardando | Cache: 0 bloqueados | Monitor odds: 0 | Monitor saida: 0 | ✅ 0 aprovados | 🔍 357 analisados | 📡 434 chamadas API
10:27:02 [INFO]   Proxima: 08:25 — aguardando 60s
10:28:02 [INFO] Fila: 76 aguardando | Cache: 0 bloqueados | Monitor odds: 0 | Monitor saida: 0 | ✅ 0 aprovados | 🔍 357 analisados | 📡 434 chamadas API
10:28:02 [INFO]   Proxima: 08:25 — aguardando 60s
10:29:02 [INFO] Fila: 76 aguardando | Cache: 0 bloqueados | Monitor odds: 0 | Monitor saida: 0 | ✅ 0 aprovados | 🔍 357 analisados | 📡 434 chamadas API
10:29:02 [INFO]   Proxima: 08:25 — aguardando 60s
10:30:02 [INFO] Fila: 76 aguardando | Cache: 0 bloqueados | Monitor odds: 0 | Monitor saida: 0 | ✅ 0 aprovados | 🔍 357 analisados | 📡 434 chamadas API
10:30:02 [INFO]   Proxima: 08:25 — aguardando 60s
10:31:02 [INFO] Fila: 76 aguardando | Cache: 0 bloqueados | Monitor odds: 0 | Monitor saida: 0 | ✅ 0 aprovados | 🔍 357 analisados | 📡 434 chamadas API
10:31:02 [INFO]   Proxima: 08:25 — aguardando 60s
10:32:02 [INFO] Fila: 76 aguardando | Cache: 0 bloqueados | Monitor odds: 0 | Monitor saida: 0 | ✅ 0 aprovados | 🔍 357 analisados | 📡 434 chamadas API
10:32:02 [INFO]   Proxima: 08:25 — aguardando 60s
10:33:02 [INFO] Fila: 76 aguardando | Cache: 0 bloqueados | Monitor odds: 0 | Monitor saida: 0 | ✅ 0 aprovados | 🔍 357 analisados | 📡 434 chamadas API
10:33:02 [INFO]   Proxima: 08:25 — aguardando 60s
10:34:02 [INFO] Fila: 76 aguardando | Cache: 0 bloqueados | Monitor odds: 0 | Monitor saida: 0 | ✅ 0 aprovados | 🔍 357 analisados | 📡 434 chamadas API
10:34:02 [INFO]   Proxima: 08:25 — aguardando 60s
10:35:02 [INFO] Fila: 76 aguardando | Cache: 0 bloqueados | Monitor odds: 0 | Monitor saida: 0 | ✅ 0 aprovados | 🔍 357 analisados | 📡 434 chamadas API
10:35:02 [INFO]   Proxima: 08:25 — aguardando 60s
10:36:02 [INFO] Fila: 76 aguardando | Cache: 0 bloqueados | Monitor odds: 0 | Monitor saida: 0 | ✅ 0 aprovados | 🔍 357 analisados | 📡 434 chamadas API
10:36:02 [INFO]   Proxima: 08:25 — aguardando 60s
10:37:02 [INFO] Fila: 76 aguardando | Cache: 0 bloqueados | Monitor odds: 0 | Monitor saida: 0 | ✅ 0 aprovados | 🔍 357 analisados | 📡 434 chamadas API
10:37:02 [INFO]   Proxima: 08:25 — aguardando 60s
10:38:02 [INFO] Fila: 76 aguardando | Cache: 0 bloqueados | Monitor odds: 0 | Monitor saida: 0 | ✅ 0 aprovados | 🔍 357 analisados | 📡 434 chamadas API
10:38:02 [INFO]   Proxima: 08:25 — aguardando 60s
10:39:02 [INFO] Fila: 76 aguardando | Cache: 0 bloqueados | Monitor odds: 0 | Monitor saida: 0 | ✅ 0 aprovados | 🔍 357 analisados | 📡 434 chamadas API
10:39:02 [INFO]   Proxima: 08:25 — aguardando 60s
10:40:02 [INFO] Fila: 76 aguardando | Cache: 0 bloqueados | Monitor odds: 0 | Monitor saida: 0 | ✅ 0 aprovados | 🔍 357 analisados | 📡 434 chamadas API
10:40:02 [INFO]   Proxima: 08:25 — aguardando 60s
10:41:02 [INFO] Fila: 76 aguardando | Cache: 0 bloqueados | Monitor odds: 0 | Monitor saida: 0 | ✅ 0 aprovados | 🔍 357 analisados | 📡 434 chamadas API
10:41:02 [INFO]   Proxima: 08:25 — aguardando 60s
10:42:02 [INFO] Fila: 76 aguardando | Cache: 0 bloqueados | Monitor odds: 0 | Monitor saida: 0 | ✅ 0 aprovados | 🔍 357 analisados | 📡 434 chamadas API
10:42:02 [INFO]   Proxima: 08:25 — aguardando 60s
10:43:02 [INFO] Fila: 76 aguardando | Cache: 0 bloqueados | Monitor odds: 0 | Monitor saida: 0 | ✅ 0 aprovados | 🔍 357 analisados | 📡 434 chamadas API
10:43:02 [INFO]   Proxima: 08:25 — aguardando 60s
10:44:02 [INFO] Fila: 76 aguardando | Cache: 0 bloqueados | Monitor odds: 0 | Monitor saida: 0 | ✅ 0 aprovados | 🔍 357 analisados | 📡 434 chamadas API
10:44:02 [INFO]   Proxima: 08:25 — aguardando 60s
10:45:02 [INFO] Fila: 76 aguardando | Cache: 0 bloqueados | Monitor odds: 0 | Monitor saida: 0 | ✅ 0 aprovados | 🔍 357 analisados | 📡 434 chamadas API
10:45:02 [INFO]   Proxima: 08:25 — aguardando 60s
10:46:02 [INFO] Fila: 76 aguardando | Cache: 0 bloqueados | Monitor odds: 0 | Monitor saida: 0 | ✅ 0 aprovados | 🔍 357 analisados | 📡 434 chamadas API
10:46:02 [INFO]   Proxima: 08:25 — aguardando 60s
10:47:02 [INFO] Fila: 76 aguardando | Cache: 0 bloqueados | Monitor odds: 0 | Monitor saida: 0 | ✅ 0 aprovados | 🔍 357 analisados | 📡 434 chamadas API
10:47:02 [INFO]   Proxima: 08:25 — aguardando 60s
10:48:02 [INFO] Fila: 76 aguardando | Cache: 0 bloqueados | Monitor odds: 0 | Monitor saida: 0 | ✅ 0 aprovados | 🔍 357 analisados | 📡 434 chamadas API
10:48:02 [INFO]   Proxima: 08:25 — aguardando 60s
10:49:02 [INFO] Fila: 76 aguardando | Cache: 0 bloqueados | Monitor odds: 0 | Monitor saida: 0 | ✅ 0 aprovados | 🔍 357 analisados | 📡 434 chamadas API
10:49:02 [INFO]   Proxima: 08:25 — aguardando 60s
10:50:02 [INFO] Fila: 76 aguardando | Cache: 0 bloqueados | Monitor odds: 0 | Monitor saida: 0 | ✅ 0 aprovados | 🔍 357 analisados | 📡 434 chamadas API
10:50:02 [INFO]   Proxima: 08:25 — aguardando 60s
10:51:02 [INFO] Fila: 76 aguardando | Cache: 0 bloqueados | Monitor odds: 0 | Monitor saida: 0 | ✅ 0 aprovados | 🔍 357 analisados | 📡 434 chamadas API
10:51:02 [INFO]   Proxima: 08:25 — aguardando 60s
10:52:02 [INFO] Fila: 76 aguardando | Cache: 0 bloqueados | Monitor odds: 0 | Monitor saida: 0 | ✅ 0 aprovados | 🔍 357 analisados | 📡 434 chamadas API
10:52:02 [INFO]   Proxima: 08:25 — aguardando 60s
10:53:02 [INFO] Fila: 76 aguardando | Cache: 0 bloqueados | Monitor odds: 0 | Monitor saida: 0 | ✅ 0 aprovados | 🔍 357 analisados | 📡 434 chamadas API
10:53:02 [INFO]   Proxima: 08:25 — aguardando 60s
10:54:02 [INFO] Fila: 76 aguardando | Cache: 0 bloqueados | Monitor odds: 0 | Monitor saida: 0 | ✅ 0 aprovados | 🔍 357 analisados | 📡 434 chamadas API
10:54:02 [INFO]   Proxima: 08:25 — aguardando 60s
10:55:02 [INFO] Fila: 76 aguardando | Cache: 0 bloqueados | Monitor odds: 0 | Monitor saida: 0 | ✅ 0 aprovados | 🔍 357 analisados | 📡 434 chamadas API
10:55:02 [INFO]   Proxima: 08:25 — aguardando 60s
10:56:02 [INFO] Fila: 76 aguardando | Cache: 0 bloqueados | Monitor odds: 0 | Monitor saida: 0 | ✅ 0 aprovados | 🔍 357 analisados | 📡 434 chamadas API
10:56:02 [INFO]   Proxima: 08:25 — aguardando 60s
10:57:02 [INFO] Fila: 76 aguardando | Cache: 0 bloqueados | Monitor odds: 0 | Monitor saida: 0 | ✅ 0 aprovados | 🔍 357 analisados | 📡 434 chamadas API
10:57:02 [INFO]   Proxima: 08:25 — aguardando 60s
10:58:02 [INFO] Fila: 76 aguardando | Cache: 0 bloqueados | Monitor odds: 0 | Monitor saida: 0 | ✅ 0 aprovados | 🔍 357 analisados | 📡 434 chamadas API
10:58:02 [INFO]   Proxima: 08:25 — aguardando 60s
10:59:02 [INFO] Fila: 76 aguardando | Cache: 0 bloqueados | Monitor odds: 0 | Monitor saida: 0 | ✅ 0 aprovados | 🔍 357 analisados | 📡 434 chamadas API
10:59:02 [INFO]   Proxima: 08:25 — aguardando 60s
11:00:02 [INFO] Fila: 76 aguardando | Cache: 0 bloqueados | Monitor odds: 0 | Monitor saida: 0 | ✅ 0 aprovados | 🔍 357 analisados | 📡 434 chamadas API
11:00:02 [INFO]   Proxima: 08:25 — aguardando 60s
11:01:02 [INFO] Fila: 76 aguardando | Cache: 0 bloqueados | Monitor odds: 0 | Monitor saida: 0 | ✅ 0 aprovados | 🔍 357 analisados | 📡 434 chamadas API
11:01:02 [INFO]   Proxima: 08:25 — aguardando 60s
11:02:02 [INFO] Fila: 76 aguardando | Cache: 0 bloqueados | Monitor odds: 0 | Monitor saida: 0 | ✅ 0 aprovados | 🔍 357 analisados | 📡 434 chamadas API
11:02:02 [INFO]   Proxima: 08:25 — aguardando 60s
11:03:02 [INFO] Fila: 76 aguardando | Cache: 0 bloqueados | Monitor odds: 0 | Monitor saida: 0 | ✅ 0 aprovados | 🔍 357 analisados | 📡 434 chamadas API
11:03:02 [INFO]   Proxima: 08:25 — aguardando 60s
11:04:02 [INFO] Fila: 76 aguardando | Cache: 0 bloqueados | Monitor odds: 0 | Monitor saida: 0 | ✅ 0 aprovados | 🔍 357 analisados | 📡 434 chamadas API
11:04:02 [INFO]   Proxima: 08:25 — aguardando 60s
11:05:02 [INFO] Fila: 76 aguardando | Cache: 0 bloqueados | Monitor odds: 0 | Monitor saida: 0 | ✅ 0 aprovados | 🔍 357 analisados | 📡 434 chamadas API
11:05:02 [INFO]   Proxima: 08:25 — aguardando 60s
11:06:02 [INFO] Fila: 76 aguardando | Cache: 0 bloqueados | Monitor odds: 0 | Monitor saida: 0 | ✅ 0 aprovados | 🔍 357 analisados | 📡 434 chamadas API
11:06:02 [INFO]   Proxima: 08:25 — aguardando 60s
11:07:02 [INFO] Fila: 76 aguardando | Cache: 0 bloqueados | Monitor odds: 0 | Monitor saida: 0 | ✅ 0 aprovados | 🔍 357 analisados | 📡 434 chamadas API
11:07:02 [INFO]   Proxima: 08:25 — aguardando 60s
11:08:02 [INFO] Fila: 76 aguardando | Cache: 0 bloqueados | Monitor odds: 0 | Monitor saida: 0 | ✅ 0 aprovados | 🔍 357 analisados | 📡 434 chamadas API
11:08:02 [INFO]   Proxima: 08:25 — aguardando 60s
11:09:02 [INFO] Fila: 76 aguardando | Cache: 0 bloqueados | Monitor odds: 0 | Monitor saida: 0 | ✅ 0 aprovados | 🔍 357 analisados | 📡 434 chamadas API
11:09:02 [INFO]   Proxima: 08:25 — aguardando 60s
11:10:02 [INFO] Fila: 76 aguardando | Cache: 0 bloqueados | Monitor odds: 0 | Monitor saida: 0 | ✅ 0 aprovados | 🔍 357 analisados | 📡 434 chamadas API
11:10:02 [INFO]   Proxima: 08:25 — aguardando 60s
11:11:02 [INFO] Fila: 76 aguardando | Cache: 0 bloqueados | Monitor odds: 0 | Monitor saida: 0 | ✅ 0 aprovados | 🔍 357 analisados | 📡 434 chamadas API
11:11:02 [INFO]   Proxima: 08:25 — aguardando 60s
11:12:02 [INFO] Fila: 76 aguardando | Cache: 0 bloqueados | Monitor odds: 0 | Monitor saida: 0 | ✅ 0 aprovados | 🔍 357 analisados | 📡 434 chamadas API
11:12:02 [INFO]   Proxima: 08:25 — aguardando 60s
11:13:02 [INFO] Fila: 76 aguardando | Cache: 0 bloqueados | Monitor odds: 0 | Monitor saida: 0 | ✅ 0 aprovados | 🔍 357 analisados | 📡 434 chamadas API
11:13:02 [INFO]   Proxima: 08:25 — aguardando 60s
11:14:02 [INFO] Fila: 76 aguardando | Cache: 0 bloqueados | Monitor odds: 0 | Monitor saida: 0 | ✅ 0 aprovados | 🔍 357 analisados | 📡 434 chamadas API
11:14:02 [INFO]   Proxima: 08:25 — aguardando 60s
11:15:02 [INFO] Fila: 76 aguardando | Cache: 0 bloqueados | Monitor odds: 0 | Monitor saida: 0 | ✅ 0 aprovados | 🔍 357 analisados | 📡 434 chamadas API
11:15:02 [INFO]   Proxima: 08:25 — aguardando 60s
11:16:02 [INFO] Fila: 76 aguardando | Cache: 0 bloqueados | Monitor odds: 0 | Monitor saida: 0 | ✅ 0 aprovados | 🔍 357 analisados | 📡 434 chamadas API
11:16:02 [INFO]   Proxima: 08:25 — aguardando 60s
11:17:02 [INFO] Fila: 76 aguardando | Cache: 0 bloqueados | Monitor odds: 0 | Monitor saida: 0 | ✅ 0 aprovados | 🔍 357 analisados | 📡 434 chamadas API
11:17:02 [INFO] Buscando lista de jogos do dia...
11:17:02 [WARNING] Nenhum jogo retornado pela API Betfair!
11:17:03 [INFO]   Proxima: 08:25 — aguardando 60s
11:18:03 [INFO] Fila: 76 aguardando | Cache: 0 bloqueados | Monitor odds: 0 | Monitor saida: 0 | ✅ 0 aprovados | 🔍 357 analisados | 📡 435 chamadas API
11:18:03 [INFO]   Proxima: 08:25 — aguardando 60s
11:19:03 [INFO] Fila: 76 aguardando | Cache: 0 bloqueados | Monitor odds: 0 | Monitor saida: 0 | ✅ 0 aprovados | 🔍 357 analisados | 📡 435 chamadas API
11:19:03 [INFO]   Proxima: 08:25 — aguardando 60s
11:20:03 [INFO] Fila: 76 aguardando | Cache: 0 bloqueados | Monitor odds: 0 | Monitor saida: 0 | ✅ 0 aprovados | 🔍 357 analisados | 📡 435 chamadas API
11:20:03 [INFO]   Proxima: 08:25 — aguardando 60s
11:21:03 [INFO] Fila: 76 aguardando | Cache: 0 bloqueados | Monitor odds: 0 | Monitor saida: 0 | ✅ 0 aprovados | 🔍 357 analisados | 📡 435 chamadas API
11:21:03 [INFO]   Proxima: 08:25 — aguardando 60s
11:22:03 [INFO] Fila: 76 aguardando | Cache: 0 bloqueados | Monitor odds: 0 | Monitor saida: 0 | ✅ 0 aprovados | 🔍 357 analisados | 📡 435 chamadas API
11:22:03 [INFO]   Proxima: 08:25 — aguardando 60s
11:23:03 [INFO] Fila: 76 aguardando | Cache: 0 bloqueados | Monitor odds: 0 | Monitor saida: 0 | ✅ 0 aprovados | 🔍 357 analisados | 📡 435 chamadas API
11:23:03 [INFO]   Proxima: 08:25 — aguardando 60s
11:24:03 [INFO] Fila: 76 aguardando | Cache: 0 bloqueados | Monitor odds: 0 | Monitor saida: 0 | ✅ 0 aprovados | 🔍 357 analisados | 📡 435 chamadas API
11:24:03 [INFO]   Proxima: 08:25 — aguardando 56s
11:25:00 [INFO] Fila: 76 aguardando | Cache: 0 bloqueados | Monitor odds: 0 | Monitor saida: 0 | ✅ 0 aprovados | 🔍 357 analisados | 📡 435 chamadas API
11:25:00 [INFO]   🔍 Lion City Sailors FC v Courts Young Lions (08:30) | +4 min
11:25:00 [INFO]   ⛔ Sem mercados
11:25:00 [INFO]     -> Proxima: 08:30 (intervalo 5 min — 4 min p/ inicio)
11:25:00 [INFO]   🔍 FC Lochin v FK Shortan Guzor (08:30) | +4 min
11:25:00 [INFO]   ⛔ Sem mercados
11:25:00 [INFO]     -> Proxima: 08:30 (intervalo 5 min — 4 min p/ inicio)
11:25:00 [INFO] Fila: 76 aguardando | Cache: 0 bloqueados | Monitor odds: 0 | Monitor saida: 0 | ✅ 0 aprovados | 🔍 359 analisados | 📡 437 chamadas API
11:25:00 [INFO]   Proxima: 08:30 — aguardando 60s
11:26:00 [INFO] Fila: 76 aguardando | Cache: 0 bloqueados | Monitor odds: 0 | Monitor saida: 0 | ✅ 0 aprovados | 🔍 359 analisados | 📡 437 chamadas API
11:26:00 [INFO]   Proxima: 08:30 — aguardando 60s
11:27:00 [INFO] Fila: 76 aguardando | Cache: 0 bloqueados | Monitor odds: 0 | Monitor saida: 0 | ✅ 0 aprovados | 🔍 359 analisados | 📡 437 chamadas API
11:27:00 [INFO]   Proxima: 08:30 — aguardando 60s
11:28:00 [INFO] Fila: 76 aguardando | Cache: 0 bloqueados | Monitor odds: 0 | Monitor saida: 0 | ✅ 0 aprovados | 🔍 359 analisados | 📡 437 chamadas API
11:28:00 [INFO]   Proxima: 08:30 — aguardando 60s
11:29:00 [INFO] Fila: 76 aguardando | Cache: 0 bloqueados | Monitor odds: 0 | Monitor saida: 0 | ✅ 0 aprovados | 🔍 359 analisados | 📡 437 chamadas API
11:29:00 [INFO]   Proxima: 08:30 — aguardando 59s
11:30:00 [INFO] Fila: 76 aguardando | Cache: 0 bloqueados | Monitor odds: 0 | Monitor saida: 0 | ✅ 0 aprovados | 🔍 359 analisados | 📡 437 chamadas API
11:30:00 [INFO]   🔍 Lion City Sailors FC v Courts Young Lions (08:30) | +0 min
11:30:00 [INFO]   ⛔ Sem mercados
11:30:00 [INFO]     -> Proxima: 08:35 (intervalo 5 min — 0 min p/ inicio)
11:30:00 [INFO] Fila: 76 aguardando | Cache: 0 bloqueados | Monitor odds: 0 | Monitor saida: 0 | ✅ 0 aprovados | 🔍 360 analisados | 📡 438 chamadas API
11:30:00 [INFO]   Proxima: 08:30 — aguardando 10s
11:30:10 [INFO] Fila: 76 aguardando | Cache: 0 bloqueados | Monitor odds: 0 | Monitor saida: 0 | ✅ 0 aprovados | 🔍 360 analisados | 📡 438 chamadas API
11:30:10 [INFO]   🔍 FC Lochin v FK Shortan Guzor (08:30) | +0 min
11:30:10 [INFO]   ⛔ Sem mercados
11:30:10 [INFO]     -> Proxima: 08:35 (intervalo 5 min — 0 min p/ inicio)
11:30:10 [INFO] Fila: 76 aguardando | Cache: 0 bloqueados | Monitor odds: 0 | Monitor saida: 0 | ✅ 0 aprovados | 🔍 361 analisados | 📡 439 chamadas API
11:30:10 [INFO]   Proxima: 08:35 — aguardando 60s
11:31:10 [INFO] Fila: 76 aguardando | Cache: 0 bloqueados | Monitor odds: 0 | Monitor saida: 0 | ✅ 0 aprovados | 🔍 361 analisados | 📡 439 chamadas API
11:31:10 [INFO]   Proxima: 08:35 — aguardando 60s
11:32:10 [INFO] Fila: 76 aguardando | Cache: 0 bloqueados | Monitor odds: 0 | Monitor saida: 0 | ✅ 0 aprovados | 🔍 361 analisados | 📡 439 chamadas API
11:32:10 [INFO]   Proxima: 08:35 — aguardando 60s
11:33:10 [INFO] Fila: 76 aguardando | Cache: 0 bloqueados | Monitor odds: 0 | Monitor saida: 0 | ✅ 0 aprovados | 🔍 361 analisados | 📡 439 chamadas API
11:33:10 [INFO]   Proxima: 08:35 — aguardando 60s
11:34:10 [INFO] Fila: 76 aguardando | Cache: 0 bloqueados | Monitor odds: 0 | Monitor saida: 0 | ✅ 0 aprovados | 🔍 361 analisados | 📡 439 chamadas API
11:34:10 [INFO]   Proxima: 08:35 — aguardando 49s
11:35:00 [INFO] Fila: 76 aguardando | Cache: 0 bloqueados | Monitor odds: 0 | Monitor saida: 0 | ✅ 0 aprovados | 🔍 361 analisados | 📡 439 chamadas API
11:35:00 [INFO]   🔍 Lion City Sailors FC v Courts Young Lions (08:30) | -5 min
11:35:00 [INFO]   ⛔ Sem mercados
11:35:00 [INFO]     Descartado: Lion City Sailors FC v Courts Young Lions — Janela encerrada (+10 min)
11:35:00 [INFO]   Agendador: 1 jogos removidos da fila
11:35:00 [INFO] Fila: 75 aguardando | Cache: 0 bloqueados | Monitor odds: 0 | Monitor saida: 0 | ✅ 0 aprovados | 🔍 362 analisados | 📡 440 chamadas API
11:35:00 [INFO]   Proxima: 08:35 — aguardando 10s
11:35:10 [INFO] Fila: 75 aguardando | Cache: 0 bloqueados | Monitor odds: 0 | Monitor saida: 0 | ✅ 0 aprovados | 🔍 362 analisados | 📡 440 chamadas API
11:35:10 [INFO]   🔍 FC Lochin v FK Shortan Guzor (08:30) | -5 min
11:35:11 [INFO]   ⛔ Sem mercados
11:35:11 [INFO]     Descartado: FC Lochin v FK Shortan Guzor — Janela encerrada (+10 min)
11:35:11 [INFO]   Agendador: 1 jogos removidos da fila
11:35:11 [INFO] Fila: 74 aguardando | Cache: 0 bloqueados | Monitor odds: 0 | Monitor saida: 0 | ✅ 0 aprovados | 🔍 363 analisados | 📡 441 chamadas API
11:35:11 [INFO]   Proxima: 08:55 — aguardando 60s
11:36:11 [INFO] Fila: 74 aguardando | Cache: 0 bloqueados | Monitor odds: 0 | Monitor saida: 0 | ✅ 0 aprovados | 🔍 363 analisados | 📡 441 chamadas API
11:36:11 [INFO]   Proxima: 08:55 — aguardando 60s
11:37:11 [INFO] Fila: 74 aguardando | Cache: 0 bloqueados | Monitor odds: 0 | Monitor saida: 0 | ✅ 0 aprovados | 🔍 363 analisados | 📡 441 chamadas API
11:37:11 [INFO]   Proxima: 08:55 — aguardando 60s
11:38:11 [INFO] Fila: 74 aguardando | Cache: 0 bloqueados | Monitor odds: 0 | Monitor saida: 0 | ✅ 0 aprovados | 🔍 363 analisados | 📡 441 chamadas API
11:38:11 [INFO]   Proxima: 08:55 — aguardando 60s
11:39:11 [INFO] Fila: 74 aguardando | Cache: 0 bloqueados | Monitor odds: 0 | Monitor saida: 0 | ✅ 0 aprovados | 🔍 363 analisados | 📡 441 chamadas API
11:39:11 [INFO]   Proxima: 08:55 — aguardando 60s
11:40:11 [INFO] Fila: 74 aguardando | Cache: 0 bloqueados | Monitor odds: 0 | Monitor saida: 0 | ✅ 0 aprovados | 🔍 363 analisados | 📡 441 chamadas API
11:40:11 [INFO]   Proxima: 08:55 — aguardando 60s
11:41:11 [INFO] Fila: 74 aguardando | Cache: 0 bloqueados | Monitor odds: 0 | Monitor saida: 0 | ✅ 0 aprovados | 🔍 363 analisados | 📡 441 chamadas API
11:41:11 [INFO]   Proxima: 08:55 — aguardando 60s
11:42:11 [INFO] Fila: 74 aguardando | Cache: 0 bloqueados | Monitor odds: 0 | Monitor saida: 0 | ✅ 0 aprovados | 🔍 363 analisados | 📡 441 chamadas API
11:42:11 [INFO]   Proxima: 08:55 — aguardando 60s
11:43:11 [INFO] Fila: 74 aguardando | Cache: 0 bloqueados | Monitor odds: 0 | Monitor saida: 0 | ✅ 0 aprovados | 🔍 363 analisados | 📡 441 chamadas API
11:43:11 [INFO]   Proxima: 08:55 — aguardando 60s
11:44:11 [INFO] Fila: 74 aguardando | Cache: 0 bloqueados | Monitor odds: 0 | Monitor saida: 0 | ✅ 0 aprovados | 🔍 363 analisados | 📡 441 chamadas API
11:44:11 [INFO]   Proxima: 08:55 — aguardando 60s
11:45:11 [INFO] Fila: 74 aguardando | Cache: 0 bloqueados | Monitor odds: 0 | Monitor saida: 0 | ✅ 0 aprovados | 🔍 363 analisados | 📡 441 chamadas API
11:45:11 [INFO]   Proxima: 08:55 — aguardando 60s
11:46:11 [INFO] Fila: 74 aguardando | Cache: 0 bloqueados | Monitor odds: 0 | Monitor saida: 0 | ✅ 0 aprovados | 🔍 363 analisados | 📡 441 chamadas API
11:46:11 [INFO]   Proxima: 08:55 — aguardando 60s
11:47:11 [INFO] Fila: 74 aguardando | Cache: 0 bloqueados | Monitor odds: 0 | Monitor saida: 0 | ✅ 0 aprovados | 🔍 363 analisados | 📡 441 chamadas API
11:47:11 [INFO]   Proxima: 08:55 — aguardando 60s
11:48:11 [INFO] Fila: 74 aguardando | Cache: 0 bloqueados | Monitor odds: 0 | Monitor saida: 0 | ✅ 0 aprovados | 🔍 363 analisados | 📡 441 chamadas API
11:48:11 [INFO]   Proxima: 08:55 — aguardando 60s
11:49:11 [INFO] Fila: 74 aguardando | Cache: 0 bloqueados | Monitor odds: 0 | Monitor saida: 0 | ✅ 0 aprovados | 🔍 363 analisados | 📡 441 chamadas API
11:49:11 [INFO]   Proxima: 08:55 — aguardando 60s
11:50:11 [INFO] Fila: 74 aguardando | Cache: 0 bloqueados | Monitor odds: 0 | Monitor saida: 0 | ✅ 0 aprovados | 🔍 363 analisados | 📡 441 chamadas API
11:50:11 [INFO]   Proxima: 08:55 — aguardando 60s
11:51:11 [INFO] Fila: 74 aguardando | Cache: 0 bloqueados | Monitor odds: 0 | Monitor saida: 0 | ✅ 0 aprovados | 🔍 363 analisados | 📡 441 chamadas API
11:51:11 [INFO]   Proxima: 08:55 — aguardando 60s
11:52:11 [INFO] Fila: 74 aguardando | Cache: 0 bloqueados | Monitor odds: 0 | Monitor saida: 0 | ✅ 0 aprovados | 🔍 363 analisados | 📡 441 chamadas API
11:52:11 [INFO]   Proxima: 08:55 — aguardando 60s
11:53:11 [INFO] Fila: 74 aguardando | Cache: 0 bloqueados | Monitor odds: 0 | Monitor saida: 0 | ✅ 0 aprovados | 🔍 363 analisados | 📡 441 chamadas API
11:53:11 [INFO]   Proxima: 08:55 — aguardando 60s
11:54:11 [INFO] Fila: 74 aguardando | Cache: 0 bloqueados | Monitor odds: 0 | Monitor saida: 0 | ✅ 0 aprovados | 🔍 363 analisados | 📡 441 chamadas API
11:54:11 [INFO]   Proxima: 08:55 — aguardando 48s
11:55:00 [INFO] Fila: 74 aguardando | Cache: 0 bloqueados | Monitor odds: 0 | Monitor saida: 0 | ✅ 0 aprovados | 🔍 363 analisados | 📡 441 chamadas API
11:55:00 [INFO]   🔍 Dewa United FC v Persib Bandung (09:00) | +4 min
11:55:00 [INFO]   ⛔ Sem mercados
11:55:00 [INFO]     -> Proxima: 09:00 (intervalo 5 min — 4 min p/ inicio)
11:55:00 [INFO]   🔍 FC Noah v FC Van Yerevan (09:00) | +4 min
11:55:00 [INFO]   ⛔ Sem mercados
11:55:00 [INFO]     -> Proxima: 09:00 (intervalo 5 min — 4 min p/ inicio)
11:55:00 [INFO]   🔍 Pss Sleman v Persiku Kudus (09:00) | +4 min
11:55:00 [INFO]   ⛔ Sem mercados
11:55:00 [INFO]     -> Proxima: 09:00 (intervalo 5 min — 4 min p/ inicio)
11:55:00 [INFO] Fila: 74 aguardando | Cache: 0 bloqueados | Monitor odds: 0 | Monitor saida: 0 | ✅ 0 aprovados | 🔍 366 analisados | 📡 444 chamadas API
11:55:00 [INFO]   Proxima: 09:00 — aguardando 60s
11:56:00 [INFO] Fila: 74 aguardando | Cache: 0 bloqueados | Monitor odds: 0 | Monitor saida: 0 | ✅ 0 aprovados | 🔍 366 analisados | 📡 444 chamadas API
11:56:00 [INFO]   Proxima: 09:00 — aguardando 60s
11:57:00 [INFO] Fila: 74 aguardando | Cache: 0 bloqueados | Monitor odds: 0 | Monitor saida: 0 | ✅ 0 aprovados | 🔍 366 analisados | 📡 444 chamadas API
11:57:00 [INFO]   Proxima: 09:00 — aguardando 60s
11:58:00 [INFO] Fila: 74 aguardando | Cache: 0 bloqueados | Monitor odds: 0 | Monitor saida: 0 | ✅ 0 aprovados | 🔍 366 analisados | 📡 444 chamadas API
11:58:00 [INFO]   Proxima: 09:00 — aguardando 60s
11:59:00 [INFO] Fila: 74 aguardando | Cache: 0 bloqueados | Monitor odds: 0 | Monitor saida: 0 | ✅ 0 aprovados | 🔍 366 analisados | 📡 444 chamadas API
11:59:00 [INFO]   Proxima: 09:00 — aguardando 59s
12:00:00 [INFO] Fila: 74 aguardando | Cache: 0 bloqueados | Monitor odds: 0 | Monitor saida: 0 | ✅ 0 aprovados | 🔍 366 analisados | 📡 444 chamadas API
12:00:00 [INFO]   🔍 Dewa United FC v Persib Bandung (09:00) | +0 min
12:00:00 [INFO]   ⛔ Sem mercados
12:00:00 [INFO]     -> Proxima: 09:05 (intervalo 5 min — 0 min p/ inicio)
12:00:00 [INFO] Fila: 74 aguardando | Cache: 0 bloqueados | Monitor odds: 0 | Monitor saida: 0 | ✅ 0 aprovados | 🔍 367 analisados | 📡 445 chamadas API
12:00:00 [INFO]   🔍 FC Noah v FC Van Yerevan (09:00) | +0 min
12:00:00 [INFO]   ⛔ Sem mercados
12:00:00 [INFO]     -> Proxima: 09:05 (intervalo 5 min — 0 min p/ inicio)
12:00:00 [INFO] Fila: 74 aguardando | Cache: 0 bloqueados | Monitor odds: 0 | Monitor saida: 0 | ✅ 0 aprovados | 🔍 368 analisados | 📡 446 chamadas API
12:00:00 [INFO]   🔍 Pss Sleman v Persiku Kudus (09:00) | +0 min
12:00:01 [INFO]   ⛔ Sem mercados
12:00:01 [INFO]     -> Proxima: 09:05 (intervalo 5 min — 0 min p/ inicio)
12:00:01 [INFO] Fila: 74 aguardando | Cache: 0 bloqueados | Monitor odds: 0 | Monitor saida: 0 | ✅ 0 aprovados | 🔍 369 analisados | 📡 447 chamadas API
12:00:01 [INFO]   Proxima: 09:05 — aguardando 60s
12:01:01 [INFO] Fila: 74 aguardando | Cache: 0 bloqueados | Monitor odds: 0 | Monitor saida: 0 | ✅ 0 aprovados | 🔍 369 analisados | 📡 447 chamadas API
12:01:01 [INFO]   Proxima: 09:05 — aguardando 60s
12:02:01 [INFO] Fila: 74 aguardando | Cache: 0 bloqueados | Monitor odds: 0 | Monitor saida: 0 | ✅ 0 aprovados | 🔍 369 analisados | 📡 447 chamadas API
12:02:01 [INFO]   Proxima: 09:05 — aguardando 60s
12:03:01 [INFO] Fila: 74 aguardando | Cache: 0 bloqueados | Monitor odds: 0 | Monitor saida: 0 | ✅ 0 aprovados | 🔍 369 analisados | 📡 447 chamadas API
12:03:01 [INFO]   Proxima: 09:05 — aguardando 60s
12:04:01 [INFO] Fila: 74 aguardando | Cache: 0 bloqueados | Monitor odds: 0 | Monitor saida: 0 | ✅ 0 aprovados | 🔍 369 analisados | 📡 447 chamadas API
12:04:01 [INFO]   Proxima: 09:05 — aguardando 59s
12:05:00 [INFO] Fila: 74 aguardando | Cache: 0 bloqueados | Monitor odds: 0 | Monitor saida: 0 | ✅ 0 aprovados | 🔍 369 analisados | 📡 447 chamadas API
12:05:00 [INFO]   🔍 Dewa United FC v Persib Bandung (09:00) | -5 min
12:05:00 [INFO]   ⛔ Sem mercados
12:05:00 [INFO]     Descartado: Dewa United FC v Persib Bandung — Janela encerrada (+10 min)
12:05:00 [INFO]   Agendador: 1 jogos removidos da fila
12:05:00 [INFO] Fila: 73 aguardando | Cache: 0 bloqueados | Monitor odds: 0 | Monitor saida: 0 | ✅ 0 aprovados | 🔍 370 analisados | 📡 448 chamadas API
12:05:00 [INFO]   🔍 FC Noah v FC Van Yerevan (09:00) | -5 min
12:05:01 [INFO]   ⛔ Sem mercados
12:05:01 [INFO]     Descartado: FC Noah v FC Van Yerevan — Janela encerrada (+10 min)
12:05:01 [INFO]   Agendador: 1 jogos removidos da fila
12:05:01 [INFO] Fila: 72 aguardando | Cache: 0 bloqueados | Monitor odds: 0 | Monitor saida: 0 | ✅ 0 aprovados | 🔍 371 analisados | 📡 449 chamadas API
12:05:01 [INFO]   🔍 Pss Sleman v Persiku Kudus (09:00) | -5 min
12:05:01 [INFO]   ⛔ Sem mercados
12:05:01 [INFO]     Descartado: Pss Sleman v Persiku Kudus — Janela encerrada (+10 min)
12:05:01 [INFO]   Agendador: 1 jogos removidos da fila
12:05:01 [INFO] Fila: 71 aguardando | Cache: 0 bloqueados | Monitor odds: 0 | Monitor saida: 0 | ✅ 0 aprovados | 🔍 372 analisados | 📡 450 chamadas API
12:05:01 [INFO]   Proxima: 09:55 — aguardando 60s
12:06:01 [INFO] Fila: 71 aguardando | Cache: 0 bloqueados | Monitor odds: 0 | Monitor saida: 0 | ✅ 0 aprovados | 🔍 372 analisados | 📡 450 chamadas API
12:06:01 [INFO]   Proxima: 09:55 — aguardando 60s
12:07:01 [INFO] Fila: 71 aguardando | Cache: 0 bloqueados | Monitor odds: 0 | Monitor saida: 0 | ✅ 0 aprovados | 🔍 372 analisados | 📡 450 chamadas API
12:07:01 [INFO]   Proxima: 09:55 — aguardando 60s
12:08:01 [INFO] Fila: 71 aguardando | Cache: 0 bloqueados | Monitor odds: 0 | Monitor saida: 0 | ✅ 0 aprovados | 🔍 372 analisados | 📡 450 chamadas API
12:08:01 [INFO]   Proxima: 09:55 — aguardando 60s
12:09:01 [INFO] Fila: 71 aguardando | Cache: 0 bloqueados | Monitor odds: 0 | Monitor saida: 0 | ✅ 0 aprovados | 🔍 372 analisados | 📡 450 chamadas API
12:09:01 [INFO]   Proxima: 09:55 — aguardando 60s
12:10:01 [INFO] Fila: 71 aguardando | Cache: 0 bloqueados | Monitor odds: 0 | Monitor saida: 0 | ✅ 0 aprovados | 🔍 372 analisados | 📡 450 chamadas API
12:10:01 [INFO]   Proxima: 09:55 — aguardando 60s
12:11:01 [INFO] Fila: 71 aguardando | Cache: 0 bloqueados | Monitor odds: 0 | Monitor saida: 0 | ✅ 0 aprovados | 🔍 372 analisados | 📡 450 chamadas API
12:11:01 [INFO]   Proxima: 09:55 — aguardando 60s
12:12:01 [INFO] Fila: 71 aguardando | Cache: 0 bloqueados | Monitor odds: 0 | Monitor saida: 0 | ✅ 0 aprovados | 🔍 372 analisados | 📡 450 chamadas API
12:12:01 [INFO]   Proxima: 09:55 — aguardando 60s
12:13:01 [INFO] Fila: 71 aguardando | Cache: 0 bloqueados | Monitor odds: 0 | Monitor saida: 0 | ✅ 0 aprovados | 🔍 372 analisados | 📡 450 chamadas API
12:13:01 [INFO]   Proxima: 09:55 — aguardando 60s
12:14:01 [INFO] Fila: 71 aguardando | Cache: 0 bloqueados | Monitor odds: 0 | Monitor saida: 0 | ✅ 0 aprovados | 🔍 372 analisados | 📡 450 chamadas API
12:14:01 [INFO]   Proxima: 09:55 — aguardando 60s
12:15:01 [INFO] Fila: 71 aguardando | Cache: 0 bloqueados | Monitor odds: 0 | Monitor saida: 0 | ✅ 0 aprovados | 🔍 372 analisados | 📡 450 chamadas API
12:15:01 [INFO]   Proxima: 09:55 — aguardando 60s
12:16:01 [INFO] Fila: 71 aguardando | Cache: 0 bloqueados | Monitor odds: 0 | Monitor saida: 0 | ✅ 0 aprovados | 🔍 372 analisados | 📡 450 chamadas API
12:16:01 [INFO]   Proxima: 09:55 — aguardando 60s
12:17:01 [INFO] Fila: 71 aguardando | Cache: 0 bloqueados | Monitor odds: 0 | Monitor saida: 0 | ✅ 0 aprovados | 🔍 372 analisados | 📡 450 chamadas API
12:17:01 [INFO]   Proxima: 09:55 — aguardando 60s
12:18:01 [INFO] Fila: 71 aguardando | Cache: 0 bloqueados | Monitor odds: 0 | Monitor saida: 0 | ✅ 0 aprovados | 🔍 372 analisados | 📡 450 chamadas API
12:18:01 [INFO] Buscando lista de jogos do dia...
12:18:01 [WARNING] Nenhum jogo retornado pela API Betfair!
12:18:02 [INFO]   Proxima: 09:55 — aguardando 60s
12:19:02 [INFO] Fila: 71 aguardando | Cache: 0 bloqueados | Monitor odds: 0 | Monitor saida: 0 | ✅ 0 aprovados | 🔍 372 analisados | 📡 451 chamadas API
12:19:02 [INFO]   Proxima: 09:55 — aguardando 60s
12:20:02 [INFO] Fila: 71 aguardando | Cache: 0 bloqueados | Monitor odds: 0 | Monitor saida: 0 | ✅ 0 aprovados | 🔍 372 analisados | 📡 451 chamadas API
12:20:02 [INFO]   Proxima: 09:55 — aguardando 60s
12:21:02 [INFO] Fila: 71 aguardando | Cache: 0 bloqueados | Monitor odds: 0 | Monitor saida: 0 | ✅ 0 aprovados | 🔍 372 analisados | 📡 451 chamadas API
12:21:02 [INFO]   Proxima: 09:55 — aguardando 60s
12:22:02 [INFO] Fila: 71 aguardando | Cache: 0 bloqueados | Monitor odds: 0 | Monitor saida: 0 | ✅ 0 aprovados | 🔍 372 analisados | 📡 451 chamadas API
12:22:02 [INFO]   Proxima: 09:55 — aguardando 60s
12:23:02 [INFO] Fila: 71 aguardando | Cache: 0 bloqueados | Monitor odds: 0 | Monitor saida: 0 | ✅ 0 aprovados | 🔍 372 analisados | 📡 451 chamadas API
12:23:02 [INFO]   Proxima: 09:55 — aguardando 60s
12:24:02 [INFO] Fila: 71 aguardando | Cache: 0 bloqueados | Monitor odds: 0 | Monitor saida: 0 | ✅ 0 aprovados | 🔍 372 analisados | 📡 451 chamadas API
12:24:02 [INFO]   Proxima: 09:55 — aguardando 60s
12:25:02 [INFO] Fila: 71 aguardando | Cache: 0 bloqueados | Monitor odds: 0 | Monitor saida: 0 | ✅ 0 aprovados | 🔍 372 analisados | 📡 451 chamadas API
12:25:02 [INFO]   Proxima: 09:55 — aguardando 60s
12:26:02 [INFO] Fila: 71 aguardando | Cache: 0 bloqueados | Monitor odds: 0 | Monitor saida: 0 | ✅ 0 aprovados | 🔍 372 analisados | 📡 451 chamadas API
12:26:02 [INFO]   Proxima: 09:55 — aguardando 60s
12:27:02 [INFO] Fila: 71 aguardando | Cache: 0 bloqueados | Monitor odds: 0 | Monitor saida: 0 | ✅ 0 aprovados | 🔍 372 analisados | 📡 451 chamadas API
12:27:02 [INFO]   Proxima: 09:55 — aguardando 60s
12:28:02 [INFO] Fila: 71 aguardando | Cache: 0 bloqueados | Monitor odds: 0 | Monitor saida: 0 | ✅ 0 aprovados | 🔍 372 analisados | 📡 451 chamadas API
12:28:02 [INFO]   Proxima: 09:55 — aguardando 60s
12:29:02 [INFO] Fila: 71 aguardando | Cache: 0 bloqueados | Monitor odds: 0 | Monitor saida: 0 | ✅ 0 aprovados | 🔍 372 analisados | 📡 451 chamadas API
12:29:02 [INFO]   Proxima: 09:55 — aguardando 60s
12:30:02 [INFO] Fila: 71 aguardando | Cache: 0 bloqueados | Monitor odds: 0 | Monitor saida: 0 | ✅ 0 aprovados | 🔍 372 analisados | 📡 451 chamadas API
12:30:02 [INFO]   Proxima: 09:55 — aguardando 60s
12:31:02 [INFO] Fila: 71 aguardando | Cache: 0 bloqueados | Monitor odds: 0 | Monitor saida: 0 | ✅ 0 aprovados | 🔍 372 analisados | 📡 451 chamadas API
12:31:02 [INFO]   Proxima: 09:55 — aguardando 60s
12:32:02 [INFO] Fila: 71 aguardando | Cache: 0 bloqueados | Monitor odds: 0 | Monitor saida: 0 | ✅ 0 aprovados | 🔍 372 analisados | 📡 451 chamadas API
12:32:02 [INFO]   Proxima: 09:55 — aguardando 60s
12:33:02 [INFO] Fila: 71 aguardando | Cache: 0 bloqueados | Monitor odds: 0 | Monitor saida: 0 | ✅ 0 aprovados | 🔍 372 analisados | 📡 451 chamadas API
12:33:02 [INFO]   Proxima: 09:55 — aguardando 60s
12:34:02 [INFO] Fila: 71 aguardando | Cache: 0 bloqueados | Monitor odds: 0 | Monitor saida: 0 | ✅ 0 aprovados | 🔍 372 analisados | 📡 451 chamadas API
12:34:02 [INFO]   Proxima: 09:55 — aguardando 60s
12:35:02 [INFO] Fila: 71 aguardando | Cache: 0 bloqueados | Monitor odds: 0 | Monitor saida: 0 | ✅ 0 aprovados | 🔍 372 analisados | 📡 451 chamadas API
12:35:02 [INFO]   Proxima: 09:55 — aguardando 60s
12:36:02 [INFO] Fila: 71 aguardando | Cache: 0 bloqueados | Monitor odds: 0 | Monitor saida: 0 | ✅ 0 aprovados | 🔍 372 analisados | 📡 451 chamadas API
12:36:02 [INFO]   Proxima: 09:55 — aguardando 60s
12:37:02 [INFO] Fila: 71 aguardando | Cache: 0 bloqueados | Monitor odds: 0 | Monitor saida: 0 | ✅ 0 aprovados | 🔍 372 analisados | 📡 451 chamadas API
12:37:02 [INFO]   Proxima: 09:55 — aguardando 60s
12:38:02 [INFO] Fila: 71 aguardando | Cache: 0 bloqueados | Monitor odds: 0 | Monitor saida: 0 | ✅ 0 aprovados | 🔍 372 analisados | 📡 451 chamadas API
12:38:02 [INFO]   Proxima: 09:55 — aguardando 60s
12:39:02 [INFO] Fila: 71 aguardando | Cache: 0 bloqueados | Monitor odds: 0 | Monitor saida: 0 | ✅ 0 aprovados | 🔍 372 analisados | 📡 451 chamadas API
12:39:02 [INFO]   Proxima: 09:55 — aguardando 60s
12:40:02 [INFO] Fila: 71 aguardando | Cache: 0 bloqueados | Monitor odds: 0 | Monitor saida: 0 | ✅ 0 aprovados | 🔍 372 analisados | 📡 451 chamadas API
12:40:02 [INFO]   Proxima: 09:55 — aguardando 60s
12:41:02 [INFO] Fila: 71 aguardando | Cache: 0 bloqueados | Monitor odds: 0 | Monitor saida: 0 | ✅ 0 aprovados | 🔍 372 analisados | 📡 451 chamadas API
12:41:02 [INFO]   Proxima: 09:55 — aguardando 60s
12:42:02 [INFO] Fila: 71 aguardando | Cache: 0 bloqueados | Monitor odds: 0 | Monitor saida: 0 | ✅ 0 aprovados | 🔍 372 analisados | 📡 451 chamadas API
12:42:02 [INFO]   Proxima: 09:55 — aguardando 60s
12:43:02 [INFO] Fila: 71 aguardando | Cache: 0 bloqueados | Monitor odds: 0 | Monitor saida: 0 | ✅ 0 aprovados | 🔍 372 analisados | 📡 451 chamadas API
12:43:02 [INFO]   Proxima: 09:55 — aguardando 60s
12:44:02 [INFO] Fila: 71 aguardando | Cache: 0 bloqueados | Monitor odds: 0 | Monitor saida: 0 | ✅ 0 aprovados | 🔍 372 analisados | 📡 451 chamadas API
12:44:02 [INFO]   Proxima: 09:55 — aguardando 60s
12:45:02 [INFO] Fila: 71 aguardando | Cache: 0 bloqueados | Monitor odds: 0 | Monitor saida: 0 | ✅ 0 aprovados | 🔍 372 analisados | 📡 451 chamadas API
12:45:02 [INFO]   Proxima: 09:55 — aguardando 60s
12:46:02 [INFO] Fila: 71 aguardando | Cache: 0 bloqueados | Monitor odds: 0 | Monitor saida: 0 | ✅ 0 aprovados | 🔍 372 analisados | 📡 451 chamadas API
12:46:02 [INFO]   Proxima: 09:55 — aguardando 60s
12:47:02 [INFO] Fila: 71 aguardando | Cache: 0 bloqueados | Monitor odds: 0 | Monitor saida: 0 | ✅ 0 aprovados | 🔍 372 analisados | 📡 451 chamadas API
12:47:02 [INFO]   Proxima: 09:55 — aguardando 60s
12:48:02 [INFO] Fila: 71 aguardando | Cache: 0 bloqueados | Monitor odds: 0 | Monitor saida: 0 | ✅ 0 aprovados | 🔍 372 analisados | 📡 451 chamadas API
12:48:02 [INFO]   Proxima: 09:55 — aguardando 60s
12:49:02 [INFO] Fila: 71 aguardando | Cache: 0 bloqueados | Monitor odds: 0 | Monitor saida: 0 | ✅ 0 aprovados | 🔍 372 analisados | 📡 451 chamadas API
12:49:02 [INFO]   Proxima: 09:55 — aguardando 60s
12:50:02 [INFO] Fila: 71 aguardando | Cache: 0 bloqueados | Monitor odds: 0 | Monitor saida: 0 | ✅ 0 aprovados | 🔍 372 analisados | 📡 451 chamadas API
12:50:02 [INFO]   Proxima: 09:55 — aguardando 60s
12:51:02 [INFO] Fila: 71 aguardando | Cache: 0 bloqueados | Monitor odds: 0 | Monitor saida: 0 | ✅ 0 aprovados | 🔍 372 analisados | 📡 451 chamadas API
12:51:02 [INFO]   Proxima: 09:55 — aguardando 60s
12:52:02 [INFO] Fila: 71 aguardando | Cache: 0 bloqueados | Monitor odds: 0 | Monitor saida: 0 | ✅ 0 aprovados | 🔍 372 analisados | 📡 451 chamadas API
12:52:02 [INFO]   Proxima: 09:55 — aguardando 60s
12:53:02 [INFO] Fila: 71 aguardando | Cache: 0 bloqueados | Monitor odds: 0 | Monitor saida: 0 | ✅ 0 aprovados | 🔍 372 analisados | 📡 451 chamadas API
12:53:02 [INFO]   Proxima: 09:55 — aguardando 60s
12:54:02 [INFO] Fila: 71 aguardando | Cache: 0 bloqueados | Monitor odds: 0 | Monitor saida: 0 | ✅ 0 aprovados | 🔍 372 analisados | 📡 451 chamadas API
12:54:02 [INFO]   Proxima: 09:55 — aguardando 57s
12:55:00 [INFO] Fila: 71 aguardando | Cache: 0 bloqueados | Monitor odds: 0 | Monitor saida: 0 | ✅ 0 aprovados | 🔍 372 analisados | 📡 451 chamadas API
12:55:00 [INFO]   🔍 Metalourg Bekabad v BuxDU (10:00) | +4 min
12:55:00 [INFO]   ⛔ Sem mercados
12:55:00 [INFO]     -> Proxima: 10:00 (intervalo 5 min — 4 min p/ inicio)
12:55:00 [INFO]   🔍 Yaypan FK v Jayxun (10:00) | +4 min
12:55:00 [INFO]   ⛔ Sem mercados
12:55:00 [INFO]     -> Proxima: 10:00 (intervalo 5 min — 4 min p/ inicio)
12:55:00 [INFO] Fila: 71 aguardando | Cache: 0 bloqueados | Monitor odds: 0 | Monitor saida: 0 | ✅ 0 aprovados | 🔍 374 analisados | 📡 453 chamadas API
12:55:00 [INFO]   Proxima: 10:00 — aguardando 60s
12:56:00 [INFO] Fila: 71 aguardando | Cache: 0 bloqueados | Monitor odds: 0 | Monitor saida: 0 | ✅ 0 aprovados | 🔍 374 analisados | 📡 453 chamadas API
12:56:00 [INFO]   Proxima: 10:00 — aguardando 60s
12:57:00 [INFO] Fila: 71 aguardando | Cache: 0 bloqueados | Monitor odds: 0 | Monitor saida: 0 | ✅ 0 aprovados | 🔍 374 analisados | 📡 453 chamadas API
12:57:00 [INFO]   Proxima: 10:00 — aguardando 60s
12:58:00 [INFO] Fila: 71 aguardando | Cache: 0 bloqueados | Monitor odds: 0 | Monitor saida: 0 | ✅ 0 aprovados | 🔍 374 analisados | 📡 453 chamadas API
12:58:00 [INFO]   Proxima: 10:00 — aguardando 60s
12:59:00 [INFO] Fila: 71 aguardando | Cache: 0 bloqueados | Monitor odds: 0 | Monitor saida: 0 | ✅ 0 aprovados | 🔍 374 analisados | 📡 453 chamadas API
12:59:00 [INFO]   Proxima: 10:00 — aguardando 59s
13:00:00 [INFO] Fila: 71 aguardando | Cache: 0 bloqueados | Monitor odds: 0 | Monitor saida: 0 | ✅ 0 aprovados | 🔍 374 analisados | 📡 453 chamadas API
13:00:00 [INFO]   🔍 Metalourg Bekabad v BuxDU (10:00) | +0 min
13:00:00 [INFO]   ⛔ Sem mercados
13:00:00 [INFO]     -> Proxima: 10:05 (intervalo 5 min — 0 min p/ inicio)
13:00:00 [INFO] Fila: 71 aguardando | Cache: 0 bloqueados | Monitor odds: 0 | Monitor saida: 0 | ✅ 0 aprovados | 🔍 375 analisados | 📡 454 chamadas API
13:00:00 [INFO]   🔍 Yaypan FK v Jayxun (10:00) | +0 min
13:00:00 [INFO]   ⛔ Sem mercados
13:00:00 [INFO]     -> Proxima: 10:05 (intervalo 5 min — 0 min p/ inicio)
13:00:00 [INFO] Fila: 71 aguardando | Cache: 0 bloqueados | Monitor odds: 0 | Monitor saida: 0 | ✅ 0 aprovados | 🔍 376 analisados | 📡 455 chamadas API
13:00:00 [INFO]   Proxima: 10:05 — aguardando 60s
13:01:00 [INFO] Fila: 71 aguardando | Cache: 0 bloqueados | Monitor odds: 0 | Monitor saida: 0 | ✅ 0 aprovados | 🔍 376 analisados | 📡 455 chamadas API
13:01:00 [INFO]   Proxima: 10:05 — aguardando 60s
13:02:00 [INFO] Fila: 71 aguardando | Cache: 0 bloqueados | Monitor odds: 0 | Monitor saida: 0 | ✅ 0 aprovados | 🔍 376 analisados | 📡 455 chamadas API
13:02:00 [INFO]   Proxima: 10:05 — aguardando 60s
13:03:00 [INFO] Fila: 71 aguardando | Cache: 0 bloqueados | Monitor odds: 0 | Monitor saida: 0 | ✅ 0 aprovados | 🔍 376 analisados | 📡 455 chamadas API
13:03:00 [INFO]   Proxima: 10:05 — aguardando 60s
13:04:00 [INFO] Fila: 71 aguardando | Cache: 0 bloqueados | Monitor odds: 0 | Monitor saida: 0 | ✅ 0 aprovados | 🔍 376 analisados | 📡 455 chamadas API
13:04:00 [INFO]   Proxima: 10:05 — aguardando 59s
13:05:00 [INFO] Fila: 71 aguardando | Cache: 0 bloqueados | Monitor odds: 0 | Monitor saida: 0 | ✅ 0 aprovados | 🔍 376 analisados | 📡 455 chamadas API
13:05:00 [INFO]   🔍 Metalourg Bekabad v BuxDU (10:00) | -5 min
13:05:00 [INFO]   ⛔ Sem mercados
13:05:00 [INFO]     Descartado: Metalourg Bekabad v BuxDU — Janela encerrada (+10 min)
13:05:00 [INFO]   Agendador: 1 jogos removidos da fila
13:05:00 [INFO] Fila: 70 aguardando | Cache: 0 bloqueados | Monitor odds: 0 | Monitor saida: 0 | ✅ 0 aprovados | 🔍 377 analisados | 📡 456 chamadas API
13:05:00 [INFO]   Proxima: 10:05 — aguardando 10s
13:05:10 [INFO] Fila: 70 aguardando | Cache: 0 bloqueados | Monitor odds: 0 | Monitor saida: 0 | ✅ 0 aprovados | 🔍 377 analisados | 📡 456 chamadas API
13:05:10 [INFO]   🔍 Yaypan FK v Jayxun (10:00) | -5 min
13:05:11 [INFO]   ⛔ Sem mercados
13:05:11 [INFO]     Descartado: Yaypan FK v Jayxun — Janela encerrada (+10 min)
13:05:11 [INFO]   Agendador: 1 jogos removidos da fila
13:05:11 [INFO] Fila: 69 aguardando | Cache: 0 bloqueados | Monitor odds: 0 | Monitor saida: 0 | ✅ 0 aprovados | 🔍 378 analisados | 📡 457 chamadas API
13:05:11 [INFO]   Proxima: 10:25 — aguardando 60s
13:06:11 [INFO] Fila: 69 aguardando | Cache: 0 bloqueados | Monitor odds: 0 | Monitor saida: 0 | ✅ 0 aprovados | 🔍 378 analisados | 📡 457 chamadas API
13:06:11 [INFO]   Proxima: 10:25 — aguardando 60s
13:07:11 [INFO] Fila: 69 aguardando | Cache: 0 bloqueados | Monitor odds: 0 | Monitor saida: 0 | ✅ 0 aprovados | 🔍 378 analisados | 📡 457 chamadas API
13:07:11 [INFO]   Proxima: 10:25 — aguardando 60s
13:08:11 [INFO] Fila: 69 aguardando | Cache: 0 bloqueados | Monitor odds: 0 | Monitor saida: 0 | ✅ 0 aprovados | 🔍 378 analisados | 📡 457 chamadas API
13:08:11 [INFO]   Proxima: 10:25 — aguardando 60s
13:09:11 [INFO] Fila: 69 aguardando | Cache: 0 bloqueados | Monitor odds: 0 | Monitor saida: 0 | ✅ 0 aprovados | 🔍 378 analisados | 📡 457 chamadas API
13:09:11 [INFO]   Proxima: 10:25 — aguardando 60s
13:10:11 [INFO] Fila: 69 aguardando | Cache: 0 bloqueados | Monitor odds: 0 | Monitor saida: 0 | ✅ 0 aprovados | 🔍 378 analisados | 📡 457 chamadas API
13:10:11 [INFO]   Proxima: 10:25 — aguardando 60s
13:11:11 [INFO] Fila: 69 aguardando | Cache: 0 bloqueados | Monitor odds: 0 | Monitor saida: 0 | ✅ 0 aprovados | 🔍 378 analisados | 📡 457 chamadas API
13:11:11 [INFO]   Proxima: 10:25 — aguardando 60s
13:12:11 [INFO] Fila: 69 aguardando | Cache: 0 bloqueados | Monitor odds: 0 | Monitor saida: 0 | ✅ 0 aprovados | 🔍 378 analisados | 📡 457 chamadas API
13:12:11 [INFO]   Proxima: 10:25 — aguardando 60s
13:13:11 [INFO] Fila: 69 aguardando | Cache: 0 bloqueados | Monitor odds: 0 | Monitor saida: 0 | ✅ 0 aprovados | 🔍 378 analisados | 📡 457 chamadas API
13:13:11 [INFO]   Proxima: 10:25 — aguardando 60s
13:14:11 [INFO] Fila: 69 aguardando | Cache: 0 bloqueados | Monitor odds: 0 | Monitor saida: 0 | ✅ 0 aprovados | 🔍 378 analisados | 📡 457 chamadas API
13:14:11 [INFO]   Proxima: 10:25 — aguardando 60s
13:15:11 [INFO] Fila: 69 aguardando | Cache: 0 bloqueados | Monitor odds: 0 | Monitor saida: 0 | ✅ 0 aprovados | 🔍 378 analisados | 📡 457 chamadas API
13:15:11 [INFO]   Proxima: 10:25 — aguardando 60s
13:16:11 [INFO] Fila: 69 aguardando | Cache: 0 bloqueados | Monitor odds: 0 | Monitor saida: 0 | ✅ 0 aprovados | 🔍 378 analisados | 📡 457 chamadas API
13:16:11 [INFO]   Proxima: 10:25 — aguardando 60s
13:17:11 [INFO] Fila: 69 aguardando | Cache: 0 bloqueados | Monitor odds: 0 | Monitor saida: 0 | ✅ 0 aprovados | 🔍 378 analisados | 📡 457 chamadas API
13:17:11 [INFO]   Proxima: 10:25 — aguardando 60s
13:18:11 [INFO] Fila: 69 aguardando | Cache: 0 bloqueados | Monitor odds: 0 | Monitor saida: 0 | ✅ 0 aprovados | 🔍 378 analisados | 📡 457 chamadas API
13:18:11 [INFO] Buscando lista de jogos do dia...
13:18:11 [WARNING] Nenhum jogo retornado pela API Betfair!
13:18:12 [INFO]   Proxima: 10:25 — aguardando 60s
13:19:12 [INFO] Fila: 69 aguardando | Cache: 0 bloqueados | Monitor odds: 0 | Monitor saida: 0 | ✅ 0 aprovados | 🔍 378 analisados | 📡 458 chamadas API
13:19:12 [INFO]   Proxima: 10:25 — aguardando 60s
13:20:12 [INFO] Fila: 69 aguardando | Cache: 0 bloqueados | Monitor odds: 0 | Monitor saida: 0 | ✅ 0 aprovados | 🔍 378 analisados | 📡 458 chamadas API
13:20:12 [INFO]   Proxima: 10:25 — aguardando 60s
13:21:12 [INFO] Fila: 69 aguardando | Cache: 0 bloqueados | Monitor odds: 0 | Monitor saida: 0 | ✅ 0 aprovados | 🔍 378 analisados | 📡 458 chamadas API
13:21:12 [INFO]   Proxima: 10:25 — aguardando 60s
13:22:12 [INFO] Fila: 69 aguardando | Cache: 0 bloqueados | Monitor odds: 0 | Monitor saida: 0 | ✅ 0 aprovados | 🔍 378 analisados | 📡 458 chamadas API
13:22:12 [INFO]   Proxima: 10:25 — aguardando 60s
13:23:12 [INFO] Fila: 69 aguardando | Cache: 0 bloqueados | Monitor odds: 0 | Monitor saida: 0 | ✅ 0 aprovados | 🔍 378 analisados | 📡 458 chamadas API
13:23:12 [INFO]   Proxima: 10:25 — aguardando 60s
13:24:12 [INFO] Fila: 69 aguardando | Cache: 0 bloqueados | Monitor odds: 0 | Monitor saida: 0 | ✅ 0 aprovados | 🔍 378 analisados | 📡 458 chamadas API
13:24:12 [INFO]   Proxima: 10:25 — aguardando 47s
13:25:00 [INFO] Fila: 69 aguardando | Cache: 0 bloqueados | Monitor odds: 0 | Monitor saida: 0 | ✅ 0 aprovados | 🔍 378 analisados | 📡 458 chamadas API
13:25:00 [INFO]   🔍 Team FC v El Minya (10:30) | +4 min
13:25:00 [INFO]   ⛔ Sem mercados
13:25:00 [INFO]     -> Proxima: 10:30 (intervalo 5 min — 4 min p/ inicio)
13:25:00 [INFO]   🔍 Fayoum FC v Mallawi SC (10:30) | +4 min
13:25:00 [INFO]   ⛔ Sem mercados
13:25:00 [INFO]     -> Proxima: 10:30 (intervalo 5 min — 4 min p/ inicio)
13:25:00 [INFO]   🔍 Misr El Makasa v Cascada SC (10:30) | +4 min
13:25:00 [INFO]   ⛔ Sem mercados
13:25:00 [WARNING] Erro ao carregar reprovados: Expecting value: line 1 column 1 (char 0)
13:25:00 [INFO]     -> Proxima: 10:30 (intervalo 5 min — 4 min p/ inicio)
13:25:00 [INFO] Fila: 69 aguardando | Cache: 0 bloqueados | Monitor odds: 0 | Monitor saida: 0 | ✅ 0 aprovados | 🔍 381 analisados | 📡 461 chamadas API
13:25:00 [INFO]   Proxima: 10:30 — aguardando 60s
13:26:00 [INFO] Fila: 69 aguardando | Cache: 0 bloqueados | Monitor odds: 0 | Monitor saida: 0 | ✅ 0 aprovados | 🔍 381 analisados | 📡 461 chamadas API
13:26:00 [INFO]   Proxima: 10:30 — aguardando 60s
13:27:00 [INFO] Fila: 69 aguardando | Cache: 0 bloqueados | Monitor odds: 0 | Monitor saida: 0 | ✅ 0 aprovados | 🔍 381 analisados | 📡 461 chamadas API
13:27:00 [INFO]   Proxima: 10:30 — aguardando 60s
13:28:00 [INFO] Fila: 69 aguardando | Cache: 0 bloqueados | Monitor odds: 0 | Monitor saida: 0 | ✅ 0 aprovados | 🔍 381 analisados | 📡 461 chamadas API
13:28:00 [INFO]   Proxima: 10:30 — aguardando 60s
13:29:00 [INFO] Fila: 69 aguardando | Cache: 0 bloqueados | Monitor odds: 0 | Monitor saida: 0 | ✅ 0 aprovados | 🔍 381 analisados | 📡 461 chamadas API
13:29:00 [INFO]   Proxima: 10:30 — aguardando 59s
13:30:00 [INFO] Fila: 69 aguardando | Cache: 0 bloqueados | Monitor odds: 0 | Monitor saida: 0 | ✅ 0 aprovados | 🔍 381 analisados | 📡 461 chamadas API
13:30:00 [INFO]   🔍 Team FC v El Minya (10:30) | +0 min
13:30:00 [INFO]   ⛔ Sem mercados
13:30:00 [INFO]     -> Proxima: 10:35 (intervalo 5 min — 0 min p/ inicio)
13:30:00 [INFO] Fila: 69 aguardando | Cache: 0 bloqueados | Monitor odds: 0 | Monitor saida: 0 | ✅ 0 aprovados | 🔍 382 analisados | 📡 462 chamadas API
13:30:00 [INFO]   🔍 Fayoum FC v Mallawi SC (10:30) | +0 min
13:30:00 [INFO]   ⛔ Sem mercados
13:30:00 [INFO]     -> Proxima: 10:35 (intervalo 5 min — 0 min p/ inicio)
13:30:00 [INFO] Fila: 69 aguardando | Cache: 0 bloqueados | Monitor odds: 0 | Monitor saida: 0 | ✅ 0 aprovados | 🔍 383 analisados | 📡 463 chamadas API
13:30:00 [INFO]   Proxima: 10:30 — aguardando 10s
13:30:10 [INFO] Fila: 69 aguardando | Cache: 0 bloqueados | Monitor odds: 0 | Monitor saida: 0 | ✅ 0 aprovados | 🔍 383 analisados | 📡 463 chamadas API
13:30:10 [INFO]   🔍 Misr El Makasa v Cascada SC (10:30) | +0 min
13:30:11 [INFO]   ⛔ Sem mercados
13:30:11 [INFO]     -> Proxima: 10:35 (intervalo 5 min — 0 min p/ inicio)
13:30:11 [INFO] Fila: 69 aguardando | Cache: 0 bloqueados | Monitor odds: 0 | Monitor saida: 0 | ✅ 0 aprovados | 🔍 384 analisados | 📡 464 chamadas API
13:30:11 [INFO]   Proxima: 10:35 — aguardando 60s
13:31:11 [INFO] Fila: 69 aguardando | Cache: 0 bloqueados | Monitor odds: 0 | Monitor saida: 0 | ✅ 0 aprovados | 🔍 384 analisados | 📡 464 chamadas API
13:31:11 [INFO]   Proxima: 10:35 — aguardando 60s
13:32:11 [INFO] Fila: 69 aguardando | Cache: 0 bloqueados | Monitor odds: 0 | Monitor saida: 0 | ✅ 0 aprovados | 🔍 384 analisados | 📡 464 chamadas API
13:32:11 [INFO]   Proxima: 10:35 — aguardando 60s
13:33:11 [INFO] Fila: 69 aguardando | Cache: 0 bloqueados | Monitor odds: 0 | Monitor saida: 0 | ✅ 0 aprovados | 🔍 384 analisados | 📡 464 chamadas API
13:33:11 [INFO]   Proxima: 10:35 — aguardando 60s
13:34:11 [INFO] Fila: 69 aguardando | Cache: 0 bloqueados | Monitor odds: 0 | Monitor saida: 0 | ✅ 0 aprovados | 🔍 384 analisados | 📡 464 chamadas API
13:34:11 [INFO]   Proxima: 10:35 — aguardando 49s
13:35:00 [INFO] Fila: 69 aguardando | Cache: 0 bloqueados | Monitor odds: 0 | Monitor saida: 0 | ✅ 0 aprovados | 🔍 384 analisados | 📡 464 chamadas API
13:35:00 [INFO]   🔍 Team FC v El Minya (10:30) | -5 min
13:35:00 [INFO]   ⛔ Sem mercados
13:35:00 [INFO]     Descartado: Team FC v El Minya — Janela encerrada (+10 min)
13:35:00 [INFO]   Agendador: 1 jogos removidos da fila
13:35:00 [INFO] Fila: 68 aguardando | Cache: 0 bloqueados | Monitor odds: 0 | Monitor saida: 0 | ✅ 0 aprovados | 🔍 385 analisados | 📡 465 chamadas API
13:35:00 [INFO]   🔍 Fayoum FC v Mallawi SC (10:30) | -5 min
13:35:01 [INFO]   ⛔ Sem mercados
13:35:01 [INFO]     Descartado: Fayoum FC v Mallawi SC — Janela encerrada (+10 min)
13:35:01 [INFO]   Agendador: 1 jogos removidos da fila
13:35:01 [INFO] Fila: 67 aguardando | Cache: 0 bloqueados | Monitor odds: 0 | Monitor saida: 0 | ✅ 0 aprovados | 🔍 386 analisados | 📡 466 chamadas API
13:35:01 [INFO]   Proxima: 10:35 — aguardando 10s
13:35:11 [INFO] Fila: 67 aguardando | Cache: 0 bloqueados | Monitor odds: 0 | Monitor saida: 0 | ✅ 0 aprovados | 🔍 386 analisados | 📡 466 chamadas API
13:35:11 [INFO]   🔍 Misr El Makasa v Cascada SC (10:30) | -5 min
13:35:11 [INFO]   ⛔ Sem mercados
13:35:11 [INFO]     Descartado: Misr El Makasa v Cascada SC — Janela encerrada (+10 min)
13:35:11 [INFO]   Agendador: 1 jogos removidos da fila
13:35:11 [INFO] Fila: 66 aguardando | Cache: 0 bloqueados | Monitor odds: 0 | Monitor saida: 0 | ✅ 0 aprovados | 🔍 387 analisados | 📡 467 chamadas API
13:35:11 [INFO]   Proxima: 10:55 — aguardando 60s
13:36:11 [INFO] Fila: 66 aguardando | Cache: 0 bloqueados | Monitor odds: 0 | Monitor saida: 0 | ✅ 0 aprovados | 🔍 387 analisados | 📡 467 chamadas API
13:36:11 [INFO]   Proxima: 10:55 — aguardando 60s
13:37:11 [INFO] Fila: 66 aguardando | Cache: 0 bloqueados | Monitor odds: 0 | Monitor saida: 0 | ✅ 0 aprovados | 🔍 387 analisados | 📡 467 chamadas API
13:37:11 [INFO]   Proxima: 10:55 — aguardando 60s
13:38:11 [INFO] Fila: 66 aguardando | Cache: 0 bloqueados | Monitor odds: 0 | Monitor saida: 0 | ✅ 0 aprovados | 🔍 387 analisados | 📡 467 chamadas API
13:38:11 [INFO]   Proxima: 10:55 — aguardando 60s
13:39:11 [INFO] Fila: 66 aguardando | Cache: 0 bloqueados | Monitor odds: 0 | Monitor saida: 0 | ✅ 0 aprovados | 🔍 387 analisados | 📡 467 chamadas API
13:39:11 [INFO]   Proxima: 10:55 — aguardando 60s
13:40:11 [INFO] Fila: 66 aguardando | Cache: 0 bloqueados | Monitor odds: 0 | Monitor saida: 0 | ✅ 0 aprovados | 🔍 387 analisados | 📡 467 chamadas API
13:40:11 [INFO]   Proxima: 10:55 — aguardando 60s
13:41:11 [INFO] Fila: 66 aguardando | Cache: 0 bloqueados | Monitor odds: 0 | Monitor saida: 0 | ✅ 0 aprovados | 🔍 387 analisados | 📡 467 chamadas API
13:41:11 [INFO]   Proxima: 10:55 — aguardando 60s
13:42:11 [INFO] Fila: 66 aguardando | Cache: 0 bloqueados | Monitor odds: 0 | Monitor saida: 0 | ✅ 0 aprovados | 🔍 387 analisados | 📡 467 chamadas API
13:42:11 [INFO]   Proxima: 10:55 — aguardando 60s
13:43:11 [INFO] Fila: 66 aguardando | Cache: 0 bloqueados | Monitor odds: 0 | Monitor saida: 0 | ✅ 0 aprovados | 🔍 387 analisados | 📡 467 chamadas API
13:43:11 [INFO]   Proxima: 10:55 — aguardando 60s
13:44:11 [INFO] Fila: 66 aguardando | Cache: 0 bloqueados | Monitor odds: 0 | Monitor saida: 0 | ✅ 0 aprovados | 🔍 387 analisados | 📡 467 chamadas API
13:44:11 [INFO]   Proxima: 10:55 — aguardando 60s
13:45:11 [INFO] Fila: 66 aguardando | Cache: 0 bloqueados | Monitor odds: 0 | Monitor saida: 0 | ✅ 0 aprovados | 🔍 387 analisados | 📡 467 chamadas API
13:45:11 [INFO]   Proxima: 10:55 — aguardando 60s
13:46:11 [INFO] Fila: 66 aguardando | Cache: 0 bloqueados | Monitor odds: 0 | Monitor saida: 0 | ✅ 0 aprovados | 🔍 387 analisados | 📡 467 chamadas API
13:46:11 [INFO]   Proxima: 10:55 — aguardando 60s
13:47:11 [INFO] Fila: 66 aguardando | Cache: 0 bloqueados | Monitor odds: 0 | Monitor saida: 0 | ✅ 0 aprovados | 🔍 387 analisados | 📡 467 chamadas API
13:47:11 [INFO]   Proxima: 10:55 — aguardando 60s
13:48:11 [INFO] Fila: 66 aguardando | Cache: 0 bloqueados | Monitor odds: 0 | Monitor saida: 0 | ✅ 0 aprovados | 🔍 387 analisados | 📡 467 chamadas API
13:48:11 [INFO]   Proxima: 10:55 — aguardando 60s
13:49:11 [INFO] Fila: 66 aguardando | Cache: 0 bloqueados | Monitor odds: 0 | Monitor saida: 0 | ✅ 0 aprovados | 🔍 387 analisados | 📡 467 chamadas API
13:49:11 [INFO]   Proxima: 10:55 — aguardando 60s
13:50:11 [INFO] Fila: 66 aguardando | Cache: 0 bloqueados | Monitor odds: 0 | Monitor saida: 0 | ✅ 0 aprovados | 🔍 387 analisados | 📡 467 chamadas API
13:50:11 [INFO]   Proxima: 10:55 — aguardando 60s
13:51:11 [INFO] Fila: 66 aguardando | Cache: 0 bloqueados | Monitor odds: 0 | Monitor saida: 0 | ✅ 0 aprovados | 🔍 387 analisados | 📡 467 chamadas API
13:51:11 [INFO]   Proxima: 10:55 — aguardando 60s
13:52:11 [INFO] Fila: 66 aguardando | Cache: 0 bloqueados | Monitor odds: 0 | Monitor saida: 0 | ✅ 0 aprovados | 🔍 387 analisados | 📡 467 chamadas API
13:52:11 [INFO]   Proxima: 10:55 — aguardando 60s
13:53:11 [INFO] Fila: 66 aguardando | Cache: 0 bloqueados | Monitor odds: 0 | Monitor saida: 0 | ✅ 0 aprovados | 🔍 387 analisados | 📡 467 chamadas API
13:53:11 [INFO]   Proxima: 10:55 — aguardando 60s
13:54:11 [INFO] Fila: 66 aguardando | Cache: 0 bloqueados | Monitor odds: 0 | Monitor saida: 0 | ✅ 0 aprovados | 🔍 387 analisados | 📡 467 chamadas API
13:54:11 [INFO]   Proxima: 10:55 — aguardando 48s
13:55:00 [INFO] Fila: 66 aguardando | Cache: 0 bloqueados | Monitor odds: 0 | Monitor saida: 0 | ✅ 0 aprovados | 🔍 387 analisados | 📡 467 chamadas API
13:55:00 [INFO]   🔍 Punjab FC v Inter Kashi (11:00) | +4 min
13:55:00 [INFO]   ⛔ Sem mercados
13:55:00 [INFO]     -> Proxima: 11:00 (intervalo 5 min — 4 min p/ inicio)
13:55:00 [INFO] Fila: 66 aguardando | Cache: 0 bloqueados | Monitor odds: 0 | Monitor saida: 0 | ✅ 0 aprovados | 🔍 388 analisados | 📡 468 chamadas API
13:55:00 [INFO]   Proxima: 11:00 — aguardando 60s
13:56:00 [INFO] Fila: 66 aguardando | Cache: 0 bloqueados | Monitor odds: 0 | Monitor saida: 0 | ✅ 0 aprovados | 🔍 388 analisados | 📡 468 chamadas API
13:56:00 [INFO]   Proxima: 11:00 — aguardando 60s
13:57:00 [INFO] Fila: 66 aguardando | Cache: 0 bloqueados | Monitor odds: 0 | Monitor saida: 0 | ✅ 0 aprovados | 🔍 388 analisados | 📡 468 chamadas API
13:57:00 [INFO]   Proxima: 11:00 — aguardando 60s
13:58:00 [INFO] Fila: 66 aguardando | Cache: 0 bloqueados | Monitor odds: 0 | Monitor saida: 0 | ✅ 0 aprovados | 🔍 388 analisados | 📡 468 chamadas API
13:58:00 [INFO]   Proxima: 11:00 — aguardando 60s
13:59:00 [INFO] Fila: 66 aguardando | Cache: 0 bloqueados | Monitor odds: 0 | Monitor saida: 0 | ✅ 0 aprovados | 🔍 388 analisados | 📡 468 chamadas API
13:59:00 [INFO]   Proxima: 11:00 — aguardando 59s
14:00:00 [INFO] Fila: 66 aguardando | Cache: 0 bloqueados | Monitor odds: 0 | Monitor saida: 0 | ✅ 0 aprovados | 🔍 388 analisados | 📡 468 chamadas API
14:00:00 [INFO]   🔍 Punjab FC v Inter Kashi (11:00) | +0 min
14:00:00 [INFO]   ⛔ Sem mercados
14:00:00 [INFO]     -> Proxima: 11:05 (intervalo 5 min — 0 min p/ inicio)
14:00:00 [INFO] Fila: 66 aguardando | Cache: 0 bloqueados | Monitor odds: 0 | Monitor saida: 0 | ✅ 0 aprovados | 🔍 389 analisados | 📡 469 chamadas API
14:00:00 [INFO]   Proxima: 11:05 — aguardando 60s
14:01:00 [INFO] Fila: 66 aguardando | Cache: 0 bloqueados | Monitor odds: 0 | Monitor saida: 0 | ✅ 0 aprovados | 🔍 389 analisados | 📡 469 chamadas API
14:01:00 [INFO]   Proxima: 11:05 — aguardando 60s
14:02:00 [INFO] Fila: 66 aguardando | Cache: 0 bloqueados | Monitor odds: 0 | Monitor saida: 0 | ✅ 0 aprovados | 🔍 389 analisados | 📡 469 chamadas API
14:02:00 [INFO]   Proxima: 11:05 — aguardando 60s
14:03:00 [INFO] Fila: 66 aguardando | Cache: 0 bloqueados | Monitor odds: 0 | Monitor saida: 0 | ✅ 0 aprovados | 🔍 389 analisados | 📡 469 chamadas API
14:03:00 [INFO]   Proxima: 11:05 — aguardando 60s
14:04:00 [INFO] Fila: 66 aguardando | Cache: 0 bloqueados | Monitor odds: 0 | Monitor saida: 0 | ✅ 0 aprovados | 🔍 389 analisados | 📡 469 chamadas API
14:04:00 [INFO]   Proxima: 11:05 — aguardando 59s
14:05:00 [INFO] Fila: 66 aguardando | Cache: 0 bloqueados | Monitor odds: 0 | Monitor saida: 0 | ✅ 0 aprovados | 🔍 389 analisados | 📡 469 chamadas API
14:05:00 [INFO]   🔍 Punjab FC v Inter Kashi (11:00) | -5 min
14:05:00 [INFO]   ⛔ Sem mercados
14:05:00 [INFO]     Descartado: Punjab FC v Inter Kashi — Janela encerrada (+10 min)
14:05:00 [INFO]   Agendador: 1 jogos removidos da fila
14:05:00 [INFO] Fila: 65 aguardando | Cache: 0 bloqueados | Monitor odds: 0 | Monitor saida: 0 | ✅ 0 aprovados | 🔍 390 analisados | 📡 470 chamadas API
14:05:00 [INFO]   Proxima: 11:25 — aguardando 60s
14:06:00 [INFO] Fila: 65 aguardando | Cache: 0 bloqueados | Monitor odds: 0 | Monitor saida: 0 | ✅ 0 aprovados | 🔍 390 analisados | 📡 470 chamadas API
14:06:00 [INFO]   Proxima: 11:25 — aguardando 60s
14:07:00 [INFO] Fila: 65 aguardando | Cache: 0 bloqueados | Monitor odds: 0 | Monitor saida: 0 | ✅ 0 aprovados | 🔍 390 analisados | 📡 470 chamadas API
14:07:00 [INFO]   Proxima: 11:25 — aguardando 60s
14:08:00 [INFO] Fila: 65 aguardando | Cache: 0 bloqueados | Monitor odds: 0 | Monitor saida: 0 | ✅ 0 aprovados | 🔍 390 analisados | 📡 470 chamadas API
14:08:00 [INFO]   Proxima: 11:25 — aguardando 60s
14:09:00 [INFO] Fila: 65 aguardando | Cache: 0 bloqueados | Monitor odds: 0 | Monitor saida: 0 | ✅ 0 aprovados | 🔍 390 analisados | 📡 470 chamadas API
14:09:00 [INFO]   Proxima: 11:25 — aguardando 60s
14:10:00 [INFO] Fila: 65 aguardando | Cache: 0 bloqueados | Monitor odds: 0 | Monitor saida: 0 | ✅ 0 aprovados | 🔍 390 analisados | 📡 470 chamadas API
14:10:00 [INFO]   Proxima: 11:25 — aguardando 60s
14:11:00 [INFO] Fila: 65 aguardando | Cache: 0 bloqueados | Monitor odds: 0 | Monitor saida: 0 | ✅ 0 aprovados | 🔍 390 analisados | 📡 470 chamadas API
14:11:00 [INFO]   Proxima: 11:25 — aguardando 60s
14:12:00 [INFO] Fila: 65 aguardando | Cache: 0 bloqueados | Monitor odds: 0 | Monitor saida: 0 | ✅ 0 aprovados | 🔍 390 analisados | 📡 470 chamadas API
14:12:00 [INFO]   Proxima: 11:25 — aguardando 60s
14:13:00 [INFO] Fila: 65 aguardando | Cache: 0 bloqueados | Monitor odds: 0 | Monitor saida: 0 | ✅ 0 aprovados | 🔍 390 analisados | 📡 470 chamadas API
14:13:00 [INFO]   Proxima: 11:25 — aguardando 60s
14:14:00 [INFO] Fila: 65 aguardando | Cache: 0 bloqueados | Monitor odds: 0 | Monitor saida: 0 | ✅ 0 aprovados | 🔍 390 analisados | 📡 470 chamadas API
14:14:00 [INFO]   Proxima: 11:25 — aguardando 60s
14:15:00 [INFO] Fila: 65 aguardando | Cache: 0 bloqueados | Monitor odds: 0 | Monitor saida: 0 | ✅ 0 aprovados | 🔍 390 analisados | 📡 470 chamadas API
14:15:00 [INFO]   Proxima: 11:25 — aguardando 60s
14:16:00 [INFO] Fila: 65 aguardando | Cache: 0 bloqueados | Monitor odds: 0 | Monitor saida: 0 | ✅ 0 aprovados | 🔍 390 analisados | 📡 470 chamadas API
14:16:00 [INFO]   Proxima: 11:25 — aguardando 60s
14:17:00 [INFO] Fila: 65 aguardando | Cache: 0 bloqueados | Monitor odds: 0 | Monitor saida: 0 | ✅ 0 aprovados | 🔍 390 analisados | 📡 470 chamadas API
14:17:00 [INFO]   Proxima: 11:25 — aguardando 60s
14:18:00 [INFO] Fila: 65 aguardando | Cache: 0 bloqueados | Monitor odds: 0 | Monitor saida: 0 | ✅ 0 aprovados | 🔍 390 analisados | 📡 470 chamadas API
14:18:00 [INFO]   Proxima: 11:25 — aguardando 60s
14:19:00 [INFO] Fila: 65 aguardando | Cache: 0 bloqueados | Monitor odds: 0 | Monitor saida: 0 | ✅ 0 aprovados | 🔍 390 analisados | 📡 470 chamadas API
14:19:00 [INFO] Buscando lista de jogos do dia...
14:19:01 [WARNING] Nenhum jogo retornado pela API Betfair!
14:19:02 [INFO]   Proxima: 11:25 — aguardando 60s
14:20:02 [INFO] Fila: 65 aguardando | Cache: 0 bloqueados | Monitor odds: 0 | Monitor saida: 0 | ✅ 0 aprovados | 🔍 390 analisados | 📡 471 chamadas API
14:20:02 [INFO]   Proxima: 11:25 — aguardando 60s
14:21:02 [INFO] Fila: 65 aguardando | Cache: 0 bloqueados | Monitor odds: 0 | Monitor saida: 0 | ✅ 0 aprovados | 🔍 390 analisados | 📡 471 chamadas API
14:21:02 [INFO]   Proxima: 11:25 — aguardando 60s
14:22:02 [INFO] Fila: 65 aguardando | Cache: 0 bloqueados | Monitor odds: 0 | Monitor saida: 0 | ✅ 0 aprovados | 🔍 390 analisados | 📡 471 chamadas API
14:22:02 [INFO]   Proxima: 11:25 — aguardando 60s
14:23:02 [INFO] Fila: 65 aguardando | Cache: 0 bloqueados | Monitor odds: 0 | Monitor saida: 0 | ✅ 0 aprovados | 🔍 390 analisados | 📡 471 chamadas API
14:23:02 [INFO]   Proxima: 11:25 — aguardando 60s
14:24:02 [INFO] Fila: 65 aguardando | Cache: 0 bloqueados | Monitor odds: 0 | Monitor saida: 0 | ✅ 0 aprovados | 🔍 390 analisados | 📡 471 chamadas API
14:24:02 [INFO]   Proxima: 11:25 — aguardando 57s
14:25:00 [INFO] Fila: 65 aguardando | Cache: 0 bloqueados | Monitor odds: 0 | Monitor saida: 0 | ✅ 0 aprovados | 🔍 390 analisados | 📡 471 chamadas API
14:25:00 [INFO]   🔍 Botosani v FC Metaloglobus Bucuresti (11:30) | +4 min
14:25:00 [INFO]   ⛔ Sem mercados
14:25:00 [INFO]     -> Proxima: 11:30 (intervalo 5 min — 4 min p/ inicio)
14:25:00 [INFO] Fila: 65 aguardando | Cache: 0 bloqueados | Monitor odds: 0 | Monitor saida: 0 | ✅ 0 aprovados | 🔍 391 analisados | 📡 472 chamadas API
14:25:00 [INFO]   Proxima: 11:30 — aguardando 60s
14:26:00 [INFO] Fila: 65 aguardando | Cache: 0 bloqueados | Monitor odds: 0 | Monitor saida: 0 | ✅ 0 aprovados | 🔍 391 analisados | 📡 472 chamadas API
14:26:00 [INFO]   Proxima: 11:30 — aguardando 60s
14:27:00 [INFO] Fila: 65 aguardando | Cache: 0 bloqueados | Monitor odds: 0 | Monitor saida: 0 | ✅ 0 aprovados | 🔍 391 analisados | 📡 472 chamadas API
14:27:00 [INFO]   Proxima: 11:30 — aguardando 60s
14:28:00 [INFO] Fila: 65 aguardando | Cache: 0 bloqueados | Monitor odds: 0 | Monitor saida: 0 | ✅ 0 aprovados | 🔍 391 analisados | 📡 472 chamadas API
14:28:00 [INFO]   Proxima: 11:30 — aguardando 60s
14:29:00 [INFO] Fila: 65 aguardando | Cache: 0 bloqueados | Monitor odds: 0 | Monitor saida: 0 | ✅ 0 aprovados | 🔍 391 analisados | 📡 472 chamadas API
14:29:00 [INFO]   Proxima: 11:30 — aguardando 59s
14:30:00 [INFO] Fila: 65 aguardando | Cache: 0 bloqueados | Monitor odds: 0 | Monitor saida: 0 | ✅ 0 aprovados | 🔍 391 analisados | 📡 472 chamadas API
14:30:00 [INFO]   🔍 Botosani v FC Metaloglobus Bucuresti (11:30) | +0 min
14:30:00 [INFO]   ⛔ Sem mercados
14:30:00 [INFO]     -> Proxima: 11:35 (intervalo 5 min — 0 min p/ inicio)
14:30:00 [INFO] Fila: 65 aguardando | Cache: 0 bloqueados | Monitor odds: 0 | Monitor saida: 0 | ✅ 0 aprovados | 🔍 392 analisados | 📡 473 chamadas API
14:30:00 [INFO]   Proxima: 11:35 — aguardando 60s
14:31:00 [INFO] Fila: 65 aguardando | Cache: 0 bloqueados | Monitor odds: 0 | Monitor saida: 0 | ✅ 0 aprovados | 🔍 392 analisados | 📡 473 chamadas API
14:31:00 [INFO]   Proxima: 11:35 — aguardando 60s
14:32:00 [INFO] Fila: 65 aguardando | Cache: 0 bloqueados | Monitor odds: 0 | Monitor saida: 0 | ✅ 0 aprovados | 🔍 392 analisados | 📡 473 chamadas API
14:32:00 [INFO]   Proxima: 11:35 — aguardando 60s
14:33:00 [INFO] Fila: 65 aguardando | Cache: 0 bloqueados | Monitor odds: 0 | Monitor saida: 0 | ✅ 0 aprovados | 🔍 392 analisados | 📡 473 chamadas API
14:33:00 [INFO]   Proxima: 11:35 — aguardando 60s
14:34:00 [INFO] Fila: 65 aguardando | Cache: 0 bloqueados | Monitor odds: 0 | Monitor saida: 0 | ✅ 0 aprovados | 🔍 392 analisados | 📡 473 chamadas API
14:34:00 [INFO]   Proxima: 11:35 — aguardando 59s
14:35:00 [INFO] Fila: 65 aguardando | Cache: 0 bloqueados | Monitor odds: 0 | Monitor saida: 0 | ✅ 0 aprovados | 🔍 392 analisados | 📡 473 chamadas API
14:35:00 [INFO]   🔍 Botosani v FC Metaloglobus Bucuresti (11:30) | -5 min
14:35:00 [INFO]   ⛔ Sem mercados
14:35:00 [INFO]     Descartado: Botosani v FC Metaloglobus Bucuresti — Janela encerrada (+10 min)
14:35:00 [INFO]   Agendador: 1 jogos removidos da fila
14:35:00 [INFO] Fila: 64 aguardando | Cache: 0 bloqueados | Monitor odds: 0 | Monitor saida: 0 | ✅ 0 aprovados | 🔍 393 analisados | 📡 474 chamadas API
14:35:00 [INFO]   Proxima: 11:55 — aguardando 60s
14:36:00 [INFO] Fila: 64 aguardando | Cache: 0 bloqueados | Monitor odds: 0 | Monitor saida: 0 | ✅ 0 aprovados | 🔍 393 analisados | 📡 474 chamadas API
14:36:00 [INFO]   Proxima: 11:55 — aguardando 60s
14:37:00 [INFO] Fila: 64 aguardando | Cache: 0 bloqueados | Monitor odds: 0 | Monitor saida: 0 | ✅ 0 aprovados | 🔍 393 analisados | 📡 474 chamadas API
14:37:00 [INFO]   Proxima: 11:55 — aguardando 60s
14:38:00 [INFO] Fila: 64 aguardando | Cache: 0 bloqueados | Monitor odds: 0 | Monitor saida: 0 | ✅ 0 aprovados | 🔍 393 analisados | 📡 474 chamadas API
14:38:00 [INFO]   Proxima: 11:55 — aguardando 60s
14:39:00 [INFO] Fila: 64 aguardando | Cache: 0 bloqueados | Monitor odds: 0 | Monitor saida: 0 | ✅ 0 aprovados | 🔍 393 analisados | 📡 474 chamadas API
14:39:00 [INFO]   Proxima: 11:55 — aguardando 60s
14:40:00 [INFO] Fila: 64 aguardando | Cache: 0 bloqueados | Monitor odds: 0 | Monitor saida: 0 | ✅ 0 aprovados | 🔍 393 analisados | 📡 474 chamadas API
14:40:00 [INFO]   Proxima: 11:55 — aguardando 60s
14:41:00 [INFO] Fila: 64 aguardando | Cache: 0 bloqueados | Monitor odds: 0 | Monitor saida: 0 | ✅ 0 aprovados | 🔍 393 analisados | 📡 474 chamadas API
14:41:00 [INFO]   Proxima: 11:55 — aguardando 60s
14:42:00 [INFO] Fila: 64 aguardando | Cache: 0 bloqueados | Monitor odds: 0 | Monitor saida: 0 | ✅ 0 aprovados | 🔍 393 analisados | 📡 474 chamadas API
14:42:00 [INFO]   Proxima: 11:55 — aguardando 60s
14:43:00 [INFO] Fila: 64 aguardando | Cache: 0 bloqueados | Monitor odds: 0 | Monitor saida: 0 | ✅ 0 aprovados | 🔍 393 analisados | 📡 474 chamadas API
14:43:00 [INFO]   Proxima: 11:55 — aguardando 60s
14:44:00 [INFO] Fila: 64 aguardando | Cache: 0 bloqueados | Monitor odds: 0 | Monitor saida: 0 | ✅ 0 aprovados | 🔍 393 analisados | 📡 474 chamadas API
14:44:00 [INFO]   Proxima: 11:55 — aguardando 60s
14:45:00 [INFO] Fila: 64 aguardando | Cache: 0 bloqueados | Monitor odds: 0 | Monitor saida: 0 | ✅ 0 aprovados | 🔍 393 analisados | 📡 474 chamadas API
14:45:00 [INFO]   Proxima: 11:55 — aguardando 60s
14:46:00 [INFO] Fila: 64 aguardando | Cache: 0 bloqueados | Monitor odds: 0 | Monitor saida: 0 | ✅ 0 aprovados | 🔍 393 analisados | 📡 474 chamadas API
14:46:00 [INFO]   Proxima: 11:55 — aguardando 60s
14:47:00 [INFO] Fila: 64 aguardando | Cache: 0 bloqueados | Monitor odds: 0 | Monitor saida: 0 | ✅ 0 aprovados | 🔍 393 analisados | 📡 474 chamadas API
14:47:00 [INFO]   Proxima: 11:55 — aguardando 60s
14:48:00 [INFO] Fila: 64 aguardando | Cache: 0 bloqueados | Monitor odds: 0 | Monitor saida: 0 | ✅ 0 aprovados | 🔍 393 analisados | 📡 474 chamadas API
14:48:00 [INFO]   Proxima: 11:55 — aguardando 60s
14:49:00 [INFO] Fila: 64 aguardando | Cache: 0 bloqueados | Monitor odds: 0 | Monitor saida: 0 | ✅ 0 aprovados | 🔍 393 analisados | 📡 474 chamadas API
14:49:00 [INFO]   Proxima: 11:55 — aguardando 60s
14:50:00 [INFO] Fila: 64 aguardando | Cache: 0 bloqueados | Monitor odds: 0 | Monitor saida: 0 | ✅ 0 aprovados | 🔍 393 analisados | 📡 474 chamadas API
14:50:00 [INFO]   Proxima: 11:55 — aguardando 60s
14:51:00 [INFO] Fila: 64 aguardando | Cache: 0 bloqueados | Monitor odds: 0 | Monitor saida: 0 | ✅ 0 aprovados | 🔍 393 analisados | 📡 474 chamadas API
14:51:00 [INFO]   Proxima: 11:55 — aguardando 60s
14:52:00 [INFO] Fila: 64 aguardando | Cache: 0 bloqueados | Monitor odds: 0 | Monitor saida: 0 | ✅ 0 aprovados | 🔍 393 analisados | 📡 474 chamadas API
14:52:00 [INFO]   Proxima: 11:55 — aguardando 60s
14:53:00 [INFO] Fila: 64 aguardando | Cache: 0 bloqueados | Monitor odds: 0 | Monitor saida: 0 | ✅ 0 aprovados | 🔍 393 analisados | 📡 474 chamadas API
14:53:00 [INFO]   Proxima: 11:55 — aguardando 60s
14:54:00 [INFO] Fila: 64 aguardando | Cache: 0 bloqueados | Monitor odds: 0 | Monitor saida: 0 | ✅ 0 aprovados | 🔍 393 analisados | 📡 474 chamadas API
14:54:00 [INFO]   Proxima: 11:55 — aguardando 59s
14:55:00 [INFO] Fila: 64 aguardando | Cache: 0 bloqueados | Monitor odds: 0 | Monitor saida: 0 | ✅ 0 aprovados | 🔍 393 analisados | 📡 474 chamadas API
14:55:00 [INFO]   🔍 SK Artis Brno v MAS Taborsko (12:00) | +4 min
14:55:00 [INFO]   ⛔ Sem mercados
14:55:00 [INFO]     -> Proxima: 12:00 (intervalo 5 min — 4 min p/ inicio)
14:55:00 [INFO]   🔍 FC Shirak v Ararat Armenia (12:00) | +4 min
14:55:00 [INFO]   ⛔ Sem mercados
14:55:00 [INFO]     -> Proxima: 12:00 (intervalo 5 min — 4 min p/ inicio)
14:55:00 [INFO]   🔍 Shakhtar v Polissya Zhytomyr (12:00) | +4 min
14:55:00 [INFO]   ⛔ Sem mercados
14:55:00 [INFO]     -> Proxima: 12:00 (intervalo 5 min — 4 min p/ inicio)
14:55:00 [INFO]   🔍 Fauve Azur Elite v Panthere Sportive du Nde (12:00) | +4 min
14:55:01 [INFO]   ⛔ Sem mercados
14:55:01 [INFO]     -> Proxima: 12:00 (intervalo 5 min — 4 min p/ inicio)
14:55:01 [INFO] Fila: 64 aguardando | Cache: 0 bloqueados | Monitor odds: 0 | Monitor saida: 0 | ✅ 0 aprovados | 🔍 397 analisados | 📡 478 chamadas API
14:55:01 [INFO]   Proxima: 12:00 — aguardando 60s
14:56:01 [INFO] Fila: 64 aguardando | Cache: 0 bloqueados | Monitor odds: 0 | Monitor saida: 0 | ✅ 0 aprovados | 🔍 397 analisados | 📡 478 chamadas API
14:56:01 [INFO]   Proxima: 12:00 — aguardando 60s
14:57:01 [INFO] Fila: 64 aguardando | Cache: 0 bloqueados | Monitor odds: 0 | Monitor saida: 0 | ✅ 0 aprovados | 🔍 397 analisados | 📡 478 chamadas API
14:57:01 [INFO]   Proxima: 12:00 — aguardando 60s
14:58:01 [INFO] Fila: 64 aguardando | Cache: 0 bloqueados | Monitor odds: 0 | Monitor saida: 0 | ✅ 0 aprovados | 🔍 397 analisados | 📡 478 chamadas API
14:58:01 [INFO]   Proxima: 12:00 — aguardando 60s
14:59:01 [INFO] Fila: 64 aguardando | Cache: 0 bloqueados | Monitor odds: 0 | Monitor saida: 0 | ✅ 0 aprovados | 🔍 397 analisados | 📡 478 chamadas API
14:59:01 [INFO]   Proxima: 12:00 — aguardando 59s
15:00:00 [INFO] Fila: 64 aguardando | Cache: 0 bloqueados | Monitor odds: 0 | Monitor saida: 0 | ✅ 0 aprovados | 🔍 397 analisados | 📡 478 chamadas API
15:00:00 [INFO]   🔍 SK Artis Brno v MAS Taborsko (12:00) | +0 min
15:00:00 [INFO]   ⛔ Sem mercados
15:00:00 [INFO]     -> Proxima: 12:05 (intervalo 5 min — 0 min p/ inicio)
15:00:00 [INFO] Fila: 64 aguardando | Cache: 0 bloqueados | Monitor odds: 0 | Monitor saida: 0 | ✅ 0 aprovados | 🔍 398 analisados | 📡 479 chamadas API
15:00:00 [INFO]   🔍 FC Shirak v Ararat Armenia (12:00) | +0 min
15:00:00 [INFO]   ⛔ Sem mercados
15:00:00 [INFO]     -> Proxima: 12:05 (intervalo 5 min — 0 min p/ inicio)
15:00:00 [INFO] Fila: 64 aguardando | Cache: 0 bloqueados | Monitor odds: 0 | Monitor saida: 0 | ✅ 0 aprovados | 🔍 399 analisados | 📡 480 chamadas API
15:00:00 [INFO]   🔍 Shakhtar v Polissya Zhytomyr (12:00) | +0 min
15:00:01 [INFO]   ⛔ Sem mercados
15:00:01 [INFO]     -> Proxima: 12:05 (intervalo 5 min — 0 min p/ inicio)
15:00:01 [INFO] Fila: 64 aguardando | Cache: 0 bloqueados | Monitor odds: 0 | Monitor saida: 0 | ✅ 0 aprovados | 🔍 400 analisados | 📡 481 chamadas API
15:00:01 [INFO]   🔍 Fauve Azur Elite v Panthere Sportive du Nde (12:00) | +0 min
15:00:01 [INFO]   ⛔ Sem mercados
15:00:01 [INFO]     -> Proxima: 12:05 (intervalo 5 min — 0 min p/ inicio)
15:00:01 [INFO] Fila: 64 aguardando | Cache: 0 bloqueados | Monitor odds: 0 | Monitor saida: 0 | ✅ 0 aprovados | 🔍 401 analisados | 📡 482 chamadas API
15:00:01 [INFO]   Proxima: 12:05 — aguardando 60s
15:01:01 [INFO] Fila: 64 aguardando | Cache: 0 bloqueados | Monitor odds: 0 | Monitor saida: 0 | ✅ 0 aprovados | 🔍 401 analisados | 📡 482 chamadas API
15:01:01 [INFO]   Proxima: 12:05 — aguardando 60s
15:02:01 [INFO] Fila: 64 aguardando | Cache: 0 bloqueados | Monitor odds: 0 | Monitor saida: 0 | ✅ 0 aprovados | 🔍 401 analisados | 📡 482 chamadas API
15:02:01 [INFO]   Proxima: 12:05 — aguardando 60s
15:03:01 [INFO] Fila: 64 aguardando | Cache: 0 bloqueados | Monitor odds: 0 | Monitor saida: 0 | ✅ 0 aprovados | 🔍 401 analisados | 📡 482 chamadas API
15:03:01 [INFO]   Proxima: 12:05 — aguardando 60s
15:04:01 [INFO] Fila: 64 aguardando | Cache: 0 bloqueados | Monitor odds: 0 | Monitor saida: 0 | ✅ 0 aprovados | 🔍 401 analisados | 📡 482 chamadas API
15:04:01 [INFO]   Proxima: 12:05 — aguardando 59s
15:05:00 [INFO] Fila: 64 aguardando | Cache: 0 bloqueados | Monitor odds: 0 | Monitor saida: 0 | ✅ 0 aprovados | 🔍 401 analisados | 📡 482 chamadas API
15:05:00 [INFO]   🔍 SK Artis Brno v MAS Taborsko (12:00) | -5 min
15:05:00 [INFO]   ⛔ Sem mercados
15:05:00 [INFO]     Descartado: SK Artis Brno v MAS Taborsko — Janela encerrada (+10 min)
15:05:00 [INFO]   Agendador: 1 jogos removidos da fila
15:05:00 [INFO] Fila: 63 aguardando | Cache: 0 bloqueados | Monitor odds: 0 | Monitor saida: 0 | ✅ 0 aprovados | 🔍 402 analisados | 📡 483 chamadas API
15:05:00 [INFO]   Proxima: 12:05 — aguardando 10s
15:05:10 [INFO] Fila: 63 aguardando | Cache: 0 bloqueados | Monitor odds: 0 | Monitor saida: 0 | ✅ 0 aprovados | 🔍 402 analisados | 📡 483 chamadas API
15:05:10 [INFO]   🔍 FC Shirak v Ararat Armenia (12:00) | -5 min
15:05:11 [INFO]   ⛔ Sem mercados
15:05:11 [INFO]     Descartado: FC Shirak v Ararat Armenia — Janela encerrada (+10 min)
15:05:11 [INFO]   🔍 Shakhtar v Polissya Zhytomyr (12:00) | -5 min
15:05:11 [INFO]   ⛔ Sem mercados
15:05:11 [INFO]     Descartado: Shakhtar v Polissya Zhytomyr — Janela encerrada (+10 min)
15:05:11 [INFO]   🔍 Fauve Azur Elite v Panthere Sportive du Nde (12:00) | -5 min
15:05:11 [INFO]   ⛔ Sem mercados
15:05:11 [INFO]     Descartado: Fauve Azur Elite v Panthere Sportive du Nde — Janela encerrada (+10 min)
15:05:11 [INFO]   Agendador: 3 jogos removidos da fila
15:05:11 [INFO] Fila: 60 aguardando | Cache: 0 bloqueados | Monitor odds: 0 | Monitor saida: 0 | ✅ 0 aprovados | 🔍 405 analisados | 📡 486 chamadas API
15:05:11 [INFO]   Proxima: 12:25 — aguardando 60s
15:06:11 [INFO] Fila: 60 aguardando | Cache: 0 bloqueados | Monitor odds: 0 | Monitor saida: 0 | ✅ 0 aprovados | 🔍 405 analisados | 📡 486 chamadas API
15:06:11 [INFO]   Proxima: 12:25 — aguardando 60s
15:07:11 [INFO] Fila: 60 aguardando | Cache: 0 bloqueados | Monitor odds: 0 | Monitor saida: 0 | ✅ 0 aprovados | 🔍 405 analisados | 📡 486 chamadas API
15:07:11 [INFO]   Proxima: 12:25 — aguardando 60s
15:08:11 [INFO] Fila: 60 aguardando | Cache: 0 bloqueados | Monitor odds: 0 | Monitor saida: 0 | ✅ 0 aprovados | 🔍 405 analisados | 📡 486 chamadas API
15:08:11 [INFO]   Proxima: 12:25 — aguardando 60s
15:09:11 [INFO] Fila: 60 aguardando | Cache: 0 bloqueados | Monitor odds: 0 | Monitor saida: 0 | ✅ 0 aprovados | 🔍 405 analisados | 📡 486 chamadas API
15:09:11 [INFO]   Proxima: 12:25 — aguardando 60s
15:10:11 [INFO] Fila: 60 aguardando | Cache: 0 bloqueados | Monitor odds: 0 | Monitor saida: 0 | ✅ 0 aprovados | 🔍 405 analisados | 📡 486 chamadas API
15:10:11 [INFO]   Proxima: 12:25 — aguardando 60s
15:11:11 [INFO] Fila: 60 aguardando | Cache: 0 bloqueados | Monitor odds: 0 | Monitor saida: 0 | ✅ 0 aprovados | 🔍 405 analisados | 📡 486 chamadas API
15:11:11 [INFO]   Proxima: 12:25 — aguardando 60s
15:12:11 [INFO] Fila: 60 aguardando | Cache: 0 bloqueados | Monitor odds: 0 | Monitor saida: 0 | ✅ 0 aprovados | 🔍 405 analisados | 📡 486 chamadas API
15:12:11 [INFO]   Proxima: 12:25 — aguardando 60s
15:13:11 [INFO] Fila: 60 aguardando | Cache: 0 bloqueados | Monitor odds: 0 | Monitor saida: 0 | ✅ 0 aprovados | 🔍 405 analisados | 📡 486 chamadas API
15:13:11 [INFO]   Proxima: 12:25 — aguardando 60s
15:14:11 [INFO] Fila: 60 aguardando | Cache: 0 bloqueados | Monitor odds: 0 | Monitor saida: 0 | ✅ 0 aprovados | 🔍 405 analisados | 📡 486 chamadas API
15:14:11 [INFO]   Proxima: 12:25 — aguardando 60s
15:15:11 [INFO] Fila: 60 aguardando | Cache: 0 bloqueados | Monitor odds: 0 | Monitor saida: 0 | ✅ 0 aprovados | 🔍 405 analisados | 📡 486 chamadas API
15:15:11 [INFO]   Proxima: 12:25 — aguardando 60s
15:16:11 [INFO] Fila: 60 aguardando | Cache: 0 bloqueados | Monitor odds: 0 | Monitor saida: 0 | ✅ 0 aprovados | 🔍 405 analisados | 📡 486 chamadas API
15:16:11 [INFO]   Proxima: 12:25 — aguardando 60s
15:17:11 [INFO] Fila: 60 aguardando | Cache: 0 bloqueados | Monitor odds: 0 | Monitor saida: 0 | ✅ 0 aprovados | 🔍 405 analisados | 📡 486 chamadas API
15:17:11 [INFO]   Proxima: 12:25 — aguardando 60s
15:18:11 [INFO] Fila: 60 aguardando | Cache: 0 bloqueados | Monitor odds: 0 | Monitor saida: 0 | ✅ 0 aprovados | 🔍 405 analisados | 📡 486 chamadas API
15:18:11 [INFO]   Proxima: 12:25 — aguardando 60s
15:19:11 [INFO] Fila: 60 aguardando | Cache: 0 bloqueados | Monitor odds: 0 | Monitor saida: 0 | ✅ 0 aprovados | 🔍 405 analisados | 📡 486 chamadas API
15:19:11 [INFO] Buscando lista de jogos do dia...
15:19:11 [WARNING] Nenhum jogo retornado pela API Betfair!
15:19:12 [INFO]   Proxima: 12:25 — aguardando 60s
15:20:12 [INFO] Fila: 60 aguardando | Cache: 0 bloqueados | Monitor odds: 0 | Monitor saida: 0 | ✅ 0 aprovados | 🔍 405 analisados | 📡 487 chamadas API
15:20:12 [INFO]   Proxima: 12:25 — aguardando 60s
15:21:12 [INFO] Fila: 60 aguardando | Cache: 0 bloqueados | Monitor odds: 0 | Monitor saida: 0 | ✅ 0 aprovados | 🔍 405 analisados | 📡 487 chamadas API
15:21:12 [INFO]   Proxima: 12:25 — aguardando 60s
15:22:12 [INFO] Fila: 60 aguardando | Cache: 0 bloqueados | Monitor odds: 0 | Monitor saida: 0 | ✅ 0 aprovados | 🔍 405 analisados | 📡 487 chamadas API
15:22:12 [INFO]   Proxima: 12:25 — aguardando 60s
15:23:12 [INFO] Fila: 60 aguardando | Cache: 0 bloqueados | Monitor odds: 0 | Monitor saida: 0 | ✅ 0 aprovados | 🔍 405 analisados | 📡 487 chamadas API
15:23:12 [INFO]   Proxima: 12:25 — aguardando 60s
15:24:12 [INFO] Fila: 60 aguardando | Cache: 0 bloqueados | Monitor odds: 0 | Monitor saida: 0 | ✅ 0 aprovados | 🔍 405 analisados | 📡 487 chamadas API
15:24:12 [INFO]   Proxima: 12:25 — aguardando 47s
15:25:00 [INFO] Fila: 60 aguardando | Cache: 0 bloqueados | Monitor odds: 0 | Monitor saida: 0 | ✅ 0 aprovados | 🔍 405 analisados | 📡 487 chamadas API
15:25:00 [INFO]   🔍 KPV v FC Jazz (12:30) | +4 min
15:25:00 [INFO]   ⛔ Sem mercados
15:25:00 [INFO]     -> Proxima: 12:30 (intervalo 5 min — 4 min p/ inicio)
15:25:00 [INFO] Fila: 60 aguardando | Cache: 0 bloqueados | Monitor odds: 0 | Monitor saida: 0 | ✅ 0 aprovados | 🔍 406 analisados | 📡 488 chamadas API
15:25:00 [INFO]   Proxima: 12:30 — aguardando 60s
15:26:00 [INFO] Fila: 60 aguardando | Cache: 0 bloqueados | Monitor odds: 0 | Monitor saida: 0 | ✅ 0 aprovados | 🔍 406 analisados | 📡 488 chamadas API
15:26:00 [INFO]   Proxima: 12:30 — aguardando 60s
15:27:00 [INFO] Fila: 60 aguardando | Cache: 0 bloqueados | Monitor odds: 0 | Monitor saida: 0 | ✅ 0 aprovados | 🔍 406 analisados | 📡 488 chamadas API
15:27:00 [INFO]   Proxima: 12:30 — aguardando 60s
15:28:00 [INFO] Fila: 60 aguardando | Cache: 0 bloqueados | Monitor odds: 0 | Monitor saida: 0 | ✅ 0 aprovados | 🔍 406 analisados | 📡 488 chamadas API
15:28:00 [INFO]   Proxima: 12:30 — aguardando 60s
15:29:00 [INFO] Fila: 60 aguardando | Cache: 0 bloqueados | Monitor odds: 0 | Monitor saida: 0 | ✅ 0 aprovados | 🔍 406 analisados | 📡 488 chamadas API
15:29:00 [INFO]   Proxima: 12:30 — aguardando 59s
15:30:00 [INFO] Fila: 60 aguardando | Cache: 0 bloqueados | Monitor odds: 0 | Monitor saida: 0 | ✅ 0 aprovados | 🔍 406 analisados | 📡 488 chamadas API
15:30:00 [INFO]   🔍 KPV v FC Jazz (12:30) | +0 min
15:30:00 [INFO]   ⛔ Sem mercados
15:30:00 [INFO]     -> Proxima: 12:35 (intervalo 5 min — 0 min p/ inicio)
15:30:00 [INFO] Fila: 60 aguardando | Cache: 0 bloqueados | Monitor odds: 0 | Monitor saida: 0 | ✅ 0 aprovados | 🔍 407 analisados | 📡 489 chamadas API
15:30:00 [INFO]   Proxima: 12:35 — aguardando 60s
15:31:00 [INFO] Fila: 60 aguardando | Cache: 0 bloqueados | Monitor odds: 0 | Monitor saida: 0 | ✅ 0 aprovados | 🔍 407 analisados | 📡 489 chamadas API
15:31:00 [INFO]   Proxima: 12:35 — aguardando 60s
15:32:00 [INFO] Fila: 60 aguardando | Cache: 0 bloqueados | Monitor odds: 0 | Monitor saida: 0 | ✅ 0 aprovados | 🔍 407 analisados | 📡 489 chamadas API
15:32:00 [INFO]   Proxima: 12:35 — aguardando 60s
15:33:00 [INFO] Fila: 60 aguardando | Cache: 0 bloqueados | Monitor odds: 0 | Monitor saida: 0 | ✅ 0 aprovados | 🔍 407 analisados | 📡 489 chamadas API
15:33:00 [INFO]   Proxima: 12:35 — aguardando 60s
15:34:00 [INFO] Fila: 60 aguardando | Cache: 0 bloqueados | Monitor odds: 0 | Monitor saida: 0 | ✅ 0 aprovados | 🔍 407 analisados | 📡 489 chamadas API
15:34:00 [INFO]   Proxima: 12:35 — aguardando 59s
15:35:00 [INFO] Fila: 60 aguardando | Cache: 0 bloqueados | Monitor odds: 0 | Monitor saida: 0 | ✅ 0 aprovados | 🔍 407 analisados | 📡 489 chamadas API
15:35:00 [INFO]   🔍 KPV v FC Jazz (12:30) | -5 min
15:35:00 [INFO]   ⛔ Sem mercados
15:35:00 [INFO]     Descartado: KPV v FC Jazz — Janela encerrada (+10 min)
15:35:00 [INFO]   Agendador: 1 jogos removidos da fila
15:35:00 [INFO] Fila: 59 aguardando | Cache: 0 bloqueados | Monitor odds: 0 | Monitor saida: 0 | ✅ 0 aprovados | 🔍 408 analisados | 📡 490 chamadas API
15:35:00 [INFO]   Proxima: 12:40 — aguardando 60s
15:36:00 [INFO] Fila: 59 aguardando | Cache: 0 bloqueados | Monitor odds: 0 | Monitor saida: 0 | ✅ 0 aprovados | 🔍 408 analisados | 📡 490 chamadas API
15:36:00 [INFO]   Proxima: 12:40 — aguardando 60s
15:37:00 [INFO] Fila: 59 aguardando | Cache: 0 bloqueados | Monitor odds: 0 | Monitor saida: 0 | ✅ 0 aprovados | 🔍 408 analisados | 📡 490 chamadas API
15:37:00 [INFO]   Proxima: 12:40 — aguardando 60s
15:38:00 [INFO] Fila: 59 aguardando | Cache: 0 bloqueados | Monitor odds: 0 | Monitor saida: 0 | ✅ 0 aprovados | 🔍 408 analisados | 📡 490 chamadas API
15:38:00 [INFO]   Proxima: 12:40 — aguardando 60s
15:39:00 [INFO] Fila: 59 aguardando | Cache: 0 bloqueados | Monitor odds: 0 | Monitor saida: 0 | ✅ 0 aprovados | 🔍 408 analisados | 📡 490 chamadas API
15:39:00 [INFO]   Proxima: 12:40 — aguardando 59s
15:40:00 [INFO] Fila: 59 aguardando | Cache: 0 bloqueados | Monitor odds: 0 | Monitor saida: 0 | ✅ 0 aprovados | 🔍 408 analisados | 📡 490 chamadas API
15:40:00 [INFO]   🔍 Al-Adalh v Al-Jndal (12:45) | +4 min
15:40:00 [INFO]   ⛔ Sem mercados
15:40:00 [INFO]     -> Proxima: 12:45 (intervalo 5 min — 4 min p/ inicio)
15:40:00 [INFO]   🔍 Al Jubail v Al-Wahda (KSA) (12:45) | +4 min
15:40:00 [INFO]   ⛔ Sem mercados
15:40:00 [INFO]     -> Proxima: 12:45 (intervalo 5 min — 4 min p/ inicio)
15:40:00 [INFO] Fila: 59 aguardando | Cache: 0 bloqueados | Monitor odds: 0 | Monitor saida: 0 | ✅ 0 aprovados | 🔍 410 analisados | 📡 492 chamadas API
15:40:00 [INFO]   Proxima: 12:45 — aguardando 60s
15:41:00 [INFO] Fila: 59 aguardando | Cache: 0 bloqueados | Monitor odds: 0 | Monitor saida: 0 | ✅ 0 aprovados | 🔍 410 analisados | 📡 492 chamadas API
15:41:00 [INFO]   Proxima: 12:45 — aguardando 60s
15:42:00 [INFO] Fila: 59 aguardando | Cache: 0 bloqueados | Monitor odds: 0 | Monitor saida: 0 | ✅ 0 aprovados | 🔍 410 analisados | 📡 492 chamadas API
15:42:00 [INFO]   Proxima: 12:45 — aguardando 60s
15:43:00 [INFO] Fila: 59 aguardando | Cache: 0 bloqueados | Monitor odds: 0 | Monitor saida: 0 | ✅ 0 aprovados | 🔍 410 analisados | 📡 492 chamadas API
15:43:00 [INFO]   Proxima: 12:45 — aguardando 60s
15:44:00 [INFO] Fila: 59 aguardando | Cache: 0 bloqueados | Monitor odds: 0 | Monitor saida: 0 | ✅ 0 aprovados | 🔍 410 analisados | 📡 492 chamadas API
15:44:00 [INFO]   Proxima: 12:45 — aguardando 59s
15:45:00 [INFO] Fila: 59 aguardando | Cache: 0 bloqueados | Monitor odds: 0 | Monitor saida: 0 | ✅ 0 aprovados | 🔍 410 analisados | 📡 492 chamadas API
15:45:00 [INFO]   🔍 Al-Adalh v Al-Jndal (12:45) | +0 min
15:45:00 [INFO]   ⛔ Sem mercados
15:45:00 [INFO]     -> Proxima: 12:50 (intervalo 5 min — 0 min p/ inicio)
15:45:00 [INFO] Fila: 59 aguardando | Cache: 0 bloqueados | Monitor odds: 0 | Monitor saida: 0 | ✅ 0 aprovados | 🔍 411 analisados | 📡 493 chamadas API
15:45:00 [INFO]   🔍 Al Jubail v Al-Wahda (KSA) (12:45) | +0 min
15:45:00 [INFO]   ⛔ Sem mercados
15:45:00 [INFO]     -> Proxima: 12:50 (intervalo 5 min — 0 min p/ inicio)
15:45:00 [INFO] Fila: 59 aguardando | Cache: 0 bloqueados | Monitor odds: 0 | Monitor saida: 0 | ✅ 0 aprovados | 🔍 412 analisados | 📡 494 chamadas API
15:45:00 [INFO]   Proxima: 12:50 — aguardando 60s
15:46:00 [INFO] Fila: 59 aguardando | Cache: 0 bloqueados | Monitor odds: 0 | Monitor saida: 0 | ✅ 0 aprovados | 🔍 412 analisados | 📡 494 chamadas API
15:46:00 [INFO]   Proxima: 12:50 — aguardando 60s
15:47:00 [INFO] Fila: 59 aguardando | Cache: 0 bloqueados | Monitor odds: 0 | Monitor saida: 0 | ✅ 0 aprovados | 🔍 412 analisados | 📡 494 chamadas API
15:47:00 [INFO]   Proxima: 12:50 — aguardando 60s
15:48:00 [INFO] Fila: 59 aguardando | Cache: 0 bloqueados | Monitor odds: 0 | Monitor saida: 0 | ✅ 0 aprovados | 🔍 412 analisados | 📡 494 chamadas API
15:48:00 [INFO]   Proxima: 12:50 — aguardando 60s
15:49:00 [INFO] Fila: 59 aguardando | Cache: 0 bloqueados | Monitor odds: 0 | Monitor saida: 0 | ✅ 0 aprovados | 🔍 412 analisados | 📡 494 chamadas API
15:49:00 [INFO]   Proxima: 12:50 — aguardando 59s
15:50:00 [INFO] Fila: 59 aguardando | Cache: 0 bloqueados | Monitor odds: 0 | Monitor saida: 0 | ✅ 0 aprovados | 🔍 412 analisados | 📡 494 chamadas API
15:50:00 [INFO]   🔍 Al-Adalh v Al-Jndal (12:45) | -5 min
15:50:00 [INFO]   ⛔ Sem mercados
15:50:00 [INFO]     Descartado: Al-Adalh v Al-Jndal — Janela encerrada (+10 min)
15:50:00 [INFO]   Agendador: 1 jogos removidos da fila
15:50:00 [INFO] Fila: 58 aguardando | Cache: 0 bloqueados | Monitor odds: 0 | Monitor saida: 0 | ✅ 0 aprovados | 🔍 413 analisados | 📡 495 chamadas API
15:50:00 [INFO]   Proxima: 12:50 — aguardando 10s
15:50:10 [INFO] Fila: 58 aguardando | Cache: 0 bloqueados | Monitor odds: 0 | Monitor saida: 0 | ✅ 0 aprovados | 🔍 413 analisados | 📡 495 chamadas API
15:50:10 [INFO]   🔍 Al Jubail v Al-Wahda (KSA) (12:45) | -5 min
15:50:11 [INFO]   ⛔ Sem mercados
15:50:11 [INFO]     Descartado: Al Jubail v Al-Wahda (KSA) — Janela encerrada (+10 min)
15:50:11 [INFO]   Agendador: 1 jogos removidos da fila
15:50:11 [INFO] Fila: 57 aguardando | Cache: 0 bloqueados | Monitor odds: 0 | Monitor saida: 0 | ✅ 0 aprovados | 🔍 414 analisados | 📡 496 chamadas API
15:50:11 [INFO]   Proxima: 12:55 — aguardando 60s
15:51:11 [INFO] Fila: 57 aguardando | Cache: 0 bloqueados | Monitor odds: 0 | Monitor saida: 0 | ✅ 0 aprovados | 🔍 414 analisados | 📡 496 chamadas API
15:51:11 [INFO]   Proxima: 12:55 — aguardando 60s
15:52:11 [INFO] Fila: 57 aguardando | Cache: 0 bloqueados | Monitor odds: 0 | Monitor saida: 0 | ✅ 0 aprovados | 🔍 414 analisados | 📡 496 chamadas API
15:52:11 [INFO]   Proxima: 12:55 — aguardando 60s
15:53:11 [INFO] Fila: 57 aguardando | Cache: 0 bloqueados | Monitor odds: 0 | Monitor saida: 0 | ✅ 0 aprovados | 🔍 414 analisados | 📡 496 chamadas API
15:53:11 [INFO]   Proxima: 12:55 — aguardando 60s
15:54:11 [INFO] Fila: 57 aguardando | Cache: 0 bloqueados | Monitor odds: 0 | Monitor saida: 0 | ✅ 0 aprovados | 🔍 414 analisados | 📡 496 chamadas API
15:54:11 [INFO]   Proxima: 12:55 — aguardando 48s
15:55:00 [INFO] Fila: 57 aguardando | Cache: 0 bloqueados | Monitor odds: 0 | Monitor saida: 0 | ✅ 0 aprovados | 🔍 414 analisados | 📡 496 chamadas API
15:55:00 [INFO]   🔍 Miedz Legnica v Gornik Leczna (13:00) | +4 min
15:55:00 [INFO]   ⛔ Sem mercados
15:55:00 [INFO]     -> Proxima: 13:00 (intervalo 5 min — 4 min p/ inicio)
15:55:00 [INFO]   🔍 Buri FC v Manama Club (13:00) | +4 min
15:55:00 [INFO]   ⛔ Sem mercados
15:55:00 [INFO]     -> Proxima: 13:00 (intervalo 5 min — 4 min p/ inicio)
15:55:00 [INFO]   🔍 Al-Ittifaq Maqaba v Al Tadamun Buri (13:00) | +4 min
15:55:00 [INFO]   ⛔ Sem mercados
15:55:00 [INFO]     -> Proxima: 13:00 (intervalo 5 min — 4 min p/ inicio)
15:55:00 [INFO]   🔍 East Riffa v Al-Ittihad (BRN) (13:00) | +4 min
15:55:01 [INFO]   ⛔ Sem mercados
15:55:01 [INFO]     -> Proxima: 13:00 (intervalo 5 min — 4 min p/ inicio)
15:55:01 [INFO] Fila: 57 aguardando | Cache: 0 bloqueados | Monitor odds: 0 | Monitor saida: 0 | ✅ 0 aprovados | 🔍 418 analisados | 📡 500 chamadas API
15:55:01 [INFO]   Proxima: 13:00 — aguardando 60s
15:56:01 [INFO] Fila: 57 aguardando | Cache: 0 bloqueados | Monitor odds: 0 | Monitor saida: 0 | ✅ 0 aprovados | 🔍 418 analisados | 📡 500 chamadas API
15:56:01 [INFO]   Proxima: 13:00 — aguardando 60s
15:57:01 [INFO] Fila: 57 aguardando | Cache: 0 bloqueados | Monitor odds: 0 | Monitor saida: 0 | ✅ 0 aprovados | 🔍 418 analisados | 📡 500 chamadas API
15:57:01 [INFO]   Proxima: 13:00 — aguardando 60s
15:58:01 [INFO] Fila: 57 aguardando | Cache: 0 bloqueados | Monitor odds: 0 | Monitor saida: 0 | ✅ 0 aprovados | 🔍 418 analisados | 📡 500 chamadas API
15:58:01 [INFO]   Proxima: 13:00 — aguardando 60s
15:59:01 [INFO] Fila: 57 aguardando | Cache: 0 bloqueados | Monitor odds: 0 | Monitor saida: 0 | ✅ 0 aprovados | 🔍 418 analisados | 📡 500 chamadas API
15:59:01 [INFO]   Proxima: 13:00 — aguardando 59s
16:00:00 [INFO] Fila: 57 aguardando | Cache: 0 bloqueados | Monitor odds: 0 | Monitor saida: 0 | ✅ 0 aprovados | 🔍 418 analisados | 📡 500 chamadas API
16:00:00 [INFO]   🔍 Miedz Legnica v Gornik Leczna (13:00) | +0 min
16:00:00 [INFO]   ⛔ Sem mercados
16:00:00 [INFO]     -> Proxima: 13:05 (intervalo 5 min — 0 min p/ inicio)
16:00:00 [INFO] Fila: 57 aguardando | Cache: 0 bloqueados | Monitor odds: 0 | Monitor saida: 0 | ✅ 0 aprovados | 🔍 419 analisados | 📡 501 chamadas API
16:00:00 [INFO]   Proxima: 13:00 — aguardando 10s
16:00:10 [INFO] Fila: 57 aguardando | Cache: 0 bloqueados | Monitor odds: 0 | Monitor saida: 0 | ✅ 0 aprovados | 🔍 419 analisados | 📡 501 chamadas API
16:00:10 [INFO]   🔍 Buri FC v Manama Club (13:00) | +0 min
16:00:10 [INFO]   ⛔ Sem mercados
16:00:10 [INFO]     -> Proxima: 13:05 (intervalo 5 min — 0 min p/ inicio)
16:00:10 [INFO]   🔍 Al-Ittifaq Maqaba v Al Tadamun Buri (13:00) | +0 min
16:00:10 [INFO]   ⛔ Sem mercados
16:00:10 [INFO]     -> Proxima: 13:05 (intervalo 5 min — 0 min p/ inicio)
16:00:10 [INFO]   🔍 East Riffa v Al-Ittihad (BRN) (13:00) | +0 min
16:00:11 [INFO]   ⛔ Sem mercados
16:00:11 [INFO]     -> Proxima: 13:05 (intervalo 5 min — 0 min p/ inicio)
16:00:11 [INFO] Fila: 57 aguardando | Cache: 0 bloqueados | Monitor odds: 0 | Monitor saida: 0 | ✅ 0 aprovados | 🔍 422 analisados | 📡 504 chamadas API
16:00:11 [INFO]   Proxima: 13:05 — aguardando 60s
16:01:11 [INFO] Fila: 57 aguardando | Cache: 0 bloqueados | Monitor odds: 0 | Monitor saida: 0 | ✅ 0 aprovados | 🔍 422 analisados | 📡 504 chamadas API
16:01:11 [INFO]   Proxima: 13:05 — aguardando 60s
16:02:11 [INFO] Fila: 57 aguardando | Cache: 0 bloqueados | Monitor odds: 0 | Monitor saida: 0 | ✅ 0 aprovados | 🔍 422 analisados | 📡 504 chamadas API
16:02:11 [INFO]   Proxima: 13:05 — aguardando 60s
16:03:11 [INFO] Fila: 57 aguardando | Cache: 0 bloqueados | Monitor odds: 0 | Monitor saida: 0 | ✅ 0 aprovados | 🔍 422 analisados | 📡 504 chamadas API
16:03:11 [INFO]   Proxima: 13:05 — aguardando 60s
16:04:11 [INFO] Fila: 57 aguardando | Cache: 0 bloqueados | Monitor odds: 0 | Monitor saida: 0 | ✅ 0 aprovados | 🔍 422 analisados | 📡 504 chamadas API
16:04:11 [INFO]   Proxima: 13:05 — aguardando 49s
16:05:00 [INFO] Fila: 57 aguardando | Cache: 0 bloqueados | Monitor odds: 0 | Monitor saida: 0 | ✅ 0 aprovados | 🔍 422 analisados | 📡 504 chamadas API
16:05:00 [INFO]   🔍 Miedz Legnica v Gornik Leczna (13:00) | -5 min
16:05:00 [INFO]   ⛔ Sem mercados
16:05:00 [INFO]     Descartado: Miedz Legnica v Gornik Leczna — Janela encerrada (+10 min)
16:05:00 [INFO]   Agendador: 1 jogos removidos da fila
16:05:00 [INFO] Fila: 56 aguardando | Cache: 0 bloqueados | Monitor odds: 0 | Monitor saida: 0 | ✅ 0 aprovados | 🔍 423 analisados | 📡 505 chamadas API
16:05:00 [INFO]   Proxima: 13:05 — aguardando 10s
16:05:10 [INFO] Fila: 56 aguardando | Cache: 0 bloqueados | Monitor odds: 0 | Monitor saida: 0 | ✅ 0 aprovados | 🔍 423 analisados | 📡 505 chamadas API
16:05:10 [INFO]   🔍 Buri FC v Manama Club (13:00) | -5 min
16:05:11 [INFO]   ⛔ Sem mercados
16:05:11 [INFO]     Descartado: Buri FC v Manama Club — Janela encerrada (+10 min)
16:05:11 [INFO]   Agendador: 1 jogos removidos da fila
16:05:11 [INFO] Fila: 55 aguardando | Cache: 0 bloqueados | Monitor odds: 0 | Monitor saida: 0 | ✅ 0 aprovados | 🔍 424 analisados | 📡 506 chamadas API
16:05:11 [INFO]   🔍 Al-Ittifaq Maqaba v Al Tadamun Buri (13:00) | -5 min
16:05:11 [INFO]   ⛔ Sem mercados
16:05:11 [INFO]     Descartado: Al-Ittifaq Maqaba v Al Tadamun Buri — Janela encerrada (+10 min)
16:05:11 [INFO]   Agendador: 1 jogos removidos da fila
16:05:11 [INFO] Fila: 54 aguardando | Cache: 0 bloqueados | Monitor odds: 0 | Monitor saida: 0 | ✅ 0 aprovados | 🔍 425 analisados | 📡 507 chamadas API
16:05:11 [INFO]   🔍 East Riffa v Al-Ittihad (BRN) (13:00) | -5 min
16:05:11 [INFO]   ⛔ Sem mercados
16:05:11 [INFO]     Descartado: East Riffa v Al-Ittihad (BRN) — Janela encerrada (+10 min)
16:05:11 [INFO]   Agendador: 1 jogos removidos da fila
16:05:11 [INFO] Fila: 53 aguardando | Cache: 0 bloqueados | Monitor odds: 0 | Monitor saida: 0 | ✅ 0 aprovados | 🔍 426 analisados | 📡 508 chamadas API
16:05:11 [INFO]   Proxima: 13:10 — aguardando 60s
16:06:11 [INFO] Fila: 53 aguardando | Cache: 0 bloqueados | Monitor odds: 0 | Monitor saida: 0 | ✅ 0 aprovados | 🔍 426 analisados | 📡 508 chamadas API
16:06:11 [INFO]   Proxima: 13:10 — aguardando 60s
16:07:11 [INFO] Fila: 53 aguardando | Cache: 0 bloqueados | Monitor odds: 0 | Monitor saida: 0 | ✅ 0 aprovados | 🔍 426 analisados | 📡 508 chamadas API
16:07:11 [INFO]   Proxima: 13:10 — aguardando 60s
16:08:11 [INFO] Fila: 53 aguardando | Cache: 0 bloqueados | Monitor odds: 0 | Monitor saida: 0 | ✅ 0 aprovados | 🔍 426 analisados | 📡 508 chamadas API
16:08:11 [INFO]   Proxima: 13:10 — aguardando 60s
16:09:11 [INFO] Fila: 53 aguardando | Cache: 0 bloqueados | Monitor odds: 0 | Monitor saida: 0 | ✅ 0 aprovados | 🔍 426 analisados | 📡 508 chamadas API
16:09:11 [INFO]   Proxima: 13:10 — aguardando 48s
16:10:00 [INFO] Fila: 53 aguardando | Cache: 0 bloqueados | Monitor odds: 0 | Monitor saida: 0 | ✅ 0 aprovados | 🔍 426 analisados | 📡 508 chamadas API
16:10:00 [INFO]   🔍 Kobe v Al Ahli (13:15) | +4 min
16:10:00 [INFO]   ⛔ Sem mercados
16:10:00 [INFO]     -> Proxima: 13:15 (intervalo 5 min — 4 min p/ inicio)
16:10:00 [INFO] Fila: 53 aguardando | Cache: 0 bloqueados | Monitor odds: 0 | Monitor saida: 0 | ✅ 0 aprovados | 🔍 427 analisados | 📡 509 chamadas API
16:10:00 [INFO]   Proxima: 13:15 — aguardando 60s
16:11:00 [INFO] Fila: 53 aguardando | Cache: 0 bloqueados | Monitor odds: 0 | Monitor saida: 0 | ✅ 0 aprovados | 🔍 427 analisados | 📡 509 chamadas API
16:11:00 [INFO]   Proxima: 13:15 — aguardando 60s
16:12:00 [INFO] Fila: 53 aguardando | Cache: 0 bloqueados | Monitor odds: 0 | Monitor saida: 0 | ✅ 0 aprovados | 🔍 427 analisados | 📡 509 chamadas API
16:12:00 [INFO]   Proxima: 13:15 — aguardando 60s
16:13:00 [INFO] Fila: 53 aguardando | Cache: 0 bloqueados | Monitor odds: 0 | Monitor saida: 0 | ✅ 0 aprovados | 🔍 427 analisados | 📡 509 chamadas API
16:13:00 [INFO]   Proxima: 13:15 — aguardando 60s
16:14:00 [INFO] Fila: 53 aguardando | Cache: 0 bloqueados | Monitor odds: 0 | Monitor saida: 0 | ✅ 0 aprovados | 🔍 427 analisados | 📡 509 chamadas API
16:14:00 [INFO]   Proxima: 13:15 — aguardando 59s
16:15:00 [INFO] Fila: 53 aguardando | Cache: 0 bloqueados | Monitor odds: 0 | Monitor saida: 0 | ✅ 0 aprovados | 🔍 427 analisados | 📡 509 chamadas API
16:15:00 [INFO]   🔍 Kobe v Al Ahli (13:15) | +0 min
16:15:00 [INFO]   ⛔ Sem mercados
16:15:00 [INFO]     -> Proxima: 13:20 (intervalo 5 min — 0 min p/ inicio)
16:15:00 [INFO] Fila: 53 aguardando | Cache: 0 bloqueados | Monitor odds: 0 | Monitor saida: 0 | ✅ 0 aprovados | 🔍 428 analisados | 📡 510 chamadas API
16:15:00 [INFO]   Proxima: 13:20 — aguardando 60s
16:16:00 [INFO] Fila: 53 aguardando | Cache: 0 bloqueados | Monitor odds: 0 | Monitor saida: 0 | ✅ 0 aprovados | 🔍 428 analisados | 📡 510 chamadas API
16:16:00 [INFO]   Proxima: 13:20 — aguardando 60s
16:17:00 [INFO] Fila: 53 aguardando | Cache: 0 bloqueados | Monitor odds: 0 | Monitor saida: 0 | ✅ 0 aprovados | 🔍 428 analisados | 📡 510 chamadas API
16:17:00 [INFO]   Proxima: 13:20 — aguardando 60s
16:18:00 [INFO] Fila: 53 aguardando | Cache: 0 bloqueados | Monitor odds: 0 | Monitor saida: 0 | ✅ 0 aprovados | 🔍 428 analisados | 📡 510 chamadas API
16:18:00 [INFO]   Proxima: 13:20 — aguardando 60s
16:19:00 [INFO] Fila: 53 aguardando | Cache: 0 bloqueados | Monitor odds: 0 | Monitor saida: 0 | ✅ 0 aprovados | 🔍 428 analisados | 📡 510 chamadas API
16:19:00 [INFO]   Proxima: 13:20 — aguardando 59s
16:20:00 [INFO] Fila: 53 aguardando | Cache: 0 bloqueados | Monitor odds: 0 | Monitor saida: 0 | ✅ 0 aprovados | 🔍 428 analisados | 📡 510 chamadas API
16:20:00 [INFO] Buscando lista de jogos do dia...
16:20:01 [INFO] Jogos agendados: 0 novos | Total ativo: 53
16:20:01 [INFO]   🔍 Kobe v Al Ahli (13:15) | -5 min
16:20:02 [INFO]   ⛔ Liquidez CS insuficiente: £66 disp. (historico £33076, min £150)
16:20:02 [INFO]     Descartado: Kobe v Al Ahli — Janela encerrada (+10 min)
16:20:02 [INFO]   Agendador: 1 jogos removidos da fila
16:20:02 [INFO] Fila: 52 aguardando | Cache: 0 bloqueados | Monitor odds: 0 | Monitor saida: 0 | ✅ 0 aprovados | 🔍 429 analisados | 📡 514 chamadas API
16:20:02 [INFO]   Proxima: 13:55 — aguardando 60s
16:21:02 [INFO] Fila: 52 aguardando | Cache: 0 bloqueados | Monitor odds: 0 | Monitor saida: 0 | ✅ 0 aprovados | 🔍 429 analisados | 📡 514 chamadas API
16:21:02 [INFO]   Proxima: 13:55 — aguardando 60s
16:22:02 [INFO] Fila: 52 aguardando | Cache: 0 bloqueados | Monitor odds: 0 | Monitor saida: 0 | ✅ 0 aprovados | 🔍 429 analisados | 📡 514 chamadas API
16:22:02 [INFO]   Proxima: 13:55 — aguardando 60s
16:23:02 [INFO] Fila: 52 aguardando | Cache: 0 bloqueados | Monitor odds: 0 | Monitor saida: 0 | ✅ 0 aprovados | 🔍 429 analisados | 📡 514 chamadas API
16:23:02 [INFO]   Proxima: 13:55 — aguardando 60s
16:24:02 [INFO] Fila: 52 aguardando | Cache: 0 bloqueados | Monitor odds: 0 | Monitor saida: 0 | ✅ 0 aprovados | 🔍 429 analisados | 📡 514 chamadas API
16:24:02 [INFO]   Proxima: 13:55 — aguardando 60s
16:25:02 [INFO] Fila: 52 aguardando | Cache: 0 bloqueados | Monitor odds: 0 | Monitor saida: 0 | ✅ 0 aprovados | 🔍 429 analisados | 📡 514 chamadas API
16:25:02 [INFO]   Proxima: 13:55 — aguardando 60s
16:26:02 [INFO] Fila: 52 aguardando | Cache: 0 bloqueados | Monitor odds: 0 | Monitor saida: 0 | ✅ 0 aprovados | 🔍 429 analisados | 📡 514 chamadas API
16:26:02 [INFO]   Proxima: 13:55 — aguardando 60s
16:27:02 [INFO] Fila: 52 aguardando | Cache: 0 bloqueados | Monitor odds: 0 | Monitor saida: 0 | ✅ 0 aprovados | 🔍 429 analisados | 📡 514 chamadas API
16:27:02 [INFO]   Proxima: 13:55 — aguardando 60s
16:28:02 [INFO] Fila: 52 aguardando | Cache: 0 bloqueados | Monitor odds: 0 | Monitor saida: 0 | ✅ 0 aprovados | 🔍 429 analisados | 📡 514 chamadas API
16:28:02 [INFO]   Proxima: 13:55 — aguardando 60s
16:29:02 [INFO] Fila: 52 aguardando | Cache: 0 bloqueados | Monitor odds: 0 | Monitor saida: 0 | ✅ 0 aprovados | 🔍 429 analisados | 📡 514 chamadas API
16:29:02 [INFO]   Proxima: 13:55 — aguardando 60s
16:30:02 [INFO] Fila: 52 aguardando | Cache: 0 bloqueados | Monitor odds: 0 | Monitor saida: 0 | ✅ 0 aprovados | 🔍 429 analisados | 📡 514 chamadas API
16:30:02 [INFO]   Proxima: 13:55 — aguardando 60s
16:31:02 [INFO] Fila: 52 aguardando | Cache: 0 bloqueados | Monitor odds: 0 | Monitor saida: 0 | ✅ 0 aprovados | 🔍 429 analisados | 📡 514 chamadas API
16:31:02 [INFO]   Proxima: 13:55 — aguardando 60s
16:32:02 [INFO] Fila: 52 aguardando | Cache: 0 bloqueados | Monitor odds: 0 | Monitor saida: 0 | ✅ 0 aprovados | 🔍 429 analisados | 📡 514 chamadas API
16:32:02 [INFO]   Proxima: 13:55 — aguardando 60s
16:33:02 [INFO] Fila: 52 aguardando | Cache: 0 bloqueados | Monitor odds: 0 | Monitor saida: 0 | ✅ 0 aprovados | 🔍 429 analisados | 📡 514 chamadas API
16:33:02 [INFO]   Proxima: 13:55 — aguardando 60s
16:34:02 [INFO] Fila: 52 aguardando | Cache: 0 bloqueados | Monitor odds: 0 | Monitor saida: 0 | ✅ 0 aprovados | 🔍 429 analisados | 📡 514 chamadas API
16:34:02 [INFO]   Proxima: 13:55 — aguardando 60s
16:35:02 [INFO] Fila: 52 aguardando | Cache: 0 bloqueados | Monitor odds: 0 | Monitor saida: 0 | ✅ 0 aprovados | 🔍 429 analisados | 📡 514 chamadas API
16:35:02 [INFO]   Proxima: 13:55 — aguardando 60s
16:36:02 [INFO] Fila: 52 aguardando | Cache: 0 bloqueados | Monitor odds: 0 | Monitor saida: 0 | ✅ 0 aprovados | 🔍 429 analisados | 📡 514 chamadas API
16:36:02 [INFO]   Proxima: 13:55 — aguardando 60s
16:37:02 [INFO] Fila: 52 aguardando | Cache: 0 bloqueados | Monitor odds: 0 | Monitor saida: 0 | ✅ 0 aprovados | 🔍 429 analisados | 📡 514 chamadas API
16:37:02 [INFO]   Proxima: 13:55 — aguardando 60s
16:38:02 [INFO] Fila: 52 aguardando | Cache: 0 bloqueados | Monitor odds: 0 | Monitor saida: 0 | ✅ 0 aprovados | 🔍 429 analisados | 📡 514 chamadas API
16:38:02 [INFO]   Proxima: 13:55 — aguardando 60s
16:39:02 [INFO] Fila: 52 aguardando | Cache: 0 bloqueados | Monitor odds: 0 | Monitor saida: 0 | ✅ 0 aprovados | 🔍 429 analisados | 📡 514 chamadas API
16:39:02 [INFO]   Proxima: 13:55 — aguardando 60s
16:40:02 [INFO] Fila: 52 aguardando | Cache: 0 bloqueados | Monitor odds: 0 | Monitor saida: 0 | ✅ 0 aprovados | 🔍 429 analisados | 📡 514 chamadas API
16:40:02 [INFO]   Proxima: 13:55 — aguardando 60s
16:41:02 [INFO] Fila: 52 aguardando | Cache: 0 bloqueados | Monitor odds: 0 | Monitor saida: 0 | ✅ 0 aprovados | 🔍 429 analisados | 📡 514 chamadas API
16:41:02 [INFO]   Proxima: 13:55 — aguardando 60s
16:42:02 [INFO] Fila: 52 aguardando | Cache: 0 bloqueados | Monitor odds: 0 | Monitor saida: 0 | ✅ 0 aprovados | 🔍 429 analisados | 📡 514 chamadas API
16:42:02 [INFO]   Proxima: 13:55 — aguardando 60s
16:43:02 [INFO] Fila: 52 aguardando | Cache: 0 bloqueados | Monitor odds: 0 | Monitor saida: 0 | ✅ 0 aprovados | 🔍 429 analisados | 📡 514 chamadas API
16:43:02 [INFO]   Proxima: 13:55 — aguardando 60s
16:44:02 [INFO] Fila: 52 aguardando | Cache: 0 bloqueados | Monitor odds: 0 | Monitor saida: 0 | ✅ 0 aprovados | 🔍 429 analisados | 📡 514 chamadas API
16:44:02 [INFO]   Proxima: 13:55 — aguardando 60s
16:45:02 [INFO] Fila: 52 aguardando | Cache: 0 bloqueados | Monitor odds: 0 | Monitor saida: 0 | ✅ 0 aprovados | 🔍 429 analisados | 📡 514 chamadas API
16:45:02 [INFO]   Proxima: 13:55 — aguardando 60s
16:46:02 [INFO] Fila: 52 aguardando | Cache: 0 bloqueados | Monitor odds: 0 | Monitor saida: 0 | ✅ 0 aprovados | 🔍 429 analisados | 📡 514 chamadas API
16:46:02 [INFO]   Proxima: 13:55 — aguardando 60s
16:47:02 [INFO] Fila: 52 aguardando | Cache: 0 bloqueados | Monitor odds: 0 | Monitor saida: 0 | ✅ 0 aprovados | 🔍 429 analisados | 📡 514 chamadas API
16:47:02 [INFO]   Proxima: 13:55 — aguardando 60s
16:48:02 [INFO] Fila: 52 aguardando | Cache: 0 bloqueados | Monitor odds: 0 | Monitor saida: 0 | ✅ 0 aprovados | 🔍 429 analisados | 📡 514 chamadas API
16:48:02 [INFO]   Proxima: 13:55 — aguardando 60s
16:49:02 [INFO] Fila: 52 aguardando | Cache: 0 bloqueados | Monitor odds: 0 | Monitor saida: 0 | ✅ 0 aprovados | 🔍 429 analisados | 📡 514 chamadas API
16:49:02 [INFO]   Proxima: 13:55 — aguardando 60s
16:50:02 [INFO] Fila: 52 aguardando | Cache: 0 bloqueados | Monitor odds: 0 | Monitor saida: 0 | ✅ 0 aprovados | 🔍 429 analisados | 📡 514 chamadas API
16:50:02 [INFO]   Proxima: 13:55 — aguardando 60s
16:51:02 [INFO] Fila: 52 aguardando | Cache: 0 bloqueados | Monitor odds: 0 | Monitor saida: 0 | ✅ 0 aprovados | 🔍 429 analisados | 📡 514 chamadas API
16:51:02 [INFO]   Proxima: 13:55 — aguardando 60s
16:52:02 [INFO] Fila: 52 aguardando | Cache: 0 bloqueados | Monitor odds: 0 | Monitor saida: 0 | ✅ 0 aprovados | 🔍 429 analisados | 📡 514 chamadas API
16:52:02 [INFO]   Proxima: 13:55 — aguardando 60s
16:53:02 [INFO] Fila: 52 aguardando | Cache: 0 bloqueados | Monitor odds: 0 | Monitor saida: 0 | ✅ 0 aprovados | 🔍 429 analisados | 📡 514 chamadas API
16:53:02 [INFO]   Proxima: 13:55 — aguardando 60s
16:54:02 [INFO] Fila: 52 aguardando | Cache: 0 bloqueados | Monitor odds: 0 | Monitor saida: 0 | ✅ 0 aprovados | 🔍 429 analisados | 📡 514 chamadas API
16:54:02 [INFO]   Proxima: 13:55 — aguardando 57s
16:55:00 [INFO] Fila: 52 aguardando | Cache: 0 bloqueados | Monitor odds: 0 | Monitor saida: 0 | ✅ 0 aprovados | 🔍 429 analisados | 📡 514 chamadas API
16:55:00 [INFO]   🔍 Gaziantep FK v Kayserispor (14:00) | +4 min
16:55:00 [INFO]   ⛔ Sem mercados
16:55:00 [INFO]     -> Proxima: 14:00 (intervalo 5 min — 4 min p/ inicio)
16:55:00 [INFO]   🔍 Oddevold v Osters (14:00) | +4 min
16:55:00 [INFO]   ⛔ Sem mercados
16:55:00 [INFO]     -> Proxima: 14:00 (intervalo 5 min — 4 min p/ inicio)
16:55:00 [INFO]   🔍 Lechia Gdansk v Piast Gliwice (14:00) | +4 min
16:55:00 [INFO]   ⛔ Sem mercados
16:55:00 [INFO]     -> Proxima: 14:00 (intervalo 5 min — 4 min p/ inicio)
16:55:00 [INFO]   🔍 Lyn v Sandnes Ulf (14:00) | +4 min
16:55:01 [INFO]   ⛔ Sem mercados
16:55:01 [INFO]     -> Proxima: 14:00 (intervalo 5 min — 4 min p/ inicio)
16:55:01 [INFO]   🔍 Midtjylland v AGF (14:00) | +4 min
16:55:01 [INFO]   ⛔ Sem mercados
16:55:01 [INFO]     -> Proxima: 14:00 (intervalo 5 min — 4 min p/ inicio)
16:55:01 [INFO] Fila: 52 aguardando | Cache: 0 bloqueados | Monitor odds: 0 | Monitor saida: 0 | ✅ 0 aprovados | 🔍 434 analisados | 📡 519 chamadas API
16:55:01 [INFO]   Proxima: 14:00 — aguardando 60s
16:56:01 [INFO] Fila: 52 aguardando | Cache: 0 bloqueados | Monitor odds: 0 | Monitor saida: 0 | ✅ 0 aprovados | 🔍 434 analisados | 📡 519 chamadas API
16:56:01 [INFO]   Proxima: 14:00 — aguardando 60s
16:57:01 [INFO] Fila: 52 aguardando | Cache: 0 bloqueados | Monitor odds: 0 | Monitor saida: 0 | ✅ 0 aprovados | 🔍 434 analisados | 📡 519 chamadas API
16:57:01 [INFO]   Proxima: 14:00 — aguardando 60s
16:58:01 [INFO] Fila: 52 aguardando | Cache: 0 bloqueados | Monitor odds: 0 | Monitor saida: 0 | ✅ 0 aprovados | 🔍 434 analisados | 📡 519 chamadas API
16:58:01 [INFO]   Proxima: 14:00 — aguardando 60s
16:59:01 [INFO] Fila: 52 aguardando | Cache: 0 bloqueados | Monitor odds: 0 | Monitor saida: 0 | ✅ 0 aprovados | 🔍 434 analisados | 📡 519 chamadas API
16:59:01 [INFO]   Proxima: 14:00 — aguardando 58s
17:00:00 [INFO] Fila: 52 aguardando | Cache: 0 bloqueados | Monitor odds: 0 | Monitor saida: 0 | ✅ 0 aprovados | 🔍 434 analisados | 📡 519 chamadas API
17:00:00 [INFO]   🔍 Sundsvall v IK Brage (14:05) | +4 min
17:00:00 [INFO]   ⛔ Sem mercados
17:00:00 [INFO]     -> Proxima: 14:05 (intervalo 5 min — 4 min p/ inicio)
17:00:00 [INFO] Fila: 52 aguardando | Cache: 0 bloqueados | Monitor odds: 0 | Monitor saida: 0 | ✅ 0 aprovados | 🔍 435 analisados | 📡 520 chamadas API
17:00:00 [INFO]   🔍 Gaziantep FK v Kayserispor (14:00) | +0 min
17:00:00 [INFO]   ⛔ Sem mercados
17:00:00 [INFO]     -> Proxima: 14:05 (intervalo 5 min — 0 min p/ inicio)
17:00:00 [INFO] Fila: 52 aguardando | Cache: 0 bloqueados | Monitor odds: 0 | Monitor saida: 0 | ✅ 0 aprovados | 🔍 436 analisados | 📡 521 chamadas API
17:00:00 [INFO]   🔍 Oddevold v Osters (14:00) | +0 min
17:00:00 [INFO]   ⛔ Sem mercados
17:00:00 [INFO]     -> Proxima: 14:05 (intervalo 5 min — 0 min p/ inicio)
17:00:00 [INFO] Fila: 52 aguardando | Cache: 0 bloqueados | Monitor odds: 0 | Monitor saida: 0 | ✅ 0 aprovados | 🔍 437 analisados | 📡 522 chamadas API
17:00:00 [INFO]   🔍 Lechia Gdansk v Piast Gliwice (14:00) | +0 min
17:00:01 [INFO]   ⛔ Sem mercados
17:00:01 [INFO]     -> Proxima: 14:05 (intervalo 5 min — 0 min p/ inicio)
17:00:01 [INFO] Fila: 52 aguardando | Cache: 0 bloqueados | Monitor odds: 0 | Monitor saida: 0 | ✅ 0 aprovados | 🔍 438 analisados | 📡 523 chamadas API
17:00:01 [INFO]   🔍 Lyn v Sandnes Ulf (14:00) | +0 min
17:00:01 [INFO]   ⛔ Sem mercados
17:00:01 [INFO]     -> Proxima: 14:05 (intervalo 5 min — 0 min p/ inicio)
17:00:01 [INFO] Fila: 52 aguardando | Cache: 0 bloqueados | Monitor odds: 0 | Monitor saida: 0 | ✅ 0 aprovados | 🔍 439 analisados | 📡 524 chamadas API
17:00:01 [INFO]   🔍 Midtjylland v AGF (14:00) | +0 min
17:00:01 [INFO]   ⛔ Sem mercados
17:00:01 [INFO]     -> Proxima: 14:05 (intervalo 5 min — 0 min p/ inicio)
17:00:01 [INFO] Fila: 52 aguardando | Cache: 0 bloqueados | Monitor odds: 0 | Monitor saida: 0 | ✅ 0 aprovados | 🔍 440 analisados | 📡 525 chamadas API
17:00:01 [INFO]   Proxima: 14:05 — aguardando 60s
17:01:01 [INFO] Fila: 52 aguardando | Cache: 0 bloqueados | Monitor odds: 0 | Monitor saida: 0 | ✅ 0 aprovados | 🔍 440 analisados | 📡 525 chamadas API
17:01:01 [INFO]   Proxima: 14:05 — aguardando 60s
17:02:01 [INFO] Fila: 52 aguardando | Cache: 0 bloqueados | Monitor odds: 0 | Monitor saida: 0 | ✅ 0 aprovados | 🔍 440 analisados | 📡 525 chamadas API
17:02:01 [INFO]   Proxima: 14:05 — aguardando 60s
17:03:01 [INFO] Fila: 52 aguardando | Cache: 0 bloqueados | Monitor odds: 0 | Monitor saida: 0 | ✅ 0 aprovados | 🔍 440 analisados | 📡 525 chamadas API
17:03:01 [INFO]   Proxima: 14:05 — aguardando 60s
17:04:01 [INFO] Fila: 52 aguardando | Cache: 0 bloqueados | Monitor odds: 0 | Monitor saida: 0 | ✅ 0 aprovados | 🔍 440 analisados | 📡 525 chamadas API
17:04:01 [INFO]   Proxima: 14:05 — aguardando 58s
17:05:00 [INFO] Fila: 52 aguardando | Cache: 0 bloqueados | Monitor odds: 0 | Monitor saida: 0 | ✅ 0 aprovados | 🔍 440 analisados | 📡 525 chamadas API
17:05:00 [INFO]   🔍 Sundsvall v IK Brage (14:05) | +0 min
17:05:00 [INFO]   ⛔ Sem mercados
17:05:00 [INFO]     -> Proxima: 14:10 (intervalo 5 min — 0 min p/ inicio)
17:05:00 [INFO] Fila: 52 aguardando | Cache: 0 bloqueados | Monitor odds: 0 | Monitor saida: 0 | ✅ 0 aprovados | 🔍 441 analisados | 📡 526 chamadas API
17:05:00 [INFO]   🔍 Gaziantep FK v Kayserispor (14:00) | -5 min
17:05:00 [INFO]   ⛔ Sem mercados
17:05:00 [INFO]     Descartado: Gaziantep FK v Kayserispor — Janela encerrada (+10 min)
17:05:00 [INFO]   Agendador: 1 jogos removidos da fila
17:05:00 [INFO] Fila: 51 aguardando | Cache: 0 bloqueados | Monitor odds: 0 | Monitor saida: 0 | ✅ 0 aprovados | 🔍 442 analisados | 📡 527 chamadas API
17:05:00 [INFO]   🔍 Oddevold v Osters (14:00) | -5 min
17:05:01 [INFO]   ⛔ Sem mercados
17:05:01 [INFO]     Descartado: Oddevold v Osters — Janela encerrada (+10 min)
17:05:01 [INFO]   Agendador: 1 jogos removidos da fila
17:05:01 [INFO] Fila: 50 aguardando | Cache: 0 bloqueados | Monitor odds: 0 | Monitor saida: 0 | ✅ 0 aprovados | 🔍 443 analisados | 📡 528 chamadas API
17:05:01 [INFO]   🔍 Lechia Gdansk v Piast Gliwice (14:00) | -5 min
17:05:01 [INFO]   ⛔ Sem mercados
17:05:01 [INFO]     Descartado: Lechia Gdansk v Piast Gliwice — Janela encerrada (+10 min)
17:05:01 [INFO]   Agendador: 1 jogos removidos da fila
17:05:01 [INFO] Fila: 49 aguardando | Cache: 0 bloqueados | Monitor odds: 0 | Monitor saida: 0 | ✅ 0 aprovados | 🔍 444 analisados | 📡 529 chamadas API
17:05:01 [INFO]   🔍 Lyn v Sandnes Ulf (14:00) | -5 min
17:05:01 [INFO]   ⛔ Sem mercados
17:05:01 [INFO]     Descartado: Lyn v Sandnes Ulf — Janela encerrada (+10 min)
17:05:01 [INFO]   Agendador: 1 jogos removidos da fila
17:05:01 [INFO] Fila: 48 aguardando | Cache: 0 bloqueados | Monitor odds: 0 | Monitor saida: 0 | ✅ 0 aprovados | 🔍 445 analisados | 📡 530 chamadas API
17:05:01 [INFO]   🔍 Midtjylland v AGF (14:00) | -5 min
17:05:02 [INFO]   ⛔ Sem mercados
17:05:02 [INFO]     Descartado: Midtjylland v AGF — Janela encerrada (+10 min)
17:05:02 [INFO]   Agendador: 1 jogos removidos da fila
17:05:02 [INFO] Fila: 47 aguardando | Cache: 0 bloqueados | Monitor odds: 0 | Monitor saida: 0 | ✅ 0 aprovados | 🔍 446 analisados | 📡 531 chamadas API
17:05:02 [INFO]   Proxima: 14:10 — aguardando 60s
17:06:02 [INFO] Fila: 47 aguardando | Cache: 0 bloqueados | Monitor odds: 0 | Monitor saida: 0 | ✅ 0 aprovados | 🔍 446 analisados | 📡 531 chamadas API
17:06:02 [INFO]   Proxima: 14:10 — aguardando 60s
17:07:02 [INFO] Fila: 47 aguardando | Cache: 0 bloqueados | Monitor odds: 0 | Monitor saida: 0 | ✅ 0 aprovados | 🔍 446 analisados | 📡 531 chamadas API
17:07:02 [INFO]   Proxima: 14:10 — aguardando 60s
17:08:02 [INFO] Fila: 47 aguardando | Cache: 0 bloqueados | Monitor odds: 0 | Monitor saida: 0 | ✅ 0 aprovados | 🔍 446 analisados | 📡 531 chamadas API
17:08:02 [INFO]   Proxima: 14:10 — aguardando 60s
17:09:02 [INFO] Fila: 47 aguardando | Cache: 0 bloqueados | Monitor odds: 0 | Monitor saida: 0 | ✅ 0 aprovados | 🔍 446 analisados | 📡 531 chamadas API
17:09:02 [INFO]   Proxima: 14:10 — aguardando 58s
17:10:00 [INFO] Fila: 47 aguardando | Cache: 0 bloqueados | Monitor odds: 0 | Monitor saida: 0 | ✅ 0 aprovados | 🔍 446 analisados | 📡 531 chamadas API
17:10:00 [INFO]   🔍 Sundsvall v IK Brage (14:05) | -5 min
17:10:00 [INFO]   ⛔ Sem mercados
17:10:00 [INFO]     Descartado: Sundsvall v IK Brage — Janela encerrada (+10 min)
17:10:00 [INFO]   Agendador: 1 jogos removidos da fila
17:10:00 [INFO] Fila: 46 aguardando | Cache: 0 bloqueados | Monitor odds: 0 | Monitor saida: 0 | ✅ 0 aprovados | 🔍 447 analisados | 📡 532 chamadas API
17:10:00 [INFO]   Proxima: 14:25 — aguardando 60s
17:11:00 [INFO] Fila: 46 aguardando | Cache: 0 bloqueados | Monitor odds: 0 | Monitor saida: 0 | ✅ 0 aprovados | 🔍 447 analisados | 📡 532 chamadas API
17:11:00 [INFO]   Proxima: 14:25 — aguardando 60s
17:12:00 [INFO] Fila: 46 aguardando | Cache: 0 bloqueados | Monitor odds: 0 | Monitor saida: 0 | ✅ 0 aprovados | 🔍 447 analisados | 📡 532 chamadas API
17:12:00 [INFO]   Proxima: 14:25 — aguardando 60s
17:13:00 [INFO] Fila: 46 aguardando | Cache: 0 bloqueados | Monitor odds: 0 | Monitor saida: 0 | ✅ 0 aprovados | 🔍 447 analisados | 📡 532 chamadas API
17:13:00 [INFO]   Proxima: 14:25 — aguardando 60s
17:14:00 [INFO] Fila: 46 aguardando | Cache: 0 bloqueados | Monitor odds: 0 | Monitor saida: 0 | ✅ 0 aprovados | 🔍 447 analisados | 📡 532 chamadas API
17:14:00 [INFO]   Proxima: 14:25 — aguardando 60s
17:15:00 [INFO] Fila: 46 aguardando | Cache: 0 bloqueados | Monitor odds: 0 | Monitor saida: 0 | ✅ 0 aprovados | 🔍 447 analisados | 📡 532 chamadas API
17:15:00 [INFO]   Proxima: 14:25 — aguardando 60s
17:16:00 [INFO] Fila: 46 aguardando | Cache: 0 bloqueados | Monitor odds: 0 | Monitor saida: 0 | ✅ 0 aprovados | 🔍 447 analisados | 📡 532 chamadas API
17:16:00 [INFO]   Proxima: 14:25 — aguardando 60s
17:17:00 [INFO] Fila: 46 aguardando | Cache: 0 bloqueados | Monitor odds: 0 | Monitor saida: 0 | ✅ 0 aprovados | 🔍 447 analisados | 📡 532 chamadas API
17:17:00 [INFO]   Proxima: 14:25 — aguardando 60s
17:18:00 [INFO] Fila: 46 aguardando | Cache: 0 bloqueados | Monitor odds: 0 | Monitor saida: 0 | ✅ 0 aprovados | 🔍 447 analisados | 📡 532 chamadas API
17:18:00 [INFO]   Proxima: 14:25 — aguardando 60s
17:19:00 [INFO] Fila: 46 aguardando | Cache: 0 bloqueados | Monitor odds: 0 | Monitor saida: 0 | ✅ 0 aprovados | 🔍 447 analisados | 📡 532 chamadas API
17:19:00 [INFO]   Proxima: 14:25 — aguardando 60s
17:20:00 [INFO] Fila: 46 aguardando | Cache: 0 bloqueados | Monitor odds: 0 | Monitor saida: 0 | ✅ 0 aprovados | 🔍 447 analisados | 📡 532 chamadas API
17:20:00 [INFO] Buscando lista de jogos do dia...
17:20:01 [WARNING] Nenhum jogo retornado pela API Betfair!
17:20:02 [INFO]   Proxima: 14:25 — aguardando 60s
17:21:02 [INFO] Fila: 46 aguardando | Cache: 0 bloqueados | Monitor odds: 0 | Monitor saida: 0 | ✅ 0 aprovados | 🔍 447 analisados | 📡 533 chamadas API
17:21:02 [INFO]   Proxima: 14:25 — aguardando 60s
17:22:02 [INFO] Fila: 46 aguardando | Cache: 0 bloqueados | Monitor odds: 0 | Monitor saida: 0 | ✅ 0 aprovados | 🔍 447 analisados | 📡 533 chamadas API
17:22:02 [INFO]   Proxima: 14:25 — aguardando 60s
17:23:02 [INFO] Fila: 46 aguardando | Cache: 0 bloqueados | Monitor odds: 0 | Monitor saida: 0 | ✅ 0 aprovados | 🔍 447 analisados | 📡 533 chamadas API
17:23:02 [INFO]   Proxima: 14:25 — aguardando 60s
17:24:02 [INFO] Fila: 46 aguardando | Cache: 0 bloqueados | Monitor odds: 0 | Monitor saida: 0 | ✅ 0 aprovados | 🔍 447 analisados | 📡 533 chamadas API
17:24:02 [INFO]   Proxima: 14:25 — aguardando 57s
17:25:00 [INFO] Fila: 46 aguardando | Cache: 0 bloqueados | Monitor odds: 0 | Monitor saida: 0 | ✅ 0 aprovados | 🔍 447 analisados | 📡 533 chamadas API
17:25:00 [INFO]   🔍 NSI Runavik v Eb/Streymur (14:30) | +4 min
17:25:00 [INFO]   ⛔ Sem mercados
17:25:00 [INFO]     -> Proxima: 14:30 (intervalo 5 min — 4 min p/ inicio)
17:25:00 [INFO]   🔍 Skala v Vikingur Gota (14:30) | +4 min
17:25:00 [INFO]   ⛔ Sem mercados
17:25:00 [INFO]     -> Proxima: 14:30 (intervalo 5 min — 4 min p/ inicio)
17:25:00 [INFO]   🔍 AB Argir v Klaksvikar Itrottarfelag (14:30) | +4 min
17:25:00 [INFO]   ⛔ Sem mercados
17:25:00 [INFO]     -> Proxima: 14:30 (intervalo 5 min — 4 min p/ inicio)
17:25:00 [INFO]   🔍 07 Vestur v B36 Torshavn (14:30) | +4 min
17:25:01 [INFO]   ⛔ Sem mercados
17:25:01 [INFO]     -> Proxima: 14:30 (intervalo 5 min — 4 min p/ inicio)
17:25:01 [INFO]   🔍 Farul Constanta v FCSB (14:30) | +4 min
17:25:01 [INFO]   ⛔ Sem mercados
17:25:01 [INFO]     -> Proxima: 14:30 (intervalo 5 min — 4 min p/ inicio)
17:25:01 [INFO] Fila: 46 aguardando | Cache: 0 bloqueados | Monitor odds: 0 | Monitor saida: 0 | ✅ 0 aprovados | 🔍 452 analisados | 📡 538 chamadas API
17:25:01 [INFO]   Proxima: 14:30 — aguardando 60s
17:26:01 [INFO] Fila: 46 aguardando | Cache: 0 bloqueados | Monitor odds: 0 | Monitor saida: 0 | ✅ 0 aprovados | 🔍 452 analisados | 📡 538 chamadas API
17:26:01 [INFO]   Proxima: 14:30 — aguardando 60s
17:27:01 [INFO] Fila: 46 aguardando | Cache: 0 bloqueados | Monitor odds: 0 | Monitor saida: 0 | ✅ 0 aprovados | 🔍 452 analisados | 📡 538 chamadas API
17:27:01 [INFO]   Proxima: 14:30 — aguardando 60s
17:28:01 [INFO] Fila: 46 aguardando | Cache: 0 bloqueados | Monitor odds: 0 | Monitor saida: 0 | ✅ 0 aprovados | 🔍 452 analisados | 📡 538 chamadas API
17:28:01 [INFO]   Proxima: 14:30 — aguardando 60s
17:29:01 [INFO] Fila: 46 aguardando | Cache: 0 bloqueados | Monitor odds: 0 | Monitor saida: 0 | ✅ 0 aprovados | 🔍 452 analisados | 📡 538 chamadas API
17:29:01 [INFO]   Proxima: 14:30 — aguardando 58s
17:30:00 [INFO] Fila: 46 aguardando | Cache: 0 bloqueados | Monitor odds: 0 | Monitor saida: 0 | ✅ 0 aprovados | 🔍 452 analisados | 📡 538 chamadas API
17:30:00 [INFO]   🔍 NSI Runavik v Eb/Streymur (14:30) | +0 min
17:30:00 [INFO]   ⛔ Sem mercados
17:30:00 [INFO]     -> Proxima: 14:35 (intervalo 5 min — 0 min p/ inicio)
17:30:00 [INFO] Fila: 46 aguardando | Cache: 0 bloqueados | Monitor odds: 0 | Monitor saida: 0 | ✅ 0 aprovados | 🔍 453 analisados | 📡 539 chamadas API
17:30:00 [INFO]   Proxima: 14:30 — aguardando 10s
17:30:10 [INFO] Fila: 46 aguardando | Cache: 0 bloqueados | Monitor odds: 0 | Monitor saida: 0 | ✅ 0 aprovados | 🔍 453 analisados | 📡 539 chamadas API
17:30:10 [INFO]   🔍 Skala v Vikingur Gota (14:30) | +0 min
17:30:10 [INFO]   ⛔ Sem mercados
17:30:10 [INFO]     -> Proxima: 14:35 (intervalo 5 min — 0 min p/ inicio)
17:30:10 [INFO]   🔍 AB Argir v Klaksvikar Itrottarfelag (14:30) | +0 min
17:30:11 [INFO]   ⛔ Sem mercados
17:30:11 [INFO]     -> Proxima: 14:35 (intervalo 5 min — 0 min p/ inicio)
17:30:11 [INFO]   🔍 07 Vestur v B36 Torshavn (14:30) | +0 min
17:30:11 [INFO]   ⛔ Sem mercados
17:30:11 [INFO]     -> Proxima: 14:35 (intervalo 5 min — 0 min p/ inicio)
17:30:11 [INFO]   🔍 Farul Constanta v FCSB (14:30) | +0 min
17:30:11 [INFO]   ⛔ Sem mercados
17:30:11 [INFO]     -> Proxima: 14:35 (intervalo 5 min — 0 min p/ inicio)
17:30:11 [INFO] Fila: 46 aguardando | Cache: 0 bloqueados | Monitor odds: 0 | Monitor saida: 0 | ✅ 0 aprovados | 🔍 457 analisados | 📡 543 chamadas API
17:30:11 [INFO]   Proxima: 14:35 — aguardando 60s
17:31:11 [INFO] Fila: 46 aguardando | Cache: 0 bloqueados | Monitor odds: 0 | Monitor saida: 0 | ✅ 0 aprovados | 🔍 457 analisados | 📡 543 chamadas API
17:31:11 [INFO]   Proxima: 14:35 — aguardando 60s
17:32:11 [INFO] Fila: 46 aguardando | Cache: 0 bloqueados | Monitor odds: 0 | Monitor saida: 0 | ✅ 0 aprovados | 🔍 457 analisados | 📡 543 chamadas API
17:32:11 [INFO]   Proxima: 14:35 — aguardando 60s
17:33:11 [INFO] Fila: 46 aguardando | Cache: 0 bloqueados | Monitor odds: 0 | Monitor saida: 0 | ✅ 0 aprovados | 🔍 457 analisados | 📡 543 chamadas API
17:33:11 [INFO]   Proxima: 14:35 — aguardando 60s
17:34:11 [INFO] Fila: 46 aguardando | Cache: 0 bloqueados | Monitor odds: 0 | Monitor saida: 0 | ✅ 0 aprovados | 🔍 457 analisados | 📡 543 chamadas API
17:34:11 [INFO]   Proxima: 14:35 — aguardando 48s
17:35:00 [INFO] Fila: 46 aguardando | Cache: 0 bloqueados | Monitor odds: 0 | Monitor saida: 0 | ✅ 0 aprovados | 🔍 457 analisados | 📡 543 chamadas API
17:35:00 [INFO]   🔍 NSI Runavik v Eb/Streymur (14:30) | -5 min
17:35:00 [INFO]   ⛔ Sem mercados
17:35:00 [INFO]     Descartado: NSI Runavik v Eb/Streymur — Janela encerrada (+10 min)
17:35:00 [INFO]   Agendador: 1 jogos removidos da fila
17:35:00 [INFO] Fila: 45 aguardando | Cache: 0 bloqueados | Monitor odds: 0 | Monitor saida: 0 | ✅ 0 aprovados | 🔍 458 analisados | 📡 544 chamadas API
17:35:00 [INFO]   Proxima: 14:35 — aguardando 10s
17:35:10 [INFO] Fila: 45 aguardando | Cache: 0 bloqueados | Monitor odds: 0 | Monitor saida: 0 | ✅ 0 aprovados | 🔍 458 analisados | 📡 544 chamadas API
17:35:10 [INFO]   🔍 Skala v Vikingur Gota (14:30) | -5 min
17:35:11 [INFO]   ⛔ Sem mercados
17:35:11 [INFO]     Descartado: Skala v Vikingur Gota — Janela encerrada (+10 min)
17:35:11 [INFO]   Agendador: 1 jogos removidos da fila
17:35:11 [INFO] Fila: 44 aguardando | Cache: 0 bloqueados | Monitor odds: 0 | Monitor saida: 0 | ✅ 0 aprovados | 🔍 459 analisados | 📡 545 chamadas API
17:35:11 [INFO]   Proxima: 14:35 — aguardando 10s
17:35:21 [INFO] Fila: 44 aguardando | Cache: 0 bloqueados | Monitor odds: 0 | Monitor saida: 0 | ✅ 0 aprovados | 🔍 459 analisados | 📡 545 chamadas API
17:35:21 [INFO]   🔍 AB Argir v Klaksvikar Itrottarfelag (14:30) | -5 min
17:35:21 [INFO]   ⛔ Sem mercados
17:35:21 [INFO]     Descartado: AB Argir v Klaksvikar Itrottarfelag — Janela encerrada (+10 min)
17:35:21 [INFO]   🔍 07 Vestur v B36 Torshavn (14:30) | -5 min
17:35:25 [INFO]   ⛔ Sem mercados
17:35:25 [INFO]     Descartado: 07 Vestur v B36 Torshavn — Janela encerrada (+10 min)
17:35:25 [INFO]   🔍 Farul Constanta v FCSB (14:30) | -5 min
17:35:25 [INFO]   ⛔ Sem mercados
17:35:25 [INFO]     Descartado: Farul Constanta v FCSB — Janela encerrada (+10 min)
17:35:25 [INFO]   Agendador: 3 jogos removidos da fila
17:35:25 [INFO] Fila: 41 aguardando | Cache: 0 bloqueados | Monitor odds: 0 | Monitor saida: 0 | ✅ 0 aprovados | 🔍 462 analisados | 📡 548 chamadas API
17:35:25 [INFO]   Proxima: 14:40 — aguardando 60s
17:36:25 [INFO] Fila: 41 aguardando | Cache: 0 bloqueados | Monitor odds: 0 | Monitor saida: 0 | ✅ 0 aprovados | 🔍 462 analisados | 📡 548 chamadas API
17:36:25 [INFO]   Proxima: 14:40 — aguardando 60s
17:37:25 [INFO] Fila: 41 aguardando | Cache: 0 bloqueados | Monitor odds: 0 | Monitor saida: 0 | ✅ 0 aprovados | 🔍 462 analisados | 📡 548 chamadas API
17:37:25 [INFO]   Proxima: 14:40 — aguardando 60s
17:38:25 [INFO] Fila: 41 aguardando | Cache: 0 bloqueados | Monitor odds: 0 | Monitor saida: 0 | ✅ 0 aprovados | 🔍 462 analisados | 📡 548 chamadas API
17:38:25 [INFO]   Proxima: 14:40 — aguardando 60s
17:39:25 [INFO] Fila: 41 aguardando | Cache: 0 bloqueados | Monitor odds: 0 | Monitor saida: 0 | ✅ 0 aprovados | 🔍 462 analisados | 📡 548 chamadas API
17:39:25 [INFO]   Proxima: 14:40 — aguardando 34s
17:40:00 [INFO] Fila: 41 aguardando | Cache: 0 bloqueados | Monitor odds: 0 | Monitor saida: 0 | ✅ 0 aprovados | 🔍 462 analisados | 📡 548 chamadas API
17:40:00 [INFO]   🔍 Porto B v Leixoes (14:45) | +4 min
17:40:00 [INFO]   ⛔ Sem mercados
17:40:00 [WARNING] Erro ao carregar reprovados: Expecting ',' delimiter: line 469 column 27 (char 8189)
17:40:00 [INFO]     -> Proxima: 14:45 (intervalo 5 min — 4 min p/ inicio)
17:40:00 [INFO]   🔍 Sporting Lisbon B v Felgueiras (14:45) | +4 min
17:40:00 [INFO]   ⛔ Sem mercados
17:40:00 [INFO]     -> Proxima: 14:45 (intervalo 5 min — 4 min p/ inicio)
17:40:00 [INFO]   🔍 Al-Ula FC v Al Jabalain (14:45) | +4 min
17:40:00 [INFO]   ⛔ Sem mercados
17:40:00 [INFO]     -> Proxima: 14:45 (intervalo 5 min — 4 min p/ inicio)
17:40:00 [INFO] Fila: 41 aguardando | Cache: 0 bloqueados | Monitor odds: 0 | Monitor saida: 0 | ✅ 0 aprovados | 🔍 465 analisados | 📡 551 chamadas API
17:40:00 [INFO]   Proxima: 14:45 — aguardando 60s
17:41:00 [INFO] Fila: 41 aguardando | Cache: 0 bloqueados | Monitor odds: 0 | Monitor saida: 0 | ✅ 0 aprovados | 🔍 465 analisados | 📡 551 chamadas API
17:41:00 [INFO]   Proxima: 14:45 — aguardando 60s
17:42:00 [INFO] Fila: 41 aguardando | Cache: 0 bloqueados | Monitor odds: 0 | Monitor saida: 0 | ✅ 0 aprovados | 🔍 465 analisados | 📡 551 chamadas API
17:42:00 [INFO]   Proxima: 14:45 — aguardando 60s
17:43:00 [INFO] Fila: 41 aguardando | Cache: 0 bloqueados | Monitor odds: 0 | Monitor saida: 0 | ✅ 0 aprovados | 🔍 465 analisados | 📡 551 chamadas API
17:43:00 [INFO]   Proxima: 14:45 — aguardando 60s
17:44:00 [INFO] Fila: 41 aguardando | Cache: 0 bloqueados | Monitor odds: 0 | Monitor saida: 0 | ✅ 0 aprovados | 🔍 465 analisados | 📡 551 chamadas API
17:44:00 [INFO]   Proxima: 14:45 — aguardando 59s
17:45:00 [INFO] Fila: 41 aguardando | Cache: 0 bloqueados | Monitor odds: 0 | Monitor saida: 0 | ✅ 0 aprovados | 🔍 465 analisados | 📡 551 chamadas API
17:45:00 [INFO]   🔍 Porto B v Leixoes (14:45) | +0 min
17:45:00 [INFO]   ⛔ Sem mercados
17:45:00 [INFO]     -> Proxima: 14:50 (intervalo 5 min — 0 min p/ inicio)
17:45:00 [INFO] Fila: 41 aguardando | Cache: 0 bloqueados | Monitor odds: 0 | Monitor saida: 0 | ✅ 0 aprovados | 🔍 466 analisados | 📡 552 chamadas API
17:45:00 [INFO]   🔍 Sporting Lisbon B v Felgueiras (14:45) | +0 min
17:45:00 [INFO]   ⛔ Sem mercados
17:45:00 [INFO]     -> Proxima: 14:50 (intervalo 5 min — 0 min p/ inicio)
17:45:00 [INFO] Fila: 41 aguardando | Cache: 0 bloqueados | Monitor odds: 0 | Monitor saida: 0 | ✅ 0 aprovados | 🔍 467 analisados | 📡 553 chamadas API
17:45:00 [INFO]   🔍 Al-Ula FC v Al Jabalain (14:45) | +0 min
17:45:01 [INFO]   ⛔ Sem mercados
17:45:01 [INFO]     -> Proxima: 14:50 (intervalo 5 min — 0 min p/ inicio)
17:45:01 [INFO] Fila: 41 aguardando | Cache: 0 bloqueados | Monitor odds: 0 | Monitor saida: 0 | ✅ 0 aprovados | 🔍 468 analisados | 📡 554 chamadas API
17:45:01 [INFO]   Proxima: 14:50 — aguardando 60s
17:46:01 [INFO] Fila: 41 aguardando | Cache: 0 bloqueados | Monitor odds: 0 | Monitor saida: 0 | ✅ 0 aprovados | 🔍 468 analisados | 📡 554 chamadas API
17:46:01 [INFO]   Proxima: 14:50 — aguardando 60s
17:47:01 [INFO] Fila: 41 aguardando | Cache: 0 bloqueados | Monitor odds: 0 | Monitor saida: 0 | ✅ 0 aprovados | 🔍 468 analisados | 📡 554 chamadas API
17:47:01 [INFO]   Proxima: 14:50 — aguardando 60s
17:48:01 [INFO] Fila: 41 aguardando | Cache: 0 bloqueados | Monitor odds: 0 | Monitor saida: 0 | ✅ 0 aprovados | 🔍 468 analisados | 📡 554 chamadas API
17:48:01 [INFO]   Proxima: 14:50 — aguardando 60s
17:49:01 [INFO] Fila: 41 aguardando | Cache: 0 bloqueados | Monitor odds: 0 | Monitor saida: 0 | ✅ 0 aprovados | 🔍 468 analisados | 📡 554 chamadas API
17:49:01 [INFO]   Proxima: 14:50 — aguardando 59s
17:50:00 [INFO] Fila: 41 aguardando | Cache: 0 bloqueados | Monitor odds: 0 | Monitor saida: 0 | ✅ 0 aprovados | 🔍 468 analisados | 📡 554 chamadas API
17:50:00 [INFO]   🔍 Porto B v Leixoes (14:45) | -5 min
17:50:00 [INFO]   ⛔ Sem mercados
17:50:00 [INFO]     Descartado: Porto B v Leixoes — Janela encerrada (+10 min)
17:50:00 [INFO]   Agendador: 1 jogos removidos da fila
17:50:00 [INFO] Fila: 40 aguardando | Cache: 0 bloqueados | Monitor odds: 0 | Monitor saida: 0 | ✅ 0 aprovados | 🔍 469 analisados | 📡 555 chamadas API
17:50:00 [INFO]   🔍 Sporting Lisbon B v Felgueiras (14:45) | -5 min
17:50:01 [INFO]   ⛔ Sem mercados
17:50:01 [INFO]     Descartado: Sporting Lisbon B v Felgueiras — Janela encerrada (+10 min)
17:50:01 [INFO]   Agendador: 1 jogos removidos da fila
17:50:01 [INFO] Fila: 39 aguardando | Cache: 0 bloqueados | Monitor odds: 0 | Monitor saida: 0 | ✅ 0 aprovados | 🔍 470 analisados | 📡 556 chamadas API
17:50:01 [INFO]   Proxima: 14:50 — aguardando 10s
17:50:11 [INFO] Fila: 39 aguardando | Cache: 0 bloqueados | Monitor odds: 0 | Monitor saida: 0 | ✅ 0 aprovados | 🔍 470 analisados | 📡 556 chamadas API
17:50:11 [INFO]   🔍 Al-Ula FC v Al Jabalain (14:45) | -5 min
17:50:11 [INFO]   ⛔ Sem mercados
17:50:11 [INFO]     Descartado: Al-Ula FC v Al Jabalain — Janela encerrada (+10 min)
17:50:11 [INFO]   Agendador: 1 jogos removidos da fila
17:50:11 [INFO] Fila: 38 aguardando | Cache: 0 bloqueados | Monitor odds: 0 | Monitor saida: 0 | ✅ 0 aprovados | 🔍 471 analisados | 📡 557 chamadas API
17:50:11 [INFO]   Proxima: 14:55 — aguardando 60s
17:51:11 [INFO] Fila: 38 aguardando | Cache: 0 bloqueados | Monitor odds: 0 | Monitor saida: 0 | ✅ 0 aprovados | 🔍 471 analisados | 📡 557 chamadas API
17:51:11 [INFO]   Proxima: 14:55 — aguardando 60s
17:52:11 [INFO] Fila: 38 aguardando | Cache: 0 bloqueados | Monitor odds: 0 | Monitor saida: 0 | ✅ 0 aprovados | 🔍 471 analisados | 📡 557 chamadas API
17:52:11 [INFO]   Proxima: 14:55 — aguardando 60s
17:53:11 [INFO] Fila: 38 aguardando | Cache: 0 bloqueados | Monitor odds: 0 | Monitor saida: 0 | ✅ 0 aprovados | 🔍 471 analisados | 📡 557 chamadas API
17:53:11 [INFO]   Proxima: 14:55 — aguardando 60s
17:54:11 [INFO] Fila: 38 aguardando | Cache: 0 bloqueados | Monitor odds: 0 | Monitor saida: 0 | ✅ 0 aprovados | 🔍 471 analisados | 📡 557 chamadas API
17:54:11 [INFO]   Proxima: 14:55 — aguardando 48s
17:55:00 [INFO] Fila: 38 aguardando | Cache: 0 bloqueados | Monitor odds: 0 | Monitor saida: 0 | ✅ 0 aprovados | 🔍 471 analisados | 📡 557 chamadas API
17:55:00 [INFO]   🔍 Vasas v BVSC Zuglo (15:00) | +4 min
17:55:00 [INFO]   ⛔ Sem mercados
17:55:00 [INFO]     -> Proxima: 15:00 (intervalo 5 min — 4 min p/ inicio)
17:55:00 [INFO]   🔍 Den Bosch v Jong FC Utrecht (15:00) | +4 min
17:55:00 [INFO]   ⛔ Sem mercados
17:55:00 [INFO]     -> Proxima: 15:00 (intervalo 5 min — 4 min p/ inicio)
17:55:00 [INFO]   🔍 Barracas Central v Belgrano (15:00) | +4 min
17:55:00 [INFO]   ⛔ Sem mercados
17:55:00 [INFO]     -> Proxima: 15:00 (intervalo 5 min — 4 min p/ inicio)
17:55:00 [INFO] Fila: 38 aguardando | Cache: 0 bloqueados | Monitor odds: 0 | Monitor saida: 0 | ✅ 0 aprovados | 🔍 474 analisados | 📡 560 chamadas API
17:55:00 [INFO]   Proxima: 15:00 — aguardando 60s
17:56:00 [INFO] Fila: 38 aguardando | Cache: 0 bloqueados | Monitor odds: 0 | Monitor saida: 0 | ✅ 0 aprovados | 🔍 474 analisados | 📡 560 chamadas API
17:56:00 [INFO]   Proxima: 15:00 — aguardando 60s
17:57:00 [INFO] Fila: 38 aguardando | Cache: 0 bloqueados | Monitor odds: 0 | Monitor saida: 0 | ✅ 0 aprovados | 🔍 474 analisados | 📡 560 chamadas API
17:57:00 [INFO]   Proxima: 15:00 — aguardando 60s
17:58:00 [INFO] Fila: 38 aguardando | Cache: 0 bloqueados | Monitor odds: 0 | Monitor saida: 0 | ✅ 0 aprovados | 🔍 474 analisados | 📡 560 chamadas API
17:58:00 [INFO]   Proxima: 15:00 — aguardando 60s
17:59:00 [INFO] Fila: 38 aguardando | Cache: 0 bloqueados | Monitor odds: 0 | Monitor saida: 0 | ✅ 0 aprovados | 🔍 474 analisados | 📡 560 chamadas API
17:59:00 [INFO]   Proxima: 15:00 — aguardando 59s
18:00:00 [INFO] Fila: 38 aguardando | Cache: 0 bloqueados | Monitor odds: 0 | Monitor saida: 0 | ✅ 0 aprovados | 🔍 474 analisados | 📡 560 chamadas API
18:00:00 [INFO]   🔍 Vasas v BVSC Zuglo (15:00) | +0 min
18:00:00 [INFO]   ⛔ Sem mercados
18:00:00 [INFO]     -> Proxima: 15:05 (intervalo 5 min — 0 min p/ inicio)
18:00:00 [INFO] Fila: 38 aguardando | Cache: 0 bloqueados | Monitor odds: 0 | Monitor saida: 0 | ✅ 0 aprovados | 🔍 475 analisados | 📡 561 chamadas API
18:00:00 [INFO]   🔍 Den Bosch v Jong FC Utrecht (15:00) | +0 min
18:00:00 [INFO]   ⛔ Sem mercados
18:00:00 [INFO]     -> Proxima: 15:05 (intervalo 5 min — 0 min p/ inicio)
18:00:00 [INFO] Fila: 38 aguardando | Cache: 0 bloqueados | Monitor odds: 0 | Monitor saida: 0 | ✅ 0 aprovados | 🔍 476 analisados | 📡 562 chamadas API
18:00:00 [INFO]   Proxima: 15:00 — aguardando 10s
18:00:10 [INFO] Fila: 38 aguardando | Cache: 0 bloqueados | Monitor odds: 0 | Monitor saida: 0 | ✅ 0 aprovados | 🔍 476 analisados | 📡 562 chamadas API
18:00:10 [INFO]   🔍 Barracas Central v Belgrano (15:00) | +0 min
18:00:11 [INFO]   ⛔ Sem mercados
18:00:11 [INFO]     -> Proxima: 15:05 (intervalo 5 min — 0 min p/ inicio)
18:00:11 [INFO] Fila: 38 aguardando | Cache: 0 bloqueados | Monitor odds: 0 | Monitor saida: 0 | ✅ 0 aprovados | 🔍 477 analisados | 📡 563 chamadas API
18:00:11 [INFO]   Proxima: 15:05 — aguardando 60s
18:01:11 [INFO] Fila: 38 aguardando | Cache: 0 bloqueados | Monitor odds: 0 | Monitor saida: 0 | ✅ 0 aprovados | 🔍 477 analisados | 📡 563 chamadas API
18:01:11 [INFO]   Proxima: 15:05 — aguardando 60s
18:02:11 [INFO] Fila: 38 aguardando | Cache: 0 bloqueados | Monitor odds: 0 | Monitor saida: 0 | ✅ 0 aprovados | 🔍 477 analisados | 📡 563 chamadas API
18:02:11 [INFO]   Proxima: 15:05 — aguardando 60s
18:03:11 [INFO] Fila: 38 aguardando | Cache: 0 bloqueados | Monitor odds: 0 | Monitor saida: 0 | ✅ 0 aprovados | 🔍 477 analisados | 📡 563 chamadas API
18:03:11 [INFO]   Proxima: 15:05 — aguardando 60s
18:04:11 [INFO] Fila: 38 aguardando | Cache: 0 bloqueados | Monitor odds: 0 | Monitor saida: 0 | ✅ 0 aprovados | 🔍 477 analisados | 📡 563 chamadas API
18:04:11 [INFO]   Proxima: 15:05 — aguardando 49s
18:05:00 [INFO] Fila: 38 aguardando | Cache: 0 bloqueados | Monitor odds: 0 | Monitor saida: 0 | ✅ 0 aprovados | 🔍 477 analisados | 📡 563 chamadas API
18:05:00 [INFO]   🔍 Vasas v BVSC Zuglo (15:00) | -5 min
18:05:00 [INFO]   ⛔ Sem mercados
18:05:00 [INFO]     Descartado: Vasas v BVSC Zuglo — Janela encerrada (+10 min)
18:05:00 [INFO]   Agendador: 1 jogos removidos da fila
18:05:00 [INFO] Fila: 37 aguardando | Cache: 0 bloqueados | Monitor odds: 0 | Monitor saida: 0 | ✅ 0 aprovados | 🔍 478 analisados | 📡 564 chamadas API
18:05:00 [INFO]   🔍 Den Bosch v Jong FC Utrecht (15:00) | -5 min
18:05:01 [INFO]   ⛔ Sem mercados
18:05:01 [INFO]     Descartado: Den Bosch v Jong FC Utrecht — Janela encerrada (+10 min)
18:05:01 [INFO]   Agendador: 1 jogos removidos da fila
18:05:01 [INFO] Fila: 36 aguardando | Cache: 0 bloqueados | Monitor odds: 0 | Monitor saida: 0 | ✅ 0 aprovados | 🔍 479 analisados | 📡 565 chamadas API
18:05:01 [INFO]   Proxima: 15:05 — aguardando 10s
18:05:11 [INFO] Fila: 36 aguardando | Cache: 0 bloqueados | Monitor odds: 0 | Monitor saida: 0 | ✅ 0 aprovados | 🔍 479 analisados | 📡 565 chamadas API
18:05:11 [INFO]   🔍 Barracas Central v Belgrano (15:00) | -5 min
18:05:11 [INFO]   ⛔ Sem mercados
18:05:11 [INFO]     Descartado: Barracas Central v Belgrano — Janela encerrada (+10 min)
18:05:11 [INFO]   Agendador: 1 jogos removidos da fila
18:05:11 [INFO] Fila: 35 aguardando | Cache: 0 bloqueados | Monitor odds: 0 | Monitor saida: 0 | ✅ 0 aprovados | 🔍 480 analisados | 📡 566 chamadas API
18:05:11 [INFO]   Proxima: 15:25 — aguardando 60s
18:06:11 [INFO] Fila: 35 aguardando | Cache: 0 bloqueados | Monitor odds: 0 | Monitor saida: 0 | ✅ 0 aprovados | 🔍 480 analisados | 📡 566 chamadas API
18:06:11 [INFO]   Proxima: 15:25 — aguardando 60s
18:07:11 [INFO] Fila: 35 aguardando | Cache: 0 bloqueados | Monitor odds: 0 | Monitor saida: 0 | ✅ 0 aprovados | 🔍 480 analisados | 📡 566 chamadas API
18:07:11 [INFO]   Proxima: 15:25 — aguardando 60s
18:08:11 [INFO] Fila: 35 aguardando | Cache: 0 bloqueados | Monitor odds: 0 | Monitor saida: 0 | ✅ 0 aprovados | 🔍 480 analisados | 📡 566 chamadas API
18:08:11 [INFO]   Proxima: 15:25 — aguardando 60s
18:09:11 [INFO] Fila: 35 aguardando | Cache: 0 bloqueados | Monitor odds: 0 | Monitor saida: 0 | ✅ 0 aprovados | 🔍 480 analisados | 📡 566 chamadas API
18:09:11 [INFO]   Proxima: 15:25 — aguardando 60s
18:10:11 [INFO] Fila: 35 aguardando | Cache: 0 bloqueados | Monitor odds: 0 | Monitor saida: 0 | ✅ 0 aprovados | 🔍 480 analisados | 📡 566 chamadas API
18:10:11 [INFO]   Proxima: 15:25 — aguardando 60s
18:11:11 [INFO] Fila: 35 aguardando | Cache: 0 bloqueados | Monitor odds: 0 | Monitor saida: 0 | ✅ 0 aprovados | 🔍 480 analisados | 📡 566 chamadas API
18:11:11 [INFO]   Proxima: 15:25 — aguardando 60s
18:12:11 [INFO] Fila: 35 aguardando | Cache: 0 bloqueados | Monitor odds: 0 | Monitor saida: 0 | ✅ 0 aprovados | 🔍 480 analisados | 📡 566 chamadas API
18:12:11 [INFO]   Proxima: 15:25 — aguardando 60s
18:13:11 [INFO] Fila: 35 aguardando | Cache: 0 bloqueados | Monitor odds: 0 | Monitor saida: 0 | ✅ 0 aprovados | 🔍 480 analisados | 📡 566 chamadas API
18:13:11 [INFO]   Proxima: 15:25 — aguardando 60s
18:14:11 [INFO] Fila: 35 aguardando | Cache: 0 bloqueados | Monitor odds: 0 | Monitor saida: 0 | ✅ 0 aprovados | 🔍 480 analisados | 📡 566 chamadas API
18:14:11 [INFO]   Proxima: 15:25 — aguardando 60s
18:15:11 [INFO] Fila: 35 aguardando | Cache: 0 bloqueados | Monitor odds: 0 | Monitor saida: 0 | ✅ 0 aprovados | 🔍 480 analisados | 📡 566 chamadas API
18:15:11 [INFO]   Proxima: 15:25 — aguardando 60s
18:16:11 [INFO] Fila: 35 aguardando | Cache: 0 bloqueados | Monitor odds: 0 | Monitor saida: 0 | ✅ 0 aprovados | 🔍 480 analisados | 📡 566 chamadas API
18:16:11 [INFO]   Proxima: 15:25 — aguardando 60s
18:17:11 [INFO] Fila: 35 aguardando | Cache: 0 bloqueados | Monitor odds: 0 | Monitor saida: 0 | ✅ 0 aprovados | 🔍 480 analisados | 📡 566 chamadas API
18:17:11 [INFO]   Proxima: 15:25 — aguardando 60s
18:18:11 [INFO] Fila: 35 aguardando | Cache: 0 bloqueados | Monitor odds: 0 | Monitor saida: 0 | ✅ 0 aprovados | 🔍 480 analisados | 📡 566 chamadas API
18:18:11 [INFO]   Proxima: 15:25 — aguardando 60s
18:19:11 [INFO] Fila: 35 aguardando | Cache: 0 bloqueados | Monitor odds: 0 | Monitor saida: 0 | ✅ 0 aprovados | 🔍 480 analisados | 📡 566 chamadas API
18:19:11 [INFO]   Proxima: 15:25 — aguardando 60s
18:20:11 [INFO] Fila: 35 aguardando | Cache: 0 bloqueados | Monitor odds: 0 | Monitor saida: 0 | ✅ 0 aprovados | 🔍 480 analisados | 📡 566 chamadas API
18:20:11 [INFO] Buscando lista de jogos do dia...
18:20:11 [WARNING] Nenhum jogo retornado pela API Betfair!
18:20:12 [INFO]   Proxima: 15:25 — aguardando 60s
18:21:12 [INFO] Fila: 35 aguardando | Cache: 0 bloqueados | Monitor odds: 0 | Monitor saida: 0 | ✅ 0 aprovados | 🔍 480 analisados | 📡 567 chamadas API
18:21:12 [INFO]   Proxima: 15:25 — aguardando 60s
18:22:12 [INFO] Fila: 35 aguardando | Cache: 0 bloqueados | Monitor odds: 0 | Monitor saida: 0 | ✅ 0 aprovados | 🔍 480 analisados | 📡 567 chamadas API
18:22:12 [INFO]   Proxima: 15:25 — aguardando 60s
18:23:12 [INFO] Fila: 35 aguardando | Cache: 0 bloqueados | Monitor odds: 0 | Monitor saida: 0 | ✅ 0 aprovados | 🔍 480 analisados | 📡 567 chamadas API
18:23:12 [INFO]   Proxima: 15:25 — aguardando 60s
18:24:12 [INFO] Fila: 35 aguardando | Cache: 0 bloqueados | Monitor odds: 0 | Monitor saida: 0 | ✅ 0 aprovados | 🔍 480 analisados | 📡 567 chamadas API
18:24:12 [INFO]   Proxima: 15:25 — aguardando 47s
18:25:00 [INFO] Fila: 35 aguardando | Cache: 0 bloqueados | Monitor odds: 0 | Monitor saida: 0 | ✅ 0 aprovados | 🔍 480 analisados | 📡 567 chamadas API
18:25:00 [INFO]   🔍 Deportivo v Mirandes (15:30) | +4 min
18:25:00 [INFO]   ⛔ Sem mercados
18:25:00 [INFO]     -> Proxima: 15:30 (intervalo 5 min — 4 min p/ inicio)
18:25:00 [INFO] Fila: 35 aguardando | Cache: 0 bloqueados | Monitor odds: 0 | Monitor saida: 0 | ✅ 0 aprovados | 🔍 481 analisados | 📡 568 chamadas API
18:25:00 [INFO]   Proxima: 15:30 — aguardando 60s
18:26:00 [INFO] Fila: 35 aguardando | Cache: 0 bloqueados | Monitor odds: 0 | Monitor saida: 0 | ✅ 0 aprovados | 🔍 481 analisados | 📡 568 chamadas API
18:26:00 [INFO]   Proxima: 15:30 — aguardando 60s
18:27:00 [INFO] Fila: 35 aguardando | Cache: 0 bloqueados | Monitor odds: 0 | Monitor saida: 0 | ✅ 0 aprovados | 🔍 481 analisados | 📡 568 chamadas API
18:27:00 [INFO]   Proxima: 15:30 — aguardando 60s
18:28:00 [INFO] Fila: 35 aguardando | Cache: 0 bloqueados | Monitor odds: 0 | Monitor saida: 0 | ✅ 0 aprovados | 🔍 481 analisados | 📡 568 chamadas API
18:28:00 [INFO]   Proxima: 15:30 — aguardando 60s
18:29:00 [INFO] Fila: 35 aguardando | Cache: 0 bloqueados | Monitor odds: 0 | Monitor saida: 0 | ✅ 0 aprovados | 🔍 481 analisados | 📡 568 chamadas API
18:29:00 [INFO]   Proxima: 15:30 — aguardando 59s
18:30:00 [INFO] Fila: 35 aguardando | Cache: 0 bloqueados | Monitor odds: 0 | Monitor saida: 0 | ✅ 0 aprovados | 🔍 481 analisados | 📡 568 chamadas API
18:30:00 [INFO]   🔍 Deportivo v Mirandes (15:30) | +0 min
18:30:00 [INFO]   ⛔ Sem mercados
18:30:00 [INFO]     -> Proxima: 15:35 (intervalo 5 min — 0 min p/ inicio)
18:30:00 [INFO] Fila: 35 aguardando | Cache: 0 bloqueados | Monitor odds: 0 | Monitor saida: 0 | ✅ 0 aprovados | 🔍 482 analisados | 📡 569 chamadas API
18:30:00 [INFO]   Proxima: 15:35 — aguardando 60s
18:31:00 [INFO] Fila: 35 aguardando | Cache: 0 bloqueados | Monitor odds: 0 | Monitor saida: 0 | ✅ 0 aprovados | 🔍 482 analisados | 📡 569 chamadas API
18:31:00 [INFO]   Proxima: 15:35 — aguardando 60s
18:32:00 [INFO] Fila: 35 aguardando | Cache: 0 bloqueados | Monitor odds: 0 | Monitor saida: 0 | ✅ 0 aprovados | 🔍 482 analisados | 📡 569 chamadas API
18:32:00 [INFO]   Proxima: 15:35 — aguardando 60s
18:33:00 [INFO] Fila: 35 aguardando | Cache: 0 bloqueados | Monitor odds: 0 | Monitor saida: 0 | ✅ 0 aprovados | 🔍 482 analisados | 📡 569 chamadas API
18:33:00 [INFO]   Proxima: 15:35 — aguardando 60s
18:34:00 [INFO] Fila: 35 aguardando | Cache: 0 bloqueados | Monitor odds: 0 | Monitor saida: 0 | ✅ 0 aprovados | 🔍 482 analisados | 📡 569 chamadas API
18:34:00 [INFO]   Proxima: 15:35 — aguardando 59s
18:35:00 [INFO] Fila: 35 aguardando | Cache: 0 bloqueados | Monitor odds: 0 | Monitor saida: 0 | ✅ 0 aprovados | 🔍 482 analisados | 📡 569 chamadas API
18:35:00 [INFO]   🔍 Deportivo v Mirandes (15:30) | -5 min
18:35:00 [INFO]   ⛔ Sem mercados
18:35:00 [INFO]     Descartado: Deportivo v Mirandes — Janela encerrada (+10 min)
18:35:00 [INFO]   Agendador: 1 jogos removidos da fila
18:35:00 [INFO] Fila: 34 aguardando | Cache: 0 bloqueados | Monitor odds: 0 | Monitor saida: 0 | ✅ 0 aprovados | 🔍 483 analisados | 📡 570 chamadas API
18:35:00 [INFO]   Proxima: 15:40 — aguardando 60s
18:36:00 [INFO] Fila: 34 aguardando | Cache: 0 bloqueados | Monitor odds: 0 | Monitor saida: 0 | ✅ 0 aprovados | 🔍 483 analisados | 📡 570 chamadas API
18:36:00 [INFO]   Proxima: 15:40 — aguardando 60s
18:37:00 [INFO] Fila: 34 aguardando | Cache: 0 bloqueados | Monitor odds: 0 | Monitor saida: 0 | ✅ 0 aprovados | 🔍 483 analisados | 📡 570 chamadas API
18:37:00 [INFO]   Proxima: 15:40 — aguardando 60s
18:38:00 [INFO] Fila: 34 aguardando | Cache: 0 bloqueados | Monitor odds: 0 | Monitor saida: 0 | ✅ 0 aprovados | 🔍 483 analisados | 📡 570 chamadas API
18:38:00 [INFO]   Proxima: 15:40 — aguardando 60s
18:39:00 [INFO] Fila: 34 aguardando | Cache: 0 bloqueados | Monitor odds: 0 | Monitor saida: 0 | ✅ 0 aprovados | 🔍 483 analisados | 📡 570 chamadas API
18:39:00 [INFO]   Proxima: 15:40 — aguardando 59s
18:40:00 [INFO] Fila: 34 aguardando | Cache: 0 bloqueados | Monitor odds: 0 | Monitor saida: 0 | ✅ 0 aprovados | 🔍 483 analisados | 📡 570 chamadas API
18:40:00 [INFO]   🔍 Dunkerque v Laval (15:45) | +4 min
18:40:00 [INFO]   ⛔ Sem mercados
18:40:00 [INFO]     -> Proxima: 15:45 (intervalo 5 min — 4 min p/ inicio)
18:40:00 [INFO]   🔍 Lecce v Fiorentina (15:45) | +4 min
18:40:00 [INFO]   ⛔ Sem mercados
18:40:00 [INFO]     -> Proxima: 15:45 (intervalo 5 min — 4 min p/ inicio)
18:40:00 [INFO] Fila: 34 aguardando | Cache: 0 bloqueados | Monitor odds: 0 | Monitor saida: 0 | ✅ 0 aprovados | 🔍 485 analisados | 📡 572 chamadas API
18:40:00 [INFO]   Proxima: 15:45 — aguardando 60s
18:41:00 [INFO] Fila: 34 aguardando | Cache: 0 bloqueados | Monitor odds: 0 | Monitor saida: 0 | ✅ 0 aprovados | 🔍 485 analisados | 📡 572 chamadas API
18:41:00 [INFO]   Proxima: 15:45 — aguardando 60s
18:42:00 [INFO] Fila: 34 aguardando | Cache: 0 bloqueados | Monitor odds: 0 | Monitor saida: 0 | ✅ 0 aprovados | 🔍 485 analisados | 📡 572 chamadas API
18:42:00 [INFO]   Proxima: 15:45 — aguardando 60s
18:43:00 [INFO] Fila: 34 aguardando | Cache: 0 bloqueados | Monitor odds: 0 | Monitor saida: 0 | ✅ 0 aprovados | 🔍 485 analisados | 📡 572 chamadas API
18:43:00 [INFO]   Proxima: 15:45 — aguardando 60s
18:44:00 [INFO] Fila: 34 aguardando | Cache: 0 bloqueados | Monitor odds: 0 | Monitor saida: 0 | ✅ 0 aprovados | 🔍 485 analisados | 📡 572 chamadas API
18:44:00 [INFO]   Proxima: 15:45 — aguardando 59s
18:45:00 [INFO] Fila: 34 aguardando | Cache: 0 bloqueados | Monitor odds: 0 | Monitor saida: 0 | ✅ 0 aprovados | 🔍 485 analisados | 📡 572 chamadas API
18:45:00 [INFO]   🔍 Dunkerque v Laval (15:45) | +0 min
18:45:00 [INFO]   ⛔ Sem mercados
18:45:00 [INFO]     -> Proxima: 15:50 (intervalo 5 min — 0 min p/ inicio)
18:45:00 [INFO] Fila: 34 aguardando | Cache: 0 bloqueados | Monitor odds: 0 | Monitor saida: 0 | ✅ 0 aprovados | 🔍 486 analisados | 📡 573 chamadas API
18:45:00 [INFO]   🔍 Lecce v Fiorentina (15:45) | +0 min
18:45:00 [INFO]   ⛔ Sem mercados
18:45:00 [INFO]     -> Proxima: 15:50 (intervalo 5 min — 0 min p/ inicio)
18:45:00 [INFO] Fila: 34 aguardando | Cache: 0 bloqueados | Monitor odds: 0 | Monitor saida: 0 | ✅ 0 aprovados | 🔍 487 analisados | 📡 574 chamadas API
18:45:00 [INFO]   Proxima: 15:50 — aguardando 60s
18:46:00 [INFO] Fila: 34 aguardando | Cache: 0 bloqueados | Monitor odds: 0 | Monitor saida: 0 | ✅ 0 aprovados | 🔍 487 analisados | 📡 574 chamadas API
18:46:00 [INFO]   Proxima: 15:50 — aguardando 60s
18:47:00 [INFO] Fila: 34 aguardando | Cache: 0 bloqueados | Monitor odds: 0 | Monitor saida: 0 | ✅ 0 aprovados | 🔍 487 analisados | 📡 574 chamadas API
18:47:00 [INFO]   Proxima: 15:50 — aguardando 60s
18:48:00 [INFO] Fila: 34 aguardando | Cache: 0 bloqueados | Monitor odds: 0 | Monitor saida: 0 | ✅ 0 aprovados | 🔍 487 analisados | 📡 574 chamadas API
18:48:00 [INFO]   Proxima: 15:50 — aguardando 60s
18:49:00 [INFO] Fila: 34 aguardando | Cache: 0 bloqueados | Monitor odds: 0 | Monitor saida: 0 | ✅ 0 aprovados | 🔍 487 analisados | 📡 574 chamadas API
18:49:00 [INFO]   Proxima: 15:50 — aguardando 59s
18:50:00 [INFO] Fila: 34 aguardando | Cache: 0 bloqueados | Monitor odds: 0 | Monitor saida: 0 | ✅ 0 aprovados | 🔍 487 analisados | 📡 574 chamadas API
18:50:00 [INFO]   🔍 Dunkerque v Laval (15:45) | -5 min
18:50:00 [INFO]   ⛔ Sem mercados
18:50:00 [INFO]     Descartado: Dunkerque v Laval — Janela encerrada (+10 min)
18:50:00 [INFO]   Agendador: 1 jogos removidos da fila
18:50:00 [INFO] Fila: 33 aguardando | Cache: 0 bloqueados | Monitor odds: 0 | Monitor saida: 0 | ✅ 0 aprovados | 🔍 488 analisados | 📡 575 chamadas API
18:50:00 [INFO]   🔍 Lecce v Fiorentina (15:45) | -5 min
18:50:01 [INFO]   ⛔ Sem mercados
18:50:01 [INFO]     Descartado: Lecce v Fiorentina — Janela encerrada (+10 min)
18:50:01 [INFO]   Agendador: 1 jogos removidos da fila
18:50:01 [INFO] Fila: 32 aguardando | Cache: 0 bloqueados | Monitor odds: 0 | Monitor saida: 0 | ✅ 0 aprovados | 🔍 489 analisados | 📡 576 chamadas API
18:50:01 [INFO]   Proxima: 15:55 — aguardando 60s
18:51:01 [INFO] Fila: 32 aguardando | Cache: 0 bloqueados | Monitor odds: 0 | Monitor saida: 0 | ✅ 0 aprovados | 🔍 489 analisados | 📡 576 chamadas API
18:51:01 [INFO]   Proxima: 15:55 — aguardando 60s
18:52:01 [INFO] Fila: 32 aguardando | Cache: 0 bloqueados | Monitor odds: 0 | Monitor saida: 0 | ✅ 0 aprovados | 🔍 489 analisados | 📡 576 chamadas API
18:52:01 [INFO]   Proxima: 15:55 — aguardando 60s
18:53:01 [INFO] Fila: 32 aguardando | Cache: 0 bloqueados | Monitor odds: 0 | Monitor saida: 0 | ✅ 0 aprovados | 🔍 489 analisados | 📡 576 chamadas API
18:53:01 [INFO]   Proxima: 15:55 — aguardando 60s
18:54:01 [INFO] Fila: 32 aguardando | Cache: 0 bloqueados | Monitor odds: 0 | Monitor saida: 0 | ✅ 0 aprovados | 🔍 489 analisados | 📡 576 chamadas API
18:54:01 [INFO]   Proxima: 15:55 — aguardando 58s
18:55:00 [INFO] Fila: 32 aguardando | Cache: 0 bloqueados | Monitor odds: 0 | Monitor saida: 0 | ✅ 0 aprovados | 🔍 489 analisados | 📡 576 chamadas API
18:55:00 [INFO]   🔍 Crystal Palace v West Ham (16:00) | +4 min
18:55:00 [INFO]   ⛔ Sem mercados
18:55:00 [INFO]     -> Proxima: 16:00 (intervalo 5 min — 4 min p/ inicio)
18:55:00 [INFO] Fila: 32 aguardando | Cache: 0 bloqueados | Monitor odds: 0 | Monitor saida: 0 | ✅ 0 aprovados | 🔍 490 analisados | 📡 577 chamadas API
18:55:00 [INFO]   Proxima: 16:00 — aguardando 60s
18:56:00 [INFO] Fila: 32 aguardando | Cache: 0 bloqueados | Monitor odds: 0 | Monitor saida: 0 | ✅ 0 aprovados | 🔍 490 analisados | 📡 577 chamadas API
18:56:00 [INFO]   Proxima: 16:00 — aguardando 60s
18:57:00 [INFO] Fila: 32 aguardando | Cache: 0 bloqueados | Monitor odds: 0 | Monitor saida: 0 | ✅ 0 aprovados | 🔍 490 analisados | 📡 577 chamadas API
18:57:00 [INFO]   Proxima: 16:00 — aguardando 60s
18:58:00 [INFO] Fila: 32 aguardando | Cache: 0 bloqueados | Monitor odds: 0 | Monitor saida: 0 | ✅ 0 aprovados | 🔍 490 analisados | 📡 577 chamadas API
18:58:00 [INFO]   Proxima: 16:00 — aguardando 60s
18:59:00 [INFO] Fila: 32 aguardando | Cache: 0 bloqueados | Monitor odds: 0 | Monitor saida: 0 | ✅ 0 aprovados | 🔍 490 analisados | 📡 577 chamadas API
18:59:00 [INFO]   Proxima: 16:00 — aguardando 59s
19:00:00 [INFO] Fila: 32 aguardando | Cache: 0 bloqueados | Monitor odds: 0 | Monitor saida: 0 | ✅ 0 aprovados | 🔍 490 analisados | 📡 577 chamadas API
19:00:00 [INFO]   🔍 Crystal Palace v West Ham (16:00) | +0 min
19:00:00 [INFO]   ⛔ Sem mercados
19:00:00 [INFO]     -> Proxima: 16:05 (intervalo 5 min — 0 min p/ inicio)
19:00:00 [INFO] Fila: 32 aguardando | Cache: 0 bloqueados | Monitor odds: 0 | Monitor saida: 0 | ✅ 0 aprovados | 🔍 491 analisados | 📡 578 chamadas API
19:00:00 [INFO]   Proxima: 16:05 — aguardando 60s
19:01:00 [INFO] Fila: 32 aguardando | Cache: 0 bloqueados | Monitor odds: 0 | Monitor saida: 0 | ✅ 0 aprovados | 🔍 491 analisados | 📡 578 chamadas API
19:01:00 [INFO]   Proxima: 16:05 — aguardando 60s
19:02:00 [INFO] Fila: 32 aguardando | Cache: 0 bloqueados | Monitor odds: 0 | Monitor saida: 0 | ✅ 0 aprovados | 🔍 491 analisados | 📡 578 chamadas API
19:02:00 [INFO]   Proxima: 16:05 — aguardando 60s
19:03:00 [INFO] Fila: 32 aguardando | Cache: 0 bloqueados | Monitor odds: 0 | Monitor saida: 0 | ✅ 0 aprovados | 🔍 491 analisados | 📡 578 chamadas API
19:03:00 [INFO]   Proxima: 16:05 — aguardando 60s
19:04:00 [INFO] Fila: 32 aguardando | Cache: 0 bloqueados | Monitor odds: 0 | Monitor saida: 0 | ✅ 0 aprovados | 🔍 491 analisados | 📡 578 chamadas API
19:04:00 [INFO]   Proxima: 16:05 — aguardando 59s
19:05:00 [INFO] Fila: 32 aguardando | Cache: 0 bloqueados | Monitor odds: 0 | Monitor saida: 0 | ✅ 0 aprovados | 🔍 491 analisados | 📡 578 chamadas API
19:05:00 [INFO]   🔍 Crystal Palace v West Ham (16:00) | -5 min
19:05:01 [INFO]   ⛔ Sem mercados
19:05:01 [INFO]     Descartado: Crystal Palace v West Ham — Janela encerrada (+10 min)
19:05:01 [INFO]   Agendador: 1 jogos removidos da fila
19:05:01 [INFO] Fila: 31 aguardando | Cache: 0 bloqueados | Monitor odds: 0 | Monitor saida: 0 | ✅ 0 aprovados | 🔍 492 analisados | 📡 579 chamadas API
19:05:01 [INFO]   Proxima: 16:10 — aguardando 60s
19:06:01 [INFO] Fila: 31 aguardando | Cache: 0 bloqueados | Monitor odds: 0 | Monitor saida: 0 | ✅ 0 aprovados | 🔍 492 analisados | 📡 579 chamadas API
19:06:01 [INFO]   Proxima: 16:10 — aguardando 60s
19:07:01 [INFO] Fila: 31 aguardando | Cache: 0 bloqueados | Monitor odds: 0 | Monitor saida: 0 | ✅ 0 aprovados | 🔍 492 analisados | 📡 579 chamadas API
19:07:01 [INFO]   Proxima: 16:10 — aguardando 60s
19:08:01 [INFO] Fila: 31 aguardando | Cache: 0 bloqueados | Monitor odds: 0 | Monitor saida: 0 | ✅ 0 aprovados | 🔍 492 analisados | 📡 579 chamadas API
19:08:01 [INFO]   Proxima: 16:10 — aguardando 60s
19:09:01 [INFO] Fila: 31 aguardando | Cache: 0 bloqueados | Monitor odds: 0 | Monitor saida: 0 | ✅ 0 aprovados | 🔍 492 analisados | 📡 579 chamadas API
19:09:01 [INFO]   Proxima: 16:10 — aguardando 58s
19:10:00 [INFO] Fila: 31 aguardando | Cache: 0 bloqueados | Monitor odds: 0 | Monitor saida: 0 | ✅ 0 aprovados | 🔍 492 analisados | 📡 579 chamadas API
19:10:00 [INFO]   🔍 Moreirense v Estoril Praia (16:15) | +4 min
19:10:00 [INFO]   ⛔ Sem mercados
19:10:00 [INFO]     -> Proxima: 16:15 (intervalo 5 min — 4 min p/ inicio)
19:10:00 [INFO] Fila: 31 aguardando | Cache: 0 bloqueados | Monitor odds: 0 | Monitor saida: 0 | ✅ 0 aprovados | 🔍 493 analisados | 📡 580 chamadas API
19:10:00 [INFO]   Proxima: 16:15 — aguardando 60s
19:11:00 [INFO] Fila: 31 aguardando | Cache: 0 bloqueados | Monitor odds: 0 | Monitor saida: 0 | ✅ 0 aprovados | 🔍 493 analisados | 📡 580 chamadas API
19:11:00 [INFO]   Proxima: 16:15 — aguardando 60s
19:12:00 [INFO] Fila: 31 aguardando | Cache: 0 bloqueados | Monitor odds: 0 | Monitor saida: 0 | ✅ 0 aprovados | 🔍 493 analisados | 📡 580 chamadas API
19:12:00 [INFO]   Proxima: 16:15 — aguardando 60s
19:13:00 [INFO] Fila: 31 aguardando | Cache: 0 bloqueados | Monitor odds: 0 | Monitor saida: 0 | ✅ 0 aprovados | 🔍 493 analisados | 📡 580 chamadas API
19:13:00 [INFO]   Proxima: 16:15 — aguardando 60s
19:14:00 [INFO] Fila: 31 aguardando | Cache: 0 bloqueados | Monitor odds: 0 | Monitor saida: 0 | ✅ 0 aprovados | 🔍 493 analisados | 📡 580 chamadas API
19:14:00 [INFO]   Proxima: 16:15 — aguardando 59s
19:15:00 [INFO] Fila: 31 aguardando | Cache: 0 bloqueados | Monitor odds: 0 | Monitor saida: 0 | ✅ 0 aprovados | 🔍 493 analisados | 📡 580 chamadas API
19:15:00 [INFO]   🔍 Moreirense v Estoril Praia (16:15) | +0 min
19:15:00 [INFO]   ⛔ Sem mercados
19:15:00 [INFO]     -> Proxima: 16:20 (intervalo 5 min — 0 min p/ inicio)
19:15:00 [INFO] Fila: 31 aguardando | Cache: 0 bloqueados | Monitor odds: 0 | Monitor saida: 0 | ✅ 0 aprovados | 🔍 494 analisados | 📡 581 chamadas API
19:15:00 [INFO]   Proxima: 16:20 — aguardando 60s
19:16:00 [INFO] Fila: 31 aguardando | Cache: 0 bloqueados | Monitor odds: 0 | Monitor saida: 0 | ✅ 0 aprovados | 🔍 494 analisados | 📡 581 chamadas API
19:16:00 [INFO]   Proxima: 16:20 — aguardando 60s
19:17:00 [INFO] Fila: 31 aguardando | Cache: 0 bloqueados | Monitor odds: 0 | Monitor saida: 0 | ✅ 0 aprovados | 🔍 494 analisados | 📡 581 chamadas API
19:17:00 [INFO]   Proxima: 16:20 — aguardando 60s
19:18:00 [INFO] Fila: 31 aguardando | Cache: 0 bloqueados | Monitor odds: 0 | Monitor saida: 0 | ✅ 0 aprovados | 🔍 494 analisados | 📡 581 chamadas API
19:18:00 [INFO]   Proxima: 16:20 — aguardando 60s
19:19:00 [INFO] Fila: 31 aguardando | Cache: 0 bloqueados | Monitor odds: 0 | Monitor saida: 0 | ✅ 0 aprovados | 🔍 494 analisados | 📡 581 chamadas API
19:19:00 [INFO]   Proxima: 16:20 — aguardando 59s
19:20:00 [INFO] Fila: 31 aguardando | Cache: 0 bloqueados | Monitor odds: 0 | Monitor saida: 0 | ✅ 0 aprovados | 🔍 494 analisados | 📡 581 chamadas API
19:20:00 [INFO]   🔍 Moreirense v Estoril Praia (16:15) | -5 min
19:20:00 [INFO]   ⛔ Sem mercados
19:20:00 [INFO]     Descartado: Moreirense v Estoril Praia — Janela encerrada (+10 min)
19:20:00 [INFO]   Agendador: 1 jogos removidos da fila
19:20:00 [INFO] Fila: 30 aguardando | Cache: 0 bloqueados | Monitor odds: 0 | Monitor saida: 0 | ✅ 0 aprovados | 🔍 495 analisados | 📡 582 chamadas API
19:20:00 [INFO]   Proxima: 16:55 — aguardando 60s
19:21:00 [INFO] Fila: 30 aguardando | Cache: 0 bloqueados | Monitor odds: 0 | Monitor saida: 0 | ✅ 0 aprovados | 🔍 495 analisados | 📡 582 chamadas API
19:21:00 [INFO] Buscando lista de jogos do dia...
19:21:01 [WARNING] Nenhum jogo retornado pela API Betfair!
19:21:02 [INFO]   Proxima: 16:55 — aguardando 60s
19:22:02 [INFO] Fila: 30 aguardando | Cache: 0 bloqueados | Monitor odds: 0 | Monitor saida: 0 | ✅ 0 aprovados | 🔍 495 analisados | 📡 583 chamadas API
19:22:02 [INFO]   Proxima: 16:55 — aguardando 60s
19:23:02 [INFO] Fila: 30 aguardando | Cache: 0 bloqueados | Monitor odds: 0 | Monitor saida: 0 | ✅ 0 aprovados | 🔍 495 analisados | 📡 583 chamadas API
19:23:02 [INFO]   Proxima: 16:55 — aguardando 60s
19:24:02 [INFO] Fila: 30 aguardando | Cache: 0 bloqueados | Monitor odds: 0 | Monitor saida: 0 | ✅ 0 aprovados | 🔍 495 analisados | 📡 583 chamadas API
19:24:02 [INFO]   Proxima: 16:55 — aguardando 60s
19:25:02 [INFO] Fila: 30 aguardando | Cache: 0 bloqueados | Monitor odds: 0 | Monitor saida: 0 | ✅ 0 aprovados | 🔍 495 analisados | 📡 583 chamadas API
19:25:02 [INFO]   Proxima: 16:55 — aguardando 60s
19:26:02 [INFO] Fila: 30 aguardando | Cache: 0 bloqueados | Monitor odds: 0 | Monitor saida: 0 | ✅ 0 aprovados | 🔍 495 analisados | 📡 583 chamadas API
19:26:02 [INFO]   Proxima: 16:55 — aguardando 60s
19:27:02 [INFO] Fila: 30 aguardando | Cache: 0 bloqueados | Monitor odds: 0 | Monitor saida: 0 | ✅ 0 aprovados | 🔍 495 analisados | 📡 583 chamadas API
19:27:02 [INFO]   Proxima: 16:55 — aguardando 60s
19:28:02 [INFO] Fila: 30 aguardando | Cache: 0 bloqueados | Monitor odds: 0 | Monitor saida: 0 | ✅ 0 aprovados | 🔍 495 analisados | 📡 583 chamadas API
19:28:02 [INFO]   Proxima: 16:55 — aguardando 60s
19:29:02 [INFO] Fila: 30 aguardando | Cache: 0 bloqueados | Monitor odds: 0 | Monitor saida: 0 | ✅ 0 aprovados | 🔍 495 analisados | 📡 583 chamadas API
19:29:02 [INFO]   Proxima: 16:55 — aguardando 60s
19:30:02 [INFO] Fila: 30 aguardando | Cache: 0 bloqueados | Monitor odds: 0 | Monitor saida: 0 | ✅ 0 aprovados | 🔍 495 analisados | 📡 583 chamadas API
19:30:02 [INFO]   Proxima: 16:55 — aguardando 60s
19:31:02 [INFO] Fila: 30 aguardando | Cache: 0 bloqueados | Monitor odds: 0 | Monitor saida: 0 | ✅ 0 aprovados | 🔍 495 analisados | 📡 583 chamadas API
19:31:02 [INFO]   Proxima: 16:55 — aguardando 60s
19:32:02 [INFO] Fila: 30 aguardando | Cache: 0 bloqueados | Monitor odds: 0 | Monitor saida: 0 | ✅ 0 aprovados | 🔍 495 analisados | 📡 583 chamadas API
19:32:02 [INFO]   Proxima: 16:55 — aguardando 60s
19:33:02 [INFO] Fila: 30 aguardando | Cache: 0 bloqueados | Monitor odds: 0 | Monitor saida: 0 | ✅ 0 aprovados | 🔍 495 analisados | 📡 583 chamadas API
19:33:02 [INFO]   Proxima: 16:55 — aguardando 60s
19:34:02 [INFO] Fila: 30 aguardando | Cache: 0 bloqueados | Monitor odds: 0 | Monitor saida: 0 | ✅ 0 aprovados | 🔍 495 analisados | 📡 583 chamadas API
19:34:02 [INFO]   Proxima: 16:55 — aguardando 60s
19:35:02 [INFO] Fila: 30 aguardando | Cache: 0 bloqueados | Monitor odds: 0 | Monitor saida: 0 | ✅ 0 aprovados | 🔍 495 analisados | 📡 583 chamadas API
19:35:02 [INFO]   Proxima: 16:55 — aguardando 60s
19:36:02 [INFO] Fila: 30 aguardando | Cache: 0 bloqueados | Monitor odds: 0 | Monitor saida: 0 | ✅ 0 aprovados | 🔍 495 analisados | 📡 583 chamadas API
19:36:02 [INFO]   Proxima: 16:55 — aguardando 60s
19:37:02 [INFO] Fila: 30 aguardando | Cache: 0 bloqueados | Monitor odds: 0 | Monitor saida: 0 | ✅ 0 aprovados | 🔍 495 analisados | 📡 583 chamadas API
19:37:02 [INFO]   Proxima: 16:55 — aguardando 60s
19:38:02 [INFO] Fila: 30 aguardando | Cache: 0 bloqueados | Monitor odds: 0 | Monitor saida: 0 | ✅ 0 aprovados | 🔍 495 analisados | 📡 583 chamadas API
19:38:02 [INFO]   Proxima: 16:55 — aguardando 60s
19:39:02 [INFO] Fila: 30 aguardando | Cache: 0 bloqueados | Monitor odds: 0 | Monitor saida: 0 | ✅ 0 aprovados | 🔍 495 analisados | 📡 583 chamadas API
19:39:02 [INFO]   Proxima: 16:55 — aguardando 60s
19:40:02 [INFO] Fila: 30 aguardando | Cache: 0 bloqueados | Monitor odds: 0 | Monitor saida: 0 | ✅ 0 aprovados | 🔍 495 analisados | 📡 583 chamadas API
19:40:02 [INFO]   Proxima: 16:55 — aguardando 60s
19:41:02 [INFO] Fila: 30 aguardando | Cache: 0 bloqueados | Monitor odds: 0 | Monitor saida: 0 | ✅ 0 aprovados | 🔍 495 analisados | 📡 583 chamadas API
19:41:02 [INFO]   Proxima: 16:55 — aguardando 60s
19:42:02 [INFO] Fila: 30 aguardando | Cache: 0 bloqueados | Monitor odds: 0 | Monitor saida: 0 | ✅ 0 aprovados | 🔍 495 analisados | 📡 583 chamadas API
19:42:02 [INFO]   Proxima: 16:55 — aguardando 60s
19:43:02 [INFO] Fila: 30 aguardando | Cache: 0 bloqueados | Monitor odds: 0 | Monitor saida: 0 | ✅ 0 aprovados | 🔍 495 analisados | 📡 583 chamadas API
19:43:02 [INFO]   Proxima: 16:55 — aguardando 60s
19:44:02 [INFO] Fila: 30 aguardando | Cache: 0 bloqueados | Monitor odds: 0 | Monitor saida: 0 | ✅ 0 aprovados | 🔍 495 analisados | 📡 583 chamadas API
19:44:02 [INFO]   Proxima: 16:55 — aguardando 60s
19:45:02 [INFO] Fila: 30 aguardando | Cache: 0 bloqueados | Monitor odds: 0 | Monitor saida: 0 | ✅ 0 aprovados | 🔍 495 analisados | 📡 583 chamadas API
19:45:02 [INFO]   Proxima: 16:55 — aguardando 60s
19:46:02 [INFO] Fila: 30 aguardando | Cache: 0 bloqueados | Monitor odds: 0 | Monitor saida: 0 | ✅ 0 aprovados | 🔍 495 analisados | 📡 583 chamadas API
19:46:02 [INFO]   Proxima: 16:55 — aguardando 60s
19:47:02 [INFO] Fila: 30 aguardando | Cache: 0 bloqueados | Monitor odds: 0 | Monitor saida: 0 | ✅ 0 aprovados | 🔍 495 analisados | 📡 583 chamadas API
19:47:02 [INFO]   Proxima: 16:55 — aguardando 60s
19:48:02 [INFO] Fila: 30 aguardando | Cache: 0 bloqueados | Monitor odds: 0 | Monitor saida: 0 | ✅ 0 aprovados | 🔍 495 analisados | 📡 583 chamadas API
19:48:02 [INFO]   Proxima: 16:55 — aguardando 60s
19:49:02 [INFO] Fila: 30 aguardando | Cache: 0 bloqueados | Monitor odds: 0 | Monitor saida: 0 | ✅ 0 aprovados | 🔍 495 analisados | 📡 583 chamadas API
19:49:02 [INFO]   Proxima: 16:55 — aguardando 60s
19:50:02 [INFO] Fila: 30 aguardando | Cache: 0 bloqueados | Monitor odds: 0 | Monitor saida: 0 | ✅ 0 aprovados | 🔍 495 analisados | 📡 583 chamadas API
19:50:02 [INFO]   Proxima: 16:55 — aguardando 60s
19:51:02 [INFO] Fila: 30 aguardando | Cache: 0 bloqueados | Monitor odds: 0 | Monitor saida: 0 | ✅ 0 aprovados | 🔍 495 analisados | 📡 583 chamadas API
19:51:02 [INFO]   Proxima: 16:55 — aguardando 60s
19:52:02 [INFO] Fila: 30 aguardando | Cache: 0 bloqueados | Monitor odds: 0 | Monitor saida: 0 | ✅ 0 aprovados | 🔍 495 analisados | 📡 583 chamadas API
19:52:02 [INFO]   Proxima: 16:55 — aguardando 60s
19:53:02 [INFO] Fila: 30 aguardando | Cache: 0 bloqueados | Monitor odds: 0 | Monitor saida: 0 | ✅ 0 aprovados | 🔍 495 analisados | 📡 583 chamadas API
19:53:02 [INFO]   Proxima: 16:55 — aguardando 60s
19:54:02 [INFO] Fila: 30 aguardando | Cache: 0 bloqueados | Monitor odds: 0 | Monitor saida: 0 | ✅ 0 aprovados | 🔍 495 analisados | 📡 583 chamadas API
19:54:02 [INFO]   Proxima: 16:55 — aguardando 57s
19:55:00 [INFO] Fila: 30 aguardando | Cache: 0 bloqueados | Monitor odds: 0 | Monitor saida: 0 | ✅ 0 aprovados | 🔍 495 analisados | 📡 583 chamadas API
19:55:00 [INFO]   🔍 Binacional v CD Estudiantil CNI (17:00) | +4 min
19:55:00 [INFO]   ⛔ Sem mercados
19:55:00 [INFO]     -> Proxima: 17:00 (intervalo 5 min — 4 min p/ inicio)
19:55:00 [INFO]   🔍 Deportes Rengo Unido v Linares (17:00) | +4 min
19:55:00 [INFO]   ⛔ Sem mercados
19:55:00 [INFO]     -> Proxima: 17:00 (intervalo 5 min — 4 min p/ inicio)
19:55:00 [INFO]   🔍 Deportivo Santani v 12 de Junio de Villa Hayes (17:00) | +4 min
19:55:00 [INFO]   ⛔ Sem mercados
19:55:00 [INFO]     -> Proxima: 17:00 (intervalo 5 min — 4 min p/ inicio)
19:55:00 [INFO]   🔍 Boston River v Cerro Largo FC (17:00) | +4 min
19:55:01 [INFO]   ⛔ Sem mercados
19:55:01 [INFO]     -> Proxima: 17:00 (intervalo 5 min — 4 min p/ inicio)
19:55:01 [INFO] Fila: 30 aguardando | Cache: 0 bloqueados | Monitor odds: 0 | Monitor saida: 0 | ✅ 0 aprovados | 🔍 499 analisados | 📡 587 chamadas API
19:55:01 [INFO]   Proxima: 17:00 — aguardando 60s
19:56:01 [INFO] Fila: 30 aguardando | Cache: 0 bloqueados | Monitor odds: 0 | Monitor saida: 0 | ✅ 0 aprovados | 🔍 499 analisados | 📡 587 chamadas API
19:56:01 [INFO]   Proxima: 17:00 — aguardando 60s
19:57:01 [INFO] Fila: 30 aguardando | Cache: 0 bloqueados | Monitor odds: 0 | Monitor saida: 0 | ✅ 0 aprovados | 🔍 499 analisados | 📡 587 chamadas API
19:57:01 [INFO]   Proxima: 17:00 — aguardando 60s
19:58:01 [INFO] Fila: 30 aguardando | Cache: 0 bloqueados | Monitor odds: 0 | Monitor saida: 0 | ✅ 0 aprovados | 🔍 499 analisados | 📡 587 chamadas API
19:58:01 [INFO]   Proxima: 17:00 — aguardando 60s
19:59:01 [INFO] Fila: 30 aguardando | Cache: 0 bloqueados | Monitor odds: 0 | Monitor saida: 0 | ✅ 0 aprovados | 🔍 499 analisados | 📡 587 chamadas API
19:59:01 [INFO]   Proxima: 17:00 — aguardando 59s
20:00:00 [INFO] Fila: 30 aguardando | Cache: 0 bloqueados | Monitor odds: 0 | Monitor saida: 0 | ✅ 0 aprovados | 🔍 499 analisados | 📡 587 chamadas API
20:00:00 [INFO]   🔍 Binacional v CD Estudiantil CNI (17:00) | +0 min
20:00:00 [INFO]   ⛔ Sem mercados
20:00:00 [INFO]     -> Proxima: 17:05 (intervalo 5 min — 0 min p/ inicio)
20:00:00 [INFO] Fila: 30 aguardando | Cache: 0 bloqueados | Monitor odds: 0 | Monitor saida: 0 | ✅ 0 aprovados | 🔍 500 analisados | 📡 588 chamadas API
20:00:00 [INFO]   Proxima: 17:00 — aguardando 10s
20:00:10 [INFO] Fila: 30 aguardando | Cache: 0 bloqueados | Monitor odds: 0 | Monitor saida: 0 | ✅ 0 aprovados | 🔍 500 analisados | 📡 588 chamadas API
20:00:10 [INFO]   🔍 Deportes Rengo Unido v Linares (17:00) | +0 min
20:00:10 [INFO]   ⛔ Sem mercados
20:00:10 [INFO]     -> Proxima: 17:05 (intervalo 5 min — 0 min p/ inicio)
20:00:10 [INFO]   🔍 Deportivo Santani v 12 de Junio de Villa Hayes (17:00) | +0 min
20:00:11 [INFO]   ⛔ Sem mercados
20:00:11 [INFO]     -> Proxima: 17:05 (intervalo 5 min — 0 min p/ inicio)
20:00:11 [INFO]   🔍 Boston River v Cerro Largo FC (17:00) | +0 min
20:00:11 [INFO]   ⛔ Sem mercados
20:00:11 [INFO]     -> Proxima: 17:05 (intervalo 5 min — 0 min p/ inicio)
20:00:11 [INFO] Fila: 30 aguardando | Cache: 0 bloqueados | Monitor odds: 0 | Monitor saida: 0 | ✅ 0 aprovados | 🔍 503 analisados | 📡 591 chamadas API
20:00:11 [INFO]   Proxima: 17:05 — aguardando 60s
20:01:11 [INFO] Fila: 30 aguardando | Cache: 0 bloqueados | Monitor odds: 0 | Monitor saida: 0 | ✅ 0 aprovados | 🔍 503 analisados | 📡 591 chamadas API
20:01:11 [INFO]   Proxima: 17:05 — aguardando 60s
20:02:11 [INFO] Fila: 30 aguardando | Cache: 0 bloqueados | Monitor odds: 0 | Monitor saida: 0 | ✅ 0 aprovados | 🔍 503 analisados | 📡 591 chamadas API
20:02:11 [INFO]   Proxima: 17:05 — aguardando 60s
20:03:11 [INFO] Fila: 30 aguardando | Cache: 0 bloqueados | Monitor odds: 0 | Monitor saida: 0 | ✅ 0 aprovados | 🔍 503 analisados | 📡 591 chamadas API
20:03:11 [INFO]   Proxima: 17:05 — aguardando 60s
20:04:11 [INFO] Fila: 30 aguardando | Cache: 0 bloqueados | Monitor odds: 0 | Monitor saida: 0 | ✅ 0 aprovados | 🔍 503 analisados | 📡 591 chamadas API
20:04:11 [INFO]   Proxima: 17:05 — aguardando 49s
20:05:00 [INFO] Fila: 30 aguardando | Cache: 0 bloqueados | Monitor odds: 0 | Monitor saida: 0 | ✅ 0 aprovados | 🔍 503 analisados | 📡 591 chamadas API
20:05:00 [INFO]   🔍 Binacional v CD Estudiantil CNI (17:00) | -5 min
20:05:00 [INFO]   ⛔ Sem mercados
20:05:00 [INFO]     Descartado: Binacional v CD Estudiantil CNI — Janela encerrada (+10 min)
20:05:00 [INFO]   Agendador: 1 jogos removidos da fila
20:05:00 [INFO] Fila: 29 aguardando | Cache: 0 bloqueados | Monitor odds: 0 | Monitor saida: 0 | ✅ 0 aprovados | 🔍 504 analisados | 📡 592 chamadas API
20:05:00 [INFO]   Proxima: 17:05 — aguardando 10s
20:05:10 [INFO] Fila: 29 aguardando | Cache: 0 bloqueados | Monitor odds: 0 | Monitor saida: 0 | ✅ 0 aprovados | 🔍 504 analisados | 📡 592 chamadas API
20:05:10 [INFO]   🔍 Deportes Rengo Unido v Linares (17:00) | -5 min
20:05:11 [INFO]   ⛔ Sem mercados
20:05:11 [INFO]     Descartado: Deportes Rengo Unido v Linares — Janela encerrada (+10 min)
20:05:11 [INFO]   Agendador: 1 jogos removidos da fila
20:05:11 [INFO] Fila: 28 aguardando | Cache: 0 bloqueados | Monitor odds: 0 | Monitor saida: 0 | ✅ 0 aprovados | 🔍 505 analisados | 📡 593 chamadas API
20:05:11 [INFO]   🔍 Deportivo Santani v 12 de Junio de Villa Hayes (17:00) | -5 min
20:05:11 [INFO]   ⛔ Sem mercados
20:05:11 [INFO]     Descartado: Deportivo Santani v 12 de Junio de Villa Hayes — Janela encerrada (+10 min)
20:05:11 [INFO]   Agendador: 1 jogos removidos da fila
20:05:11 [INFO] Fila: 27 aguardando | Cache: 0 bloqueados | Monitor odds: 0 | Monitor saida: 0 | ✅ 0 aprovados | 🔍 506 analisados | 📡 594 chamadas API
20:05:11 [INFO]   🔍 Boston River v Cerro Largo FC (17:00) | -5 min
20:05:11 [INFO]   ⛔ Sem mercados
20:05:11 [INFO]     Descartado: Boston River v Cerro Largo FC — Janela encerrada (+10 min)
20:05:11 [INFO]   Agendador: 1 jogos removidos da fila
20:05:11 [INFO] Fila: 26 aguardando | Cache: 0 bloqueados | Monitor odds: 0 | Monitor saida: 0 | ✅ 0 aprovados | 🔍 507 analisados | 📡 595 chamadas API
20:05:11 [INFO]   Proxima: 17:10 — aguardando 60s
20:06:11 [INFO] Fila: 26 aguardando | Cache: 0 bloqueados | Monitor odds: 0 | Monitor saida: 0 | ✅ 0 aprovados | 🔍 507 analisados | 📡 595 chamadas API
20:06:11 [INFO]   Proxima: 17:10 — aguardando 60s
20:07:11 [INFO] Fila: 26 aguardando | Cache: 0 bloqueados | Monitor odds: 0 | Monitor saida: 0 | ✅ 0 aprovados | 🔍 507 analisados | 📡 595 chamadas API
20:07:11 [INFO]   Proxima: 17:10 — aguardando 60s
20:08:11 [INFO] Fila: 26 aguardando | Cache: 0 bloqueados | Monitor odds: 0 | Monitor saida: 0 | ✅ 0 aprovados | 🔍 507 analisados | 📡 595 chamadas API
20:08:11 [INFO]   Proxima: 17:10 — aguardando 60s
20:09:11 [INFO] Fila: 26 aguardando | Cache: 0 bloqueados | Monitor odds: 0 | Monitor saida: 0 | ✅ 0 aprovados | 🔍 507 analisados | 📡 595 chamadas API
20:09:11 [INFO]   Proxima: 17:10 — aguardando 48s
20:10:00 [INFO] Fila: 26 aguardando | Cache: 0 bloqueados | Monitor odds: 0 | Monitor saida: 0 | ✅ 0 aprovados | 🔍 507 analisados | 📡 595 chamadas API
20:10:00 [INFO]   🔍 Banfield v Independiente Rivadavia (17:15) | +4 min
20:10:00 [INFO]   ⛔ Sem mercados
20:10:00 [INFO]     -> Proxima: 17:15 (intervalo 5 min — 4 min p/ inicio)
20:10:00 [INFO]   🔍 Central Cordoba (SdE) v CA Platense (17:15) | +4 min
20:10:00 [INFO]   ⛔ Sem mercados
20:10:00 [INFO]     -> Proxima: 17:15 (intervalo 5 min — 4 min p/ inicio)
20:10:00 [INFO] Fila: 26 aguardando | Cache: 0 bloqueados | Monitor odds: 0 | Monitor saida: 0 | ✅ 0 aprovados | 🔍 509 analisados | 📡 597 chamadas API
20:10:00 [INFO]   Proxima: 17:15 — aguardando 60s
20:11:00 [INFO] Fila: 26 aguardando | Cache: 0 bloqueados | Monitor odds: 0 | Monitor saida: 0 | ✅ 0 aprovados | 🔍 509 analisados | 📡 597 chamadas API
20:11:00 [INFO]   Proxima: 17:15 — aguardando 60s
20:12:00 [INFO] Fila: 26 aguardando | Cache: 0 bloqueados | Monitor odds: 0 | Monitor saida: 0 | ✅ 0 aprovados | 🔍 509 analisados | 📡 597 chamadas API
20:12:00 [INFO]   Proxima: 17:15 — aguardando 60s
20:13:00 [INFO] Fila: 26 aguardando | Cache: 0 bloqueados | Monitor odds: 0 | Monitor saida: 0 | ✅ 0 aprovados | 🔍 509 analisados | 📡 597 chamadas API
20:13:00 [INFO]   Proxima: 17:15 — aguardando 60s
20:14:00 [INFO] Fila: 26 aguardando | Cache: 0 bloqueados | Monitor odds: 0 | Monitor saida: 0 | ✅ 0 aprovados | 🔍 509 analisados | 📡 597 chamadas API
20:14:00 [INFO]   Proxima: 17:15 — aguardando 59s
20:15:00 [INFO] Fila: 26 aguardando | Cache: 0 bloqueados | Monitor odds: 0 | Monitor saida: 0 | ✅ 0 aprovados | 🔍 509 analisados | 📡 597 chamadas API
20:15:00 [INFO]   🔍 Banfield v Independiente Rivadavia (17:15) | +0 min
20:15:00 [INFO]   ⛔ Sem mercados
20:15:00 [INFO]     -> Proxima: 17:20 (intervalo 5 min — 0 min p/ inicio)
20:15:00 [INFO] Fila: 26 aguardando | Cache: 0 bloqueados | Monitor odds: 0 | Monitor saida: 0 | ✅ 0 aprovados | 🔍 510 analisados | 📡 598 chamadas API
20:15:00 [INFO]   🔍 Central Cordoba (SdE) v CA Platense (17:15) | +0 min
20:15:00 [INFO]   ⛔ Sem mercados
20:15:00 [INFO]     -> Proxima: 17:20 (intervalo 5 min — 0 min p/ inicio)
20:15:00 [INFO] Fila: 26 aguardando | Cache: 0 bloqueados | Monitor odds: 0 | Monitor saida: 0 | ✅ 0 aprovados | 🔍 511 analisados | 📡 599 chamadas API
20:15:00 [INFO]   Proxima: 17:20 — aguardando 60s
20:16:00 [INFO] Fila: 26 aguardando | Cache: 0 bloqueados | Monitor odds: 0 | Monitor saida: 0 | ✅ 0 aprovados | 🔍 511 analisados | 📡 599 chamadas API
20:16:00 [INFO]   Proxima: 17:20 — aguardando 60s
20:17:00 [INFO] Fila: 26 aguardando | Cache: 0 bloqueados | Monitor odds: 0 | Monitor saida: 0 | ✅ 0 aprovados | 🔍 511 analisados | 📡 599 chamadas API
20:17:00 [INFO]   Proxima: 17:20 — aguardando 60s
20:18:00 [INFO] Fila: 26 aguardando | Cache: 0 bloqueados | Monitor odds: 0 | Monitor saida: 0 | ✅ 0 aprovados | 🔍 511 analisados | 📡 599 chamadas API
20:18:00 [INFO]   Proxima: 17:20 — aguardando 60s
20:19:00 [INFO] Fila: 26 aguardando | Cache: 0 bloqueados | Monitor odds: 0 | Monitor saida: 0 | ✅ 0 aprovados | 🔍 511 analisados | 📡 599 chamadas API
20:19:00 [INFO]   Proxima: 17:20 — aguardando 59s
20:20:00 [INFO] Fila: 26 aguardando | Cache: 0 bloqueados | Monitor odds: 0 | Monitor saida: 0 | ✅ 0 aprovados | 🔍 511 analisados | 📡 599 chamadas API
20:20:00 [INFO]   🔍 Banfield v Independiente Rivadavia (17:15) | -5 min
20:20:00 [INFO]   ⛔ Sem mercados
20:20:00 [INFO]     Descartado: Banfield v Independiente Rivadavia — Janela encerrada (+10 min)
20:20:00 [INFO]   Agendador: 1 jogos removidos da fila
20:20:00 [INFO] Fila: 25 aguardando | Cache: 0 bloqueados | Monitor odds: 0 | Monitor saida: 0 | ✅ 0 aprovados | 🔍 512 analisados | 📡 600 chamadas API
20:20:00 [INFO]   🔍 Central Cordoba (SdE) v CA Platense (17:15) | -5 min
20:20:01 [INFO]   ⛔ Sem mercados
20:20:01 [INFO]     Descartado: Central Cordoba (SdE) v CA Platense — Janela encerrada (+10 min)
20:20:01 [INFO]   Agendador: 1 jogos removidos da fila
20:20:01 [INFO] Fila: 24 aguardando | Cache: 0 bloqueados | Monitor odds: 0 | Monitor saida: 0 | ✅ 0 aprovados | 🔍 513 analisados | 📡 601 chamadas API
20:20:01 [INFO]   Proxima: 17:55 — aguardando 60s
20:21:01 [INFO] Fila: 24 aguardando | Cache: 0 bloqueados | Monitor odds: 0 | Monitor saida: 0 | ✅ 0 aprovados | 🔍 513 analisados | 📡 601 chamadas API
20:21:01 [INFO] Buscando lista de jogos do dia...
20:21:01 [WARNING] Nenhum jogo retornado pela API Betfair!
20:21:02 [INFO]   Proxima: 17:55 — aguardando 60s
20:22:02 [INFO] Fila: 24 aguardando | Cache: 0 bloqueados | Monitor odds: 0 | Monitor saida: 0 | ✅ 0 aprovados | 🔍 513 analisados | 📡 602 chamadas API
20:22:02 [INFO]   Proxima: 17:55 — aguardando 60s
20:23:02 [INFO] Fila: 24 aguardando | Cache: 0 bloqueados | Monitor odds: 0 | Monitor saida: 0 | ✅ 0 aprovados | 🔍 513 analisados | 📡 602 chamadas API
20:23:02 [INFO]   Proxima: 17:55 — aguardando 60s
20:24:02 [INFO] Fila: 24 aguardando | Cache: 0 bloqueados | Monitor odds: 0 | Monitor saida: 0 | ✅ 0 aprovados | 🔍 513 analisados | 📡 602 chamadas API
20:24:02 [INFO]   Proxima: 17:55 — aguardando 60s
20:25:02 [INFO] Fila: 24 aguardando | Cache: 0 bloqueados | Monitor odds: 0 | Monitor saida: 0 | ✅ 0 aprovados | 🔍 513 analisados | 📡 602 chamadas API
20:25:02 [INFO]   Proxima: 17:55 — aguardando 60s
20:26:02 [INFO] Fila: 24 aguardando | Cache: 0 bloqueados | Monitor odds: 0 | Monitor saida: 0 | ✅ 0 aprovados | 🔍 513 analisados | 📡 602 chamadas API
20:26:02 [INFO]   Proxima: 17:55 — aguardando 60s
20:27:02 [INFO] Fila: 24 aguardando | Cache: 0 bloqueados | Monitor odds: 0 | Monitor saida: 0 | ✅ 0 aprovados | 🔍 513 analisados | 📡 602 chamadas API
20:27:02 [INFO]   Proxima: 17:55 — aguardando 60s
20:28:02 [INFO] Fila: 24 aguardando | Cache: 0 bloqueados | Monitor odds: 0 | Monitor saida: 0 | ✅ 0 aprovados | 🔍 513 analisados | 📡 602 chamadas API
20:28:02 [INFO]   Proxima: 17:55 — aguardando 60s
20:29:02 [INFO] Fila: 24 aguardando | Cache: 0 bloqueados | Monitor odds: 0 | Monitor saida: 0 | ✅ 0 aprovados | 🔍 513 analisados | 📡 602 chamadas API
20:29:02 [INFO]   Proxima: 17:55 — aguardando 60s
20:30:02 [INFO] Fila: 24 aguardando | Cache: 0 bloqueados | Monitor odds: 0 | Monitor saida: 0 | ✅ 0 aprovados | 🔍 513 analisados | 📡 602 chamadas API
20:30:02 [INFO]   Proxima: 17:55 — aguardando 60s
20:31:02 [INFO] Fila: 24 aguardando | Cache: 0 bloqueados | Monitor odds: 0 | Monitor saida: 0 | ✅ 0 aprovados | 🔍 513 analisados | 📡 602 chamadas API
20:31:02 [INFO]   Proxima: 17:55 — aguardando 60s
20:32:02 [INFO] Fila: 24 aguardando | Cache: 0 bloqueados | Monitor odds: 0 | Monitor saida: 0 | ✅ 0 aprovados | 🔍 513 analisados | 📡 602 chamadas API
20:32:02 [INFO]   Proxima: 17:55 — aguardando 60s
20:33:02 [INFO] Fila: 24 aguardando | Cache: 0 bloqueados | Monitor odds: 0 | Monitor saida: 0 | ✅ 0 aprovados | 🔍 513 analisados | 📡 602 chamadas API
20:33:02 [INFO]   Proxima: 17:55 — aguardando 60s
20:34:02 [INFO] Fila: 24 aguardando | Cache: 0 bloqueados | Monitor odds: 0 | Monitor saida: 0 | ✅ 0 aprovados | 🔍 513 analisados | 📡 602 chamadas API
20:34:02 [INFO]   Proxima: 17:55 — aguardando 60s
20:35:02 [INFO] Fila: 24 aguardando | Cache: 0 bloqueados | Monitor odds: 0 | Monitor saida: 0 | ✅ 0 aprovados | 🔍 513 analisados | 📡 602 chamadas API
20:35:02 [INFO]   Proxima: 17:55 — aguardando 60s
20:36:02 [INFO] Fila: 24 aguardando | Cache: 0 bloqueados | Monitor odds: 0 | Monitor saida: 0 | ✅ 0 aprovados | 🔍 513 analisados | 📡 602 chamadas API
20:36:02 [INFO]   Proxima: 17:55 — aguardando 60s
20:37:02 [INFO] Fila: 24 aguardando | Cache: 0 bloqueados | Monitor odds: 0 | Monitor saida: 0 | ✅ 0 aprovados | 🔍 513 analisados | 📡 602 chamadas API
20:37:02 [INFO]   Proxima: 17:55 — aguardando 60s
20:38:02 [INFO] Fila: 24 aguardando | Cache: 0 bloqueados | Monitor odds: 0 | Monitor saida: 0 | ✅ 0 aprovados | 🔍 513 analisados | 📡 602 chamadas API
20:38:02 [INFO]   Proxima: 17:55 — aguardando 60s
20:39:02 [INFO] Fila: 24 aguardando | Cache: 0 bloqueados | Monitor odds: 0 | Monitor saida: 0 | ✅ 0 aprovados | 🔍 513 analisados | 📡 602 chamadas API
20:39:02 [INFO]   Proxima: 17:55 — aguardando 60s
20:40:02 [INFO] Fila: 24 aguardando | Cache: 0 bloqueados | Monitor odds: 0 | Monitor saida: 0 | ✅ 0 aprovados | 🔍 513 analisados | 📡 602 chamadas API
20:40:02 [INFO]   Proxima: 17:55 — aguardando 60s
20:41:02 [INFO] Fila: 24 aguardando | Cache: 0 bloqueados | Monitor odds: 0 | Monitor saida: 0 | ✅ 0 aprovados | 🔍 513 analisados | 📡 602 chamadas API
20:41:02 [INFO]   Proxima: 17:55 — aguardando 60s
20:42:02 [INFO] Fila: 24 aguardando | Cache: 0 bloqueados | Monitor odds: 0 | Monitor saida: 0 | ✅ 0 aprovados | 🔍 513 analisados | 📡 602 chamadas API
20:42:02 [INFO]   Proxima: 17:55 — aguardando 60s
20:43:02 [INFO] Fila: 24 aguardando | Cache: 0 bloqueados | Monitor odds: 0 | Monitor saida: 0 | ✅ 0 aprovados | 🔍 513 analisados | 📡 602 chamadas API
20:43:02 [INFO]   Proxima: 17:55 — aguardando 60s
20:44:02 [INFO] Fila: 24 aguardando | Cache: 0 bloqueados | Monitor odds: 0 | Monitor saida: 0 | ✅ 0 aprovados | 🔍 513 analisados | 📡 602 chamadas API
20:44:02 [INFO]   Proxima: 17:55 — aguardando 60s
20:45:02 [INFO] Fila: 24 aguardando | Cache: 0 bloqueados | Monitor odds: 0 | Monitor saida: 0 | ✅ 0 aprovados | 🔍 513 analisados | 📡 602 chamadas API
20:45:02 [INFO]   Proxima: 17:55 — aguardando 60s
20:46:02 [INFO] Fila: 24 aguardando | Cache: 0 bloqueados | Monitor odds: 0 | Monitor saida: 0 | ✅ 0 aprovados | 🔍 513 analisados | 📡 602 chamadas API
20:46:02 [INFO]   Proxima: 17:55 — aguardando 60s
20:47:02 [INFO] Fila: 24 aguardando | Cache: 0 bloqueados | Monitor odds: 0 | Monitor saida: 0 | ✅ 0 aprovados | 🔍 513 analisados | 📡 602 chamadas API
20:47:02 [INFO]   Proxima: 17:55 — aguardando 60s
20:48:02 [INFO] Fila: 24 aguardando | Cache: 0 bloqueados | Monitor odds: 0 | Monitor saida: 0 | ✅ 0 aprovados | 🔍 513 analisados | 📡 602 chamadas API
20:48:02 [INFO]   Proxima: 17:55 — aguardando 60s
20:49:02 [INFO] Fila: 24 aguardando | Cache: 0 bloqueados | Monitor odds: 0 | Monitor saida: 0 | ✅ 0 aprovados | 🔍 513 analisados | 📡 602 chamadas API
20:49:02 [INFO]   Proxima: 17:55 — aguardando 60s
20:50:02 [INFO] Fila: 24 aguardando | Cache: 0 bloqueados | Monitor odds: 0 | Monitor saida: 0 | ✅ 0 aprovados | 🔍 513 analisados | 📡 602 chamadas API
20:50:02 [INFO]   Proxima: 17:55 — aguardando 60s
20:51:02 [INFO] Fila: 24 aguardando | Cache: 0 bloqueados | Monitor odds: 0 | Monitor saida: 0 | ✅ 0 aprovados | 🔍 513 analisados | 📡 602 chamadas API
20:51:02 [INFO]   Proxima: 17:55 — aguardando 60s
20:52:02 [INFO] Fila: 24 aguardando | Cache: 0 bloqueados | Monitor odds: 0 | Monitor saida: 0 | ✅ 0 aprovados | 🔍 513 analisados | 📡 602 chamadas API
20:52:02 [INFO]   Proxima: 17:55 — aguardando 60s
20:53:02 [INFO] Fila: 24 aguardando | Cache: 0 bloqueados | Monitor odds: 0 | Monitor saida: 0 | ✅ 0 aprovados | 🔍 513 analisados | 📡 602 chamadas API
20:53:02 [INFO]   Proxima: 17:55 — aguardando 60s
20:54:02 [INFO] Fila: 24 aguardando | Cache: 0 bloqueados | Monitor odds: 0 | Monitor saida: 0 | ✅ 0 aprovados | 🔍 513 analisados | 📡 602 chamadas API
20:54:02 [INFO]   Proxima: 17:55 — aguardando 57s
20:55:00 [INFO] Fila: 24 aguardando | Cache: 0 bloqueados | Monitor odds: 0 | Monitor saida: 0 | ✅ 0 aprovados | 🔍 513 analisados | 📡 602 chamadas API
20:55:00 [INFO]   🔍 Zamora FC v Caracas (18:00) | +4 min
20:55:00 [INFO]   ⛔ Sem mercados
20:55:00 [INFO]     -> Proxima: 18:00 (intervalo 5 min — 4 min p/ inicio)
20:55:00 [INFO]   🔍 CA Rentistas v Club Oriental de La Paz (18:00) | +4 min
20:55:00 [INFO]   ⛔ Sem mercados
20:55:00 [INFO]     -> Proxima: 18:00 (intervalo 5 min — 4 min p/ inicio)
20:55:00 [INFO] Fila: 24 aguardando | Cache: 0 bloqueados | Monitor odds: 0 | Monitor saida: 0 | ✅ 0 aprovados | 🔍 515 analisados | 📡 604 chamadas API
20:55:00 [INFO]   Proxima: 18:00 — aguardando 60s
20:56:00 [INFO] Fila: 24 aguardando | Cache: 0 bloqueados | Monitor odds: 0 | Monitor saida: 0 | ✅ 0 aprovados | 🔍 515 analisados | 📡 604 chamadas API
20:56:00 [INFO]   Proxima: 18:00 — aguardando 60s
20:57:00 [INFO] Fila: 24 aguardando | Cache: 0 bloqueados | Monitor odds: 0 | Monitor saida: 0 | ✅ 0 aprovados | 🔍 515 analisados | 📡 604 chamadas API
20:57:00 [INFO]   Proxima: 18:00 — aguardando 60s
20:58:00 [INFO] Fila: 24 aguardando | Cache: 0 bloqueados | Monitor odds: 0 | Monitor saida: 0 | ✅ 0 aprovados | 🔍 515 analisados | 📡 604 chamadas API
20:58:00 [INFO]   Proxima: 18:00 — aguardando 60s
20:59:00 [INFO] Fila: 24 aguardando | Cache: 0 bloqueados | Monitor odds: 0 | Monitor saida: 0 | ✅ 0 aprovados | 🔍 515 analisados | 📡 604 chamadas API
20:59:00 [INFO]   Proxima: 18:00 — aguardando 59s
21:00:00 [INFO] Fila: 24 aguardando | Cache: 0 bloqueados | Monitor odds: 0 | Monitor saida: 0 | ✅ 0 aprovados | 🔍 515 analisados | 📡 604 chamadas API
21:00:00 [INFO]   🔍 Zamora FC v Caracas (18:00) | +0 min
21:00:00 [INFO]   ⛔ Sem mercados
21:00:00 [INFO]     -> Proxima: 18:05 (intervalo 5 min — 0 min p/ inicio)
21:00:00 [INFO] Fila: 24 aguardando | Cache: 0 bloqueados | Monitor odds: 0 | Monitor saida: 0 | ✅ 0 aprovados | 🔍 516 analisados | 📡 605 chamadas API
21:00:00 [INFO]   🔍 CA Rentistas v Club Oriental de La Paz (18:00) | +0 min
21:00:00 [INFO]   ⛔ Sem mercados
21:00:00 [INFO]     -> Proxima: 18:05 (intervalo 5 min — 0 min p/ inicio)
21:00:00 [INFO] Fila: 24 aguardando | Cache: 0 bloqueados | Monitor odds: 0 | Monitor saida: 0 | ✅ 0 aprovados | 🔍 517 analisados | 📡 606 chamadas API
21:00:00 [INFO]   Proxima: 18:05 — aguardando 60s
21:01:00 [INFO] Fila: 24 aguardando | Cache: 0 bloqueados | Monitor odds: 0 | Monitor saida: 0 | ✅ 0 aprovados | 🔍 517 analisados | 📡 606 chamadas API
21:01:00 [INFO]   Proxima: 18:05 — aguardando 60s
21:02:00 [INFO] Fila: 24 aguardando | Cache: 0 bloqueados | Monitor odds: 0 | Monitor saida: 0 | ✅ 0 aprovados | 🔍 517 analisados | 📡 606 chamadas API
21:02:00 [INFO]   Proxima: 18:05 — aguardando 60s
21:03:00 [INFO] Fila: 24 aguardando | Cache: 0 bloqueados | Monitor odds: 0 | Monitor saida: 0 | ✅ 0 aprovados | 🔍 517 analisados | 📡 606 chamadas API
21:03:00 [INFO]   Proxima: 18:05 — aguardando 60s
21:04:00 [INFO] Fila: 24 aguardando | Cache: 0 bloqueados | Monitor odds: 0 | Monitor saida: 0 | ✅ 0 aprovados | 🔍 517 analisados | 📡 606 chamadas API
21:04:00 [INFO]   Proxima: 18:05 — aguardando 59s
21:05:00 [INFO] Fila: 24 aguardando | Cache: 0 bloqueados | Monitor odds: 0 | Monitor saida: 0 | ✅ 0 aprovados | 🔍 517 analisados | 📡 606 chamadas API
21:05:00 [INFO]   🔍 Zamora FC v Caracas (18:00) | -5 min
21:05:00 [INFO]   ⛔ Sem mercados
21:05:00 [INFO]     Descartado: Zamora FC v Caracas — Janela encerrada (+10 min)
21:05:00 [INFO]   Agendador: 1 jogos removidos da fila
21:05:00 [INFO] Fila: 23 aguardando | Cache: 0 bloqueados | Monitor odds: 0 | Monitor saida: 0 | ✅ 0 aprovados | 🔍 518 analisados | 📡 607 chamadas API
21:05:00 [INFO]   Proxima: 18:05 — aguardando 10s
21:05:10 [INFO] Fila: 23 aguardando | Cache: 0 bloqueados | Monitor odds: 0 | Monitor saida: 0 | ✅ 0 aprovados | 🔍 518 analisados | 📡 607 chamadas API
21:05:10 [INFO]   🔍 CA Rentistas v Club Oriental de La Paz (18:00) | -5 min
21:05:11 [INFO]   ⛔ Sem mercados
21:05:11 [INFO]     Descartado: CA Rentistas v Club Oriental de La Paz — Janela encerrada (+10 min)
21:05:11 [INFO]   Agendador: 1 jogos removidos da fila
21:05:11 [INFO] Fila: 22 aguardando | Cache: 0 bloqueados | Monitor odds: 0 | Monitor saida: 0 | ✅ 0 aprovados | 🔍 519 analisados | 📡 608 chamadas API
21:05:11 [INFO]   Proxima: 18:10 — aguardando 60s
21:06:11 [INFO] Fila: 22 aguardando | Cache: 0 bloqueados | Monitor odds: 0 | Monitor saida: 0 | ✅ 0 aprovados | 🔍 519 analisados | 📡 608 chamadas API
21:06:11 [INFO]   Proxima: 18:10 — aguardando 60s
21:07:11 [INFO] Fila: 22 aguardando | Cache: 0 bloqueados | Monitor odds: 0 | Monitor saida: 0 | ✅ 0 aprovados | 🔍 519 analisados | 📡 608 chamadas API
21:07:11 [INFO]   Proxima: 18:10 — aguardando 60s
21:08:11 [INFO] Fila: 22 aguardando | Cache: 0 bloqueados | Monitor odds: 0 | Monitor saida: 0 | ✅ 0 aprovados | 🔍 519 analisados | 📡 608 chamadas API
21:08:11 [INFO]   Proxima: 18:10 — aguardando 60s
21:09:11 [INFO] Fila: 22 aguardando | Cache: 0 bloqueados | Monitor odds: 0 | Monitor saida: 0 | ✅ 0 aprovados | 🔍 519 analisados | 📡 608 chamadas API
21:09:11 [INFO]   Proxima: 18:10 — aguardando 48s
21:10:00 [INFO] Fila: 22 aguardando | Cache: 0 bloqueados | Monitor odds: 0 | Monitor saida: 0 | ✅ 0 aprovados | 🔍 519 analisados | 📡 608 chamadas API
21:10:00 [INFO]   🔍 Rubio Nu v Libertad (18:15) | +4 min
21:10:00 [INFO]   ⛔ Sem mercados
21:10:00 [INFO]     -> Proxima: 18:15 (intervalo 5 min — 4 min p/ inicio)
21:10:00 [INFO] Fila: 22 aguardando | Cache: 0 bloqueados | Monitor odds: 0 | Monitor saida: 0 | ✅ 0 aprovados | 🔍 520 analisados | 📡 609 chamadas API
21:10:00 [INFO]   Proxima: 18:15 — aguardando 60s
21:11:00 [INFO] Fila: 22 aguardando | Cache: 0 bloqueados | Monitor odds: 0 | Monitor saida: 0 | ✅ 0 aprovados | 🔍 520 analisados | 📡 609 chamadas API
21:11:00 [INFO]   Proxima: 18:15 — aguardando 60s
21:12:00 [INFO] Fila: 22 aguardando | Cache: 0 bloqueados | Monitor odds: 0 | Monitor saida: 0 | ✅ 0 aprovados | 🔍 520 analisados | 📡 609 chamadas API
21:12:00 [INFO]   Proxima: 18:15 — aguardando 60s
21:13:00 [INFO] Fila: 22 aguardando | Cache: 0 bloqueados | Monitor odds: 0 | Monitor saida: 0 | ✅ 0 aprovados | 🔍 520 analisados | 📡 609 chamadas API
21:13:00 [INFO]   Proxima: 18:15 — aguardando 60s
21:14:00 [INFO] Fila: 22 aguardando | Cache: 0 bloqueados | Monitor odds: 0 | Monitor saida: 0 | ✅ 0 aprovados | 🔍 520 analisados | 📡 609 chamadas API
21:14:00 [INFO]   Proxima: 18:15 — aguardando 59s
21:15:00 [INFO] Fila: 22 aguardando | Cache: 0 bloqueados | Monitor odds: 0 | Monitor saida: 0 | ✅ 0 aprovados | 🔍 520 analisados | 📡 609 chamadas API
21:15:00 [INFO]   🔍 Rubio Nu v Libertad (18:15) | +0 min
21:15:00 [INFO]   ⛔ Sem mercados
21:15:00 [INFO]     -> Proxima: 18:20 (intervalo 5 min — 0 min p/ inicio)
21:15:00 [INFO] Fila: 22 aguardando | Cache: 0 bloqueados | Monitor odds: 0 | Monitor saida: 0 | ✅ 0 aprovados | 🔍 521 analisados | 📡 610 chamadas API
21:15:00 [INFO]   Proxima: 18:20 — aguardando 60s
21:16:00 [INFO] Fila: 22 aguardando | Cache: 0 bloqueados | Monitor odds: 0 | Monitor saida: 0 | ✅ 0 aprovados | 🔍 521 analisados | 📡 610 chamadas API
21:16:00 [INFO]   Proxima: 18:20 — aguardando 60s
21:17:00 [INFO] Fila: 22 aguardando | Cache: 0 bloqueados | Monitor odds: 0 | Monitor saida: 0 | ✅ 0 aprovados | 🔍 521 analisados | 📡 610 chamadas API
21:17:00 [INFO]   Proxima: 18:20 — aguardando 60s
21:18:00 [INFO] Fila: 22 aguardando | Cache: 0 bloqueados | Monitor odds: 0 | Monitor saida: 0 | ✅ 0 aprovados | 🔍 521 analisados | 📡 610 chamadas API
21:18:00 [INFO]   Proxima: 18:20 — aguardando 60s
21:19:00 [INFO] Fila: 22 aguardando | Cache: 0 bloqueados | Monitor odds: 0 | Monitor saida: 0 | ✅ 0 aprovados | 🔍 521 analisados | 📡 610 chamadas API
21:19:00 [INFO]   Proxima: 18:20 — aguardando 59s
21:20:00 [INFO] Fila: 22 aguardando | Cache: 0 bloqueados | Monitor odds: 0 | Monitor saida: 0 | ✅ 0 aprovados | 🔍 521 analisados | 📡 610 chamadas API
21:20:00 [INFO]   🔍 Rubio Nu v Libertad (18:15) | -5 min
21:20:00 [INFO]   ⛔ Sem mercados
21:20:00 [INFO]     Descartado: Rubio Nu v Libertad — Janela encerrada (+10 min)
21:20:00 [INFO]   Agendador: 1 jogos removidos da fila
21:20:00 [INFO] Fila: 21 aguardando | Cache: 0 bloqueados | Monitor odds: 0 | Monitor saida: 0 | ✅ 0 aprovados | 🔍 522 analisados | 📡 611 chamadas API
21:20:00 [INFO]   Proxima: 18:55 — aguardando 60s
21:21:00 [INFO] Fila: 21 aguardando | Cache: 0 bloqueados | Monitor odds: 0 | Monitor saida: 0 | ✅ 0 aprovados | 🔍 522 analisados | 📡 611 chamadas API
21:21:00 [INFO]   Proxima: 18:55 — aguardando 60s
21:22:00 [INFO] Fila: 21 aguardando | Cache: 0 bloqueados | Monitor odds: 0 | Monitor saida: 0 | ✅ 0 aprovados | 🔍 522 analisados | 📡 611 chamadas API
21:22:00 [INFO] Buscando lista de jogos do dia...
21:22:01 [WARNING] Nenhum jogo retornado pela API Betfair!
21:22:01 [INFO]   Proxima: 18:55 — aguardando 60s
21:23:01 [INFO] Fila: 21 aguardando | Cache: 0 bloqueados | Monitor odds: 0 | Monitor saida: 0 | ✅ 0 aprovados | 🔍 522 analisados | 📡 612 chamadas API
21:23:01 [INFO]   Proxima: 18:55 — aguardando 60s
21:24:01 [INFO] Fila: 21 aguardando | Cache: 0 bloqueados | Monitor odds: 0 | Monitor saida: 0 | ✅ 0 aprovados | 🔍 522 analisados | 📡 612 chamadas API
21:24:01 [INFO]   Proxima: 18:55 — aguardando 60s
21:25:01 [INFO] Fila: 21 aguardando | Cache: 0 bloqueados | Monitor odds: 0 | Monitor saida: 0 | ✅ 0 aprovados | 🔍 522 analisados | 📡 612 chamadas API
21:25:01 [INFO]   Proxima: 18:55 — aguardando 60s
21:26:01 [INFO] Fila: 21 aguardando | Cache: 0 bloqueados | Monitor odds: 0 | Monitor saida: 0 | ✅ 0 aprovados | 🔍 522 analisados | 📡 612 chamadas API
21:26:01 [INFO]   Proxima: 18:55 — aguardando 60s
21:27:01 [INFO] Fila: 21 aguardando | Cache: 0 bloqueados | Monitor odds: 0 | Monitor saida: 0 | ✅ 0 aprovados | 🔍 522 analisados | 📡 612 chamadas API
21:27:01 [INFO]   Proxima: 18:55 — aguardando 60s
21:28:01 [INFO] Fila: 21 aguardando | Cache: 0 bloqueados | Monitor odds: 0 | Monitor saida: 0 | ✅ 0 aprovados | 🔍 522 analisados | 📡 612 chamadas API
21:28:01 [INFO]   Proxima: 18:55 — aguardando 60s
21:29:01 [INFO] Fila: 21 aguardando | Cache: 0 bloqueados | Monitor odds: 0 | Monitor saida: 0 | ✅ 0 aprovados | 🔍 522 analisados | 📡 612 chamadas API
21:29:01 [INFO]   Proxima: 18:55 — aguardando 60s
21:30:01 [INFO] Fila: 21 aguardando | Cache: 0 bloqueados | Monitor odds: 0 | Monitor saida: 0 | ✅ 0 aprovados | 🔍 522 analisados | 📡 612 chamadas API
21:30:01 [INFO]   Proxima: 18:55 — aguardando 60s
21:31:01 [INFO] Fila: 21 aguardando | Cache: 0 bloqueados | Monitor odds: 0 | Monitor saida: 0 | ✅ 0 aprovados | 🔍 522 analisados | 📡 612 chamadas API
21:31:01 [INFO]   Proxima: 18:55 — aguardando 60s
21:32:01 [INFO] Fila: 21 aguardando | Cache: 0 bloqueados | Monitor odds: 0 | Monitor saida: 0 | ✅ 0 aprovados | 🔍 522 analisados | 📡 612 chamadas API
21:32:01 [INFO]   Proxima: 18:55 — aguardando 60s
21:33:01 [INFO] Fila: 21 aguardando | Cache: 0 bloqueados | Monitor odds: 0 | Monitor saida: 0 | ✅ 0 aprovados | 🔍 522 analisados | 📡 612 chamadas API
21:33:01 [INFO]   Proxima: 18:55 — aguardando 60s
21:34:01 [INFO] Fila: 21 aguardando | Cache: 0 bloqueados | Monitor odds: 0 | Monitor saida: 0 | ✅ 0 aprovados | 🔍 522 analisados | 📡 612 chamadas API
21:34:01 [INFO]   Proxima: 18:55 — aguardando 60s
21:35:01 [INFO] Fila: 21 aguardando | Cache: 0 bloqueados | Monitor odds: 0 | Monitor saida: 0 | ✅ 0 aprovados | 🔍 522 analisados | 📡 612 chamadas API
21:35:01 [INFO]   Proxima: 18:55 — aguardando 60s
21:36:01 [INFO] Fila: 21 aguardando | Cache: 0 bloqueados | Monitor odds: 0 | Monitor saida: 0 | ✅ 0 aprovados | 🔍 522 analisados | 📡 612 chamadas API
21:36:01 [INFO]   Proxima: 18:55 — aguardando 60s
21:37:01 [INFO] Fila: 21 aguardando | Cache: 0 bloqueados | Monitor odds: 0 | Monitor saida: 0 | ✅ 0 aprovados | 🔍 522 analisados | 📡 612 chamadas API
21:37:01 [INFO]   Proxima: 18:55 — aguardando 60s
21:38:01 [INFO] Fila: 21 aguardando | Cache: 0 bloqueados | Monitor odds: 0 | Monitor saida: 0 | ✅ 0 aprovados | 🔍 522 analisados | 📡 612 chamadas API
21:38:01 [INFO]   Proxima: 18:55 — aguardando 60s
21:39:01 [INFO] Fila: 21 aguardando | Cache: 0 bloqueados | Monitor odds: 0 | Monitor saida: 0 | ✅ 0 aprovados | 🔍 522 analisados | 📡 612 chamadas API
21:39:01 [INFO]   Proxima: 18:55 — aguardando 60s
21:40:01 [INFO] Fila: 21 aguardando | Cache: 0 bloqueados | Monitor odds: 0 | Monitor saida: 0 | ✅ 0 aprovados | 🔍 522 analisados | 📡 612 chamadas API
21:40:01 [INFO]   Proxima: 18:55 — aguardando 60s
21:41:01 [INFO] Fila: 21 aguardando | Cache: 0 bloqueados | Monitor odds: 0 | Monitor saida: 0 | ✅ 0 aprovados | 🔍 522 analisados | 📡 612 chamadas API
21:41:01 [INFO]   Proxima: 18:55 — aguardando 60s
21:42:01 [INFO] Fila: 21 aguardando | Cache: 0 bloqueados | Monitor odds: 0 | Monitor saida: 0 | ✅ 0 aprovados | 🔍 522 analisados | 📡 612 chamadas API
21:42:02 [INFO]   Proxima: 18:55 — aguardando 60s
21:43:02 [INFO] Fila: 21 aguardando | Cache: 0 bloqueados | Monitor odds: 0 | Monitor saida: 0 | ✅ 0 aprovados | 🔍 522 analisados | 📡 612 chamadas API
21:43:02 [INFO]   Proxima: 18:55 — aguardando 60s
21:44:02 [INFO] Fila: 21 aguardando | Cache: 0 bloqueados | Monitor odds: 0 | Monitor saida: 0 | ✅ 0 aprovados | 🔍 522 analisados | 📡 612 chamadas API
21:44:02 [INFO]   Proxima: 18:55 — aguardando 60s
21:45:02 [INFO] Fila: 21 aguardando | Cache: 0 bloqueados | Monitor odds: 0 | Monitor saida: 0 | ✅ 0 aprovados | 🔍 522 analisados | 📡 612 chamadas API
21:45:02 [INFO]   Proxima: 18:55 — aguardando 60s
21:46:02 [INFO] Fila: 21 aguardando | Cache: 0 bloqueados | Monitor odds: 0 | Monitor saida: 0 | ✅ 0 aprovados | 🔍 522 analisados | 📡 612 chamadas API
21:46:02 [INFO]   Proxima: 18:55 — aguardando 60s
21:47:02 [INFO] Fila: 21 aguardando | Cache: 0 bloqueados | Monitor odds: 0 | Monitor saida: 0 | ✅ 0 aprovados | 🔍 522 analisados | 📡 612 chamadas API
21:47:02 [INFO]   Proxima: 18:55 — aguardando 60s
21:48:02 [INFO] Fila: 21 aguardando | Cache: 0 bloqueados | Monitor odds: 0 | Monitor saida: 0 | ✅ 0 aprovados | 🔍 522 analisados | 📡 612 chamadas API
21:48:02 [INFO]   Proxima: 18:55 — aguardando 60s
21:49:02 [INFO] Fila: 21 aguardando | Cache: 0 bloqueados | Monitor odds: 0 | Monitor saida: 0 | ✅ 0 aprovados | 🔍 522 analisados | 📡 612 chamadas API
21:49:02 [INFO]   Proxima: 18:55 — aguardando 60s
21:50:02 [INFO] Fila: 21 aguardando | Cache: 0 bloqueados | Monitor odds: 0 | Monitor saida: 0 | ✅ 0 aprovados | 🔍 522 analisados | 📡 612 chamadas API
21:50:02 [INFO]   Proxima: 18:55 — aguardando 60s
21:51:02 [INFO] Fila: 21 aguardando | Cache: 0 bloqueados | Monitor odds: 0 | Monitor saida: 0 | ✅ 0 aprovados | 🔍 522 analisados | 📡 612 chamadas API
21:51:02 [INFO]   Proxima: 18:55 — aguardando 60s
21:52:02 [INFO] Fila: 21 aguardando | Cache: 0 bloqueados | Monitor odds: 0 | Monitor saida: 0 | ✅ 0 aprovados | 🔍 522 analisados | 📡 612 chamadas API
21:52:02 [INFO]   Proxima: 18:55 — aguardando 60s
21:53:02 [INFO] Fila: 21 aguardando | Cache: 0 bloqueados | Monitor odds: 0 | Monitor saida: 0 | ✅ 0 aprovados | 🔍 522 analisados | 📡 612 chamadas API
21:53:02 [INFO]   Proxima: 18:55 — aguardando 60s
21:54:02 [INFO] Fila: 21 aguardando | Cache: 0 bloqueados | Monitor odds: 0 | Monitor saida: 0 | ✅ 0 aprovados | 🔍 522 analisados | 📡 612 chamadas API
21:54:02 [INFO]   Proxima: 18:55 — aguardando 57s
21:55:00 [INFO] Fila: 21 aguardando | Cache: 0 bloqueados | Monitor odds: 0 | Monitor saida: 0 | ✅ 0 aprovados | 🔍 522 analisados | 📡 612 chamadas API
21:55:00 [INFO]   🔍 Carabobo FC v Academia Anzoategui FC (19:00) | +4 min
21:55:00 [INFO]   ⛔ Sem mercados
21:55:00 [INFO]     -> Proxima: 19:00 (intervalo 5 min — 4 min p/ inicio)
21:55:00 [INFO] Fila: 21 aguardando | Cache: 0 bloqueados | Monitor odds: 0 | Monitor saida: 0 | ✅ 0 aprovados | 🔍 523 analisados | 📡 613 chamadas API
21:55:00 [INFO]   Proxima: 19:00 — aguardando 60s
21:56:00 [INFO] Fila: 21 aguardando | Cache: 0 bloqueados | Monitor odds: 0 | Monitor saida: 0 | ✅ 0 aprovados | 🔍 523 analisados | 📡 613 chamadas API
21:56:00 [INFO]   Proxima: 19:00 — aguardando 60s
21:57:00 [INFO] Fila: 21 aguardando | Cache: 0 bloqueados | Monitor odds: 0 | Monitor saida: 0 | ✅ 0 aprovados | 🔍 523 analisados | 📡 613 chamadas API
21:57:00 [INFO]   Proxima: 19:00 — aguardando 60s
21:58:00 [INFO] Fila: 21 aguardando | Cache: 0 bloqueados | Monitor odds: 0 | Monitor saida: 0 | ✅ 0 aprovados | 🔍 523 analisados | 📡 613 chamadas API
21:58:00 [INFO]   Proxima: 19:00 — aguardando 60s
21:59:00 [INFO] Fila: 21 aguardando | Cache: 0 bloqueados | Monitor odds: 0 | Monitor saida: 0 | ✅ 0 aprovados | 🔍 523 analisados | 📡 613 chamadas API
21:59:00 [INFO]   Proxima: 19:00 — aguardando 59s
22:00:00 [INFO] Fila: 21 aguardando | Cache: 0 bloqueados | Monitor odds: 0 | Monitor saida: 0 | ✅ 0 aprovados | 🔍 523 analisados | 📡 613 chamadas API
22:00:00 [INFO]   🔍 Carabobo FC v Academia Anzoategui FC (19:00) | +0 min
22:00:00 [INFO]   ⛔ Sem mercados
22:00:00 [INFO]     -> Proxima: 19:05 (intervalo 5 min — 0 min p/ inicio)
22:00:00 [INFO] Fila: 21 aguardando | Cache: 0 bloqueados | Monitor odds: 0 | Monitor saida: 0 | ✅ 0 aprovados | 🔍 524 analisados | 📡 614 chamadas API
22:00:00 [INFO]   Proxima: 19:05 — aguardando 60s
22:01:00 [INFO] Fila: 21 aguardando | Cache: 0 bloqueados | Monitor odds: 0 | Monitor saida: 0 | ✅ 0 aprovados | 🔍 524 analisados | 📡 614 chamadas API
22:01:00 [INFO]   Proxima: 19:05 — aguardando 60s
22:02:00 [INFO] Fila: 21 aguardando | Cache: 0 bloqueados | Monitor odds: 0 | Monitor saida: 0 | ✅ 0 aprovados | 🔍 524 analisados | 📡 614 chamadas API
22:02:00 [INFO]   Proxima: 19:05 — aguardando 60s
22:03:00 [INFO] Fila: 21 aguardando | Cache: 0 bloqueados | Monitor odds: 0 | Monitor saida: 0 | ✅ 0 aprovados | 🔍 524 analisados | 📡 614 chamadas API
22:03:00 [INFO]   Proxima: 19:05 — aguardando 60s
22:04:00 [INFO] Fila: 21 aguardando | Cache: 0 bloqueados | Monitor odds: 0 | Monitor saida: 0 | ✅ 0 aprovados | 🔍 524 analisados | 📡 614 chamadas API
22:04:00 [INFO]   Proxima: 19:05 — aguardando 59s
22:05:00 [INFO] Fila: 21 aguardando | Cache: 0 bloqueados | Monitor odds: 0 | Monitor saida: 0 | ✅ 0 aprovados | 🔍 524 analisados | 📡 614 chamadas API
22:05:00 [INFO]   🔍 Carabobo FC v Academia Anzoategui FC (19:00) | -5 min
22:05:00 [INFO]   ⛔ Sem mercados
22:05:00 [INFO]     Descartado: Carabobo FC v Academia Anzoategui FC — Janela encerrada (+10 min)
22:05:00 [INFO]   Agendador: 1 jogos removidos da fila
22:05:00 [INFO] Fila: 20 aguardando | Cache: 0 bloqueados | Monitor odds: 0 | Monitor saida: 0 | ✅ 0 aprovados | 🔍 525 analisados | 📡 615 chamadas API
22:05:00 [INFO]   Proxima: 19:25 — aguardando 60s
22:06:00 [INFO] Fila: 20 aguardando | Cache: 0 bloqueados | Monitor odds: 0 | Monitor saida: 0 | ✅ 0 aprovados | 🔍 525 analisados | 📡 615 chamadas API
22:06:00 [INFO]   Proxima: 19:25 — aguardando 60s
22:07:00 [INFO] Fila: 20 aguardando | Cache: 0 bloqueados | Monitor odds: 0 | Monitor saida: 0 | ✅ 0 aprovados | 🔍 525 analisados | 📡 615 chamadas API
22:07:00 [INFO]   Proxima: 19:25 — aguardando 60s
22:08:00 [INFO] Fila: 20 aguardando | Cache: 0 bloqueados | Monitor odds: 0 | Monitor saida: 0 | ✅ 0 aprovados | 🔍 525 analisados | 📡 615 chamadas API
22:08:00 [INFO]   Proxima: 19:25 — aguardando 60s
22:09:00 [INFO] Fila: 20 aguardando | Cache: 0 bloqueados | Monitor odds: 0 | Monitor saida: 0 | ✅ 0 aprovados | 🔍 525 analisados | 📡 615 chamadas API
22:09:00 [INFO]   Proxima: 19:25 — aguardando 60s
22:10:00 [INFO] Fila: 20 aguardando | Cache: 0 bloqueados | Monitor odds: 0 | Monitor saida: 0 | ✅ 0 aprovados | 🔍 525 analisados | 📡 615 chamadas API
22:10:00 [INFO]   Proxima: 19:25 — aguardando 60s
22:11:00 [INFO] Fila: 20 aguardando | Cache: 0 bloqueados | Monitor odds: 0 | Monitor saida: 0 | ✅ 0 aprovados | 🔍 525 analisados | 📡 615 chamadas API
22:11:00 [INFO]   Proxima: 19:25 — aguardando 60s
22:12:00 [INFO] Fila: 20 aguardando | Cache: 0 bloqueados | Monitor odds: 0 | Monitor saida: 0 | ✅ 0 aprovados | 🔍 525 analisados | 📡 615 chamadas API
22:12:00 [INFO]   Proxima: 19:25 — aguardando 60s
22:13:00 [INFO] Fila: 20 aguardando | Cache: 0 bloqueados | Monitor odds: 0 | Monitor saida: 0 | ✅ 0 aprovados | 🔍 525 analisados | 📡 615 chamadas API
22:13:00 [INFO]   Proxima: 19:25 — aguardando 60s
22:14:00 [INFO] Fila: 20 aguardando | Cache: 0 bloqueados | Monitor odds: 0 | Monitor saida: 0 | ✅ 0 aprovados | 🔍 525 analisados | 📡 615 chamadas API
22:14:00 [INFO]   Proxima: 19:25 — aguardando 60s
22:15:00 [INFO] Fila: 20 aguardando | Cache: 0 bloqueados | Monitor odds: 0 | Monitor saida: 0 | ✅ 0 aprovados | 🔍 525 analisados | 📡 615 chamadas API
22:15:00 [INFO]   Proxima: 19:25 — aguardando 60s
22:16:00 [INFO] Fila: 20 aguardando | Cache: 0 bloqueados | Monitor odds: 0 | Monitor saida: 0 | ✅ 0 aprovados | 🔍 525 analisados | 📡 615 chamadas API
22:16:00 [INFO]   Proxima: 19:25 — aguardando 60s
22:17:00 [INFO] Fila: 20 aguardando | Cache: 0 bloqueados | Monitor odds: 0 | Monitor saida: 0 | ✅ 0 aprovados | 🔍 525 analisados | 📡 615 chamadas API
22:17:00 [INFO]   Proxima: 19:25 — aguardando 60s
22:18:00 [INFO] Fila: 20 aguardando | Cache: 0 bloqueados | Monitor odds: 0 | Monitor saida: 0 | ✅ 0 aprovados | 🔍 525 analisados | 📡 615 chamadas API
22:18:00 [INFO]   Proxima: 19:25 — aguardando 60s
22:19:00 [INFO] Fila: 20 aguardando | Cache: 0 bloqueados | Monitor odds: 0 | Monitor saida: 0 | ✅ 0 aprovados | 🔍 525 analisados | 📡 615 chamadas API
22:19:00 [INFO]   Proxima: 19:25 — aguardando 60s
22:20:00 [INFO] Fila: 20 aguardando | Cache: 0 bloqueados | Monitor odds: 0 | Monitor saida: 0 | ✅ 0 aprovados | 🔍 525 analisados | 📡 615 chamadas API
22:20:00 [INFO]   Proxima: 19:25 — aguardando 60s
22:21:00 [INFO] Fila: 20 aguardando | Cache: 0 bloqueados | Monitor odds: 0 | Monitor saida: 0 | ✅ 0 aprovados | 🔍 525 analisados | 📡 615 chamadas API
22:21:00 [INFO]   Proxima: 19:25 — aguardando 60s
22:22:00 [INFO] Fila: 20 aguardando | Cache: 0 bloqueados | Monitor odds: 0 | Monitor saida: 0 | ✅ 0 aprovados | 🔍 525 analisados | 📡 615 chamadas API
22:22:00 [INFO] Buscando lista de jogos do dia...
22:22:01 [INFO] Jogos agendados: 0 novos | Total ativo: 20
22:22:01 [INFO]   Proxima: 19:25 — aguardando 60s
22:23:01 [INFO] Fila: 20 aguardando | Cache: 0 bloqueados | Monitor odds: 0 | Monitor saida: 0 | ✅ 0 aprovados | 🔍 525 analisados | 📡 616 chamadas API
22:23:01 [INFO]   Proxima: 19:25 — aguardando 60s
22:24:01 [INFO] Fila: 20 aguardando | Cache: 0 bloqueados | Monitor odds: 0 | Monitor saida: 0 | ✅ 0 aprovados | 🔍 525 analisados | 📡 616 chamadas API
22:24:01 [INFO]   Proxima: 19:25 — aguardando 58s
22:25:00 [INFO] Fila: 20 aguardando | Cache: 0 bloqueados | Monitor odds: 0 | Monitor saida: 0 | ✅ 0 aprovados | 🔍 525 analisados | 📡 616 chamadas API
22:25:00 [INFO]   🔍 San Lorenzo v Velez Sarsfield (19:30) | +4 min
22:25:00 [INFO]   ⛔ Favorito fora faixa: 2.84
22:25:00 [INFO]     -> Proxima: 19:30 (intervalo 5 min — 4 min p/ inicio)
22:25:00 [INFO]   🔍 Club F de la Mora v Sportivo Carapegua (19:30) | +4 min
22:25:01 [INFO]   ⛔ Favorito fora faixa: 2.64
22:25:01 [INFO]     -> Proxima: 19:30 (intervalo 5 min — 4 min p/ inicio)
22:25:01 [INFO] Fila: 20 aguardando | Cache: 0 bloqueados | Monitor odds: 0 | Monitor saida: 0 | ✅ 0 aprovados | 🔍 527 analisados | 📡 620 chamadas API
22:25:01 [INFO]   Proxima: 19:30 — aguardando 60s
22:26:01 [INFO] Fila: 20 aguardando | Cache: 0 bloqueados | Monitor odds: 0 | Monitor saida: 0 | ✅ 0 aprovados | 🔍 527 analisados | 📡 620 chamadas API
22:26:01 [INFO]   Proxima: 19:30 — aguardando 60s
22:27:01 [INFO] Fila: 20 aguardando | Cache: 0 bloqueados | Monitor odds: 0 | Monitor saida: 0 | ✅ 0 aprovados | 🔍 527 analisados | 📡 620 chamadas API
22:27:01 [INFO]   Proxima: 19:30 — aguardando 60s
22:28:01 [INFO] Fila: 20 aguardando | Cache: 0 bloqueados | Monitor odds: 0 | Monitor saida: 0 | ✅ 0 aprovados | 🔍 527 analisados | 📡 620 chamadas API
22:28:01 [INFO]   Proxima: 19:30 — aguardando 60s
22:29:01 [INFO] Fila: 20 aguardando | Cache: 0 bloqueados | Monitor odds: 0 | Monitor saida: 0 | ✅ 0 aprovados | 🔍 527 analisados | 📡 620 chamadas API
22:29:01 [INFO]   Proxima: 19:30 — aguardando 59s
22:30:00 [INFO] Fila: 20 aguardando | Cache: 0 bloqueados | Monitor odds: 0 | Monitor saida: 0 | ✅ 0 aprovados | 🔍 527 analisados | 📡 620 chamadas API
22:30:00 [INFO]   🔍 San Lorenzo v Velez Sarsfield (19:30) | +0 min
22:30:01 [INFO]   ⛔ Favorito fora faixa: 2.8
22:30:01 [INFO]     -> Proxima: 19:35 (intervalo 5 min — 0 min p/ inicio)
22:30:01 [INFO] Fila: 20 aguardando | Cache: 0 bloqueados | Monitor odds: 0 | Monitor saida: 0 | ✅ 0 aprovados | 🔍 528 analisados | 📡 622 chamadas API
22:30:01 [INFO]   🔍 Club F de la Mora v Sportivo Carapegua (19:30) | +0 min
22:30:01 [INFO]   ⛔ Favorito fora faixa: 2.66
22:30:01 [INFO]     -> Proxima: 19:35 (intervalo 5 min — 0 min p/ inicio)
22:30:01 [INFO] Fila: 20 aguardando | Cache: 0 bloqueados | Monitor odds: 0 | Monitor saida: 0 | ✅ 0 aprovados | 🔍 529 analisados | 📡 624 chamadas API
22:30:01 [INFO]   Proxima: 19:35 — aguardando 60s
22:31:01 [INFO] Fila: 20 aguardando | Cache: 0 bloqueados | Monitor odds: 0 | Monitor saida: 0 | ✅ 0 aprovados | 🔍 529 analisados | 📡 624 chamadas API
22:31:01 [INFO]   Proxima: 19:35 — aguardando 60s
22:32:01 [INFO] Fila: 20 aguardando | Cache: 0 bloqueados | Monitor odds: 0 | Monitor saida: 0 | ✅ 0 aprovados | 🔍 529 analisados | 📡 624 chamadas API
22:32:01 [INFO]   Proxima: 19:35 — aguardando 60s
22:33:01 [INFO] Fila: 20 aguardando | Cache: 0 bloqueados | Monitor odds: 0 | Monitor saida: 0 | ✅ 0 aprovados | 🔍 529 analisados | 📡 624 chamadas API
22:33:01 [INFO]   Proxima: 19:35 — aguardando 60s
22:34:01 [INFO] Fila: 20 aguardando | Cache: 0 bloqueados | Monitor odds: 0 | Monitor saida: 0 | ✅ 0 aprovados | 🔍 529 analisados | 📡 624 chamadas API
22:34:01 [INFO]   Proxima: 19:35 — aguardando 59s
22:35:01 [INFO] Fila: 20 aguardando | Cache: 0 bloqueados | Monitor odds: 0 | Monitor saida: 0 | ✅ 0 aprovados | 🔍 529 analisados | 📡 624 chamadas API
22:35:01 [INFO]   🔍 San Lorenzo v Velez Sarsfield (19:30) | -5 min
22:35:01 [INFO]   ⛔ Favorito fora faixa: 2.96
22:35:01 [INFO]     Descartado: San Lorenzo v Velez Sarsfield — Janela encerrada (+10 min)
22:35:01 [INFO]   Agendador: 1 jogos removidos da fila
22:35:01 [INFO] Fila: 19 aguardando | Cache: 0 bloqueados | Monitor odds: 0 | Monitor saida: 0 | ✅ 0 aprovados | 🔍 530 analisados | 📡 626 chamadas API
22:35:01 [INFO]   Proxima: 19:35 — aguardando 10s
22:35:11 [INFO] Fila: 19 aguardando | Cache: 0 bloqueados | Monitor odds: 0 | Monitor saida: 0 | ✅ 0 aprovados | 🔍 530 analisados | 📡 626 chamadas API
22:35:11 [INFO]   🔍 Club F de la Mora v Sportivo Carapegua (19:30) | -5 min
22:35:12 [INFO]   ⛔ Favorito fora faixa: 2.5
22:35:12 [INFO]     Descartado: Club F de la Mora v Sportivo Carapegua — Janela encerrada (+10 min)
22:35:12 [INFO]   Agendador: 1 jogos removidos da fila
22:35:12 [INFO] Fila: 18 aguardando | Cache: 0 bloqueados | Monitor odds: 0 | Monitor saida: 0 | ✅ 0 aprovados | 🔍 531 analisados | 📡 628 chamadas API
22:35:12 [INFO]   Proxima: 19:55 — aguardando 60s
22:36:12 [INFO] Fila: 18 aguardando | Cache: 0 bloqueados | Monitor odds: 0 | Monitor saida: 0 | ✅ 0 aprovados | 🔍 531 analisados | 📡 628 chamadas API
22:36:12 [INFO]   Proxima: 19:55 — aguardando 60s
22:37:12 [INFO] Fila: 18 aguardando | Cache: 0 bloqueados | Monitor odds: 0 | Monitor saida: 0 | ✅ 0 aprovados | 🔍 531 analisados | 📡 628 chamadas API
22:37:12 [INFO]   Proxima: 19:55 — aguardando 60s
22:38:12 [INFO] Fila: 18 aguardando | Cache: 0 bloqueados | Monitor odds: 0 | Monitor saida: 0 | ✅ 0 aprovados | 🔍 531 analisados | 📡 628 chamadas API
22:38:12 [INFO]   Proxima: 19:55 — aguardando 60s
22:39:12 [INFO] Fila: 18 aguardando | Cache: 0 bloqueados | Monitor odds: 0 | Monitor saida: 0 | ✅ 0 aprovados | 🔍 531 analisados | 📡 628 chamadas API
22:39:12 [INFO]   Proxima: 19:55 — aguardando 60s
22:40:12 [INFO] Fila: 18 aguardando | Cache: 0 bloqueados | Monitor odds: 0 | Monitor saida: 0 | ✅ 0 aprovados | 🔍 531 analisados | 📡 628 chamadas API
22:40:12 [INFO]   Proxima: 19:55 — aguardando 60s
22:41:12 [INFO] Fila: 18 aguardando | Cache: 0 bloqueados | Monitor odds: 0 | Monitor saida: 0 | ✅ 0 aprovados | 🔍 531 analisados | 📡 628 chamadas API
22:41:12 [INFO]   Proxima: 19:55 — aguardando 60s
22:42:12 [INFO] Fila: 18 aguardando | Cache: 0 bloqueados | Monitor odds: 0 | Monitor saida: 0 | ✅ 0 aprovados | 🔍 531 analisados | 📡 628 chamadas API
22:42:12 [INFO]   Proxima: 19:55 — aguardando 60s
22:43:12 [INFO] Fila: 18 aguardando | Cache: 0 bloqueados | Monitor odds: 0 | Monitor saida: 0 | ✅ 0 aprovados | 🔍 531 analisados | 📡 628 chamadas API
22:43:12 [INFO]   Proxima: 19:55 — aguardando 60s
22:44:12 [INFO] Fila: 18 aguardando | Cache: 0 bloqueados | Monitor odds: 0 | Monitor saida: 0 | ✅ 0 aprovados | 🔍 531 analisados | 📡 628 chamadas API
22:44:12 [INFO]   Proxima: 19:55 — aguardando 60s
22:45:12 [INFO] Fila: 18 aguardando | Cache: 0 bloqueados | Monitor odds: 0 | Monitor saida: 0 | ✅ 0 aprovados | 🔍 531 analisados | 📡 628 chamadas API
22:45:12 [INFO]   Proxima: 19:55 — aguardando 60s
22:46:12 [INFO] Fila: 18 aguardando | Cache: 0 bloqueados | Monitor odds: 0 | Monitor saida: 0 | ✅ 0 aprovados | 🔍 531 analisados | 📡 628 chamadas API
22:46:12 [INFO]   Proxima: 19:55 — aguardando 60s
22:47:12 [INFO] Fila: 18 aguardando | Cache: 0 bloqueados | Monitor odds: 0 | Monitor saida: 0 | ✅ 0 aprovados | 🔍 531 analisados | 📡 628 chamadas API
22:47:12 [INFO]   Proxima: 19:55 — aguardando 60s
22:48:12 [INFO] Fila: 18 aguardando | Cache: 0 bloqueados | Monitor odds: 0 | Monitor saida: 0 | ✅ 0 aprovados | 🔍 531 analisados | 📡 628 chamadas API
22:48:12 [INFO]   Proxima: 19:55 — aguardando 60s
22:49:12 [INFO] Fila: 18 aguardando | Cache: 0 bloqueados | Monitor odds: 0 | Monitor saida: 0 | ✅ 0 aprovados | 🔍 531 analisados | 📡 628 chamadas API
22:49:12 [INFO]   Proxima: 19:55 — aguardando 60s
22:50:12 [INFO] Fila: 18 aguardando | Cache: 0 bloqueados | Monitor odds: 0 | Monitor saida: 0 | ✅ 0 aprovados | 🔍 531 analisados | 📡 628 chamadas API
22:50:12 [INFO]   Proxima: 19:55 — aguardando 60s
22:51:12 [INFO] Fila: 18 aguardando | Cache: 0 bloqueados | Monitor odds: 0 | Monitor saida: 0 | ✅ 0 aprovados | 🔍 531 analisados | 📡 628 chamadas API
22:51:12 [INFO]   Proxima: 19:55 — aguardando 60s
22:52:12 [INFO] Fila: 18 aguardando | Cache: 0 bloqueados | Monitor odds: 0 | Monitor saida: 0 | ✅ 0 aprovados | 🔍 531 analisados | 📡 628 chamadas API
22:52:12 [INFO]   Proxima: 19:55 — aguardando 60s
22:53:12 [INFO] Fila: 18 aguardando | Cache: 0 bloqueados | Monitor odds: 0 | Monitor saida: 0 | ✅ 0 aprovados | 🔍 531 analisados | 📡 628 chamadas API
22:53:12 [INFO]   Proxima: 19:55 — aguardando 60s
22:54:12 [INFO] Fila: 18 aguardando | Cache: 0 bloqueados | Monitor odds: 0 | Monitor saida: 0 | ✅ 0 aprovados | 🔍 531 analisados | 📡 628 chamadas API
22:54:12 [INFO]   Proxima: 19:55 — aguardando 47s
22:55:00 [INFO] Fila: 18 aguardando | Cache: 0 bloqueados | Monitor odds: 0 | Monitor saida: 0 | ✅ 0 aprovados | 🔍 531 analisados | 📡 628 chamadas API
22:55:00 [INFO]   🔍 Pitbulls v Inter San Carlos (20:00) | +4 min
22:55:00 [INFO]   ⛔ Sem mercados
22:55:00 [INFO]     -> Proxima: 20:00 (intervalo 5 min — 4 min p/ inicio)
22:55:00 [INFO]   🔍 Floresta EC v Ferroviaria (20:00) | +4 min
22:55:00 [INFO]   ⛔ Sem mercados
22:55:00 [INFO]     -> Proxima: 20:00 (intervalo 5 min — 4 min p/ inicio)
22:55:00 [INFO]   🔍 Maringa v Brusque FC (20:00) | +4 min
22:55:00 [INFO]   ⛔ Sem mercados
22:55:00 [INFO]     -> Proxima: 20:00 (intervalo 5 min — 4 min p/ inicio)
22:55:00 [INFO]   🔍 Atletico Rafaela v Agropecuario (20:00) | +4 min
22:55:01 [INFO]   ⛔ Sem mercados
22:55:01 [INFO]     -> Proxima: 20:00 (intervalo 5 min — 4 min p/ inicio)
22:55:01 [INFO]   🔍 Deportivo La Guaira v Portuguesa FC (20:00) | +4 min
22:55:01 [INFO]   ⛔ Sem mercados
22:55:01 [INFO]     -> Proxima: 20:00 (intervalo 5 min — 4 min p/ inicio)
22:55:01 [INFO] Fila: 18 aguardando | Cache: 0 bloqueados | Monitor odds: 0 | Monitor saida: 0 | ✅ 0 aprovados | 🔍 536 analisados | 📡 633 chamadas API
22:55:01 [INFO]   Proxima: 20:00 — aguardando 60s
22:56:01 [INFO] Fila: 18 aguardando | Cache: 0 bloqueados | Monitor odds: 0 | Monitor saida: 0 | ✅ 0 aprovados | 🔍 536 analisados | 📡 633 chamadas API
22:56:01 [INFO]   Proxima: 20:00 — aguardando 60s
22:57:01 [INFO] Fila: 18 aguardando | Cache: 0 bloqueados | Monitor odds: 0 | Monitor saida: 0 | ✅ 0 aprovados | 🔍 536 analisados | 📡 633 chamadas API
22:57:01 [INFO]   Proxima: 20:00 — aguardando 60s
22:58:01 [INFO] Fila: 18 aguardando | Cache: 0 bloqueados | Monitor odds: 0 | Monitor saida: 0 | ✅ 0 aprovados | 🔍 536 analisados | 📡 633 chamadas API
22:58:01 [INFO]   Proxima: 20:00 — aguardando 60s
22:59:01 [INFO] Fila: 18 aguardando | Cache: 0 bloqueados | Monitor odds: 0 | Monitor saida: 0 | ✅ 0 aprovados | 🔍 536 analisados | 📡 633 chamadas API
22:59:01 [INFO]   Proxima: 20:00 — aguardando 58s
23:00:00 [INFO] Fila: 18 aguardando | Cache: 0 bloqueados | Monitor odds: 0 | Monitor saida: 0 | ✅ 0 aprovados | 🔍 536 analisados | 📡 633 chamadas API
23:00:00 [INFO]   🔍 Pitbulls v Inter San Carlos (20:00) | +0 min
23:00:00 [INFO]   ⛔ Sem mercados
23:00:00 [INFO]     -> Proxima: 20:05 (intervalo 5 min — 0 min p/ inicio)
23:00:00 [INFO] Fila: 18 aguardando | Cache: 0 bloqueados | Monitor odds: 0 | Monitor saida: 0 | ✅ 0 aprovados | 🔍 537 analisados | 📡 634 chamadas API
23:00:00 [INFO]   Proxima: 20:00 — aguardando 10s
23:00:10 [INFO] Fila: 18 aguardando | Cache: 0 bloqueados | Monitor odds: 0 | Monitor saida: 0 | ✅ 0 aprovados | 🔍 537 analisados | 📡 634 chamadas API
23:00:10 [INFO]   🔍 Floresta EC v Ferroviaria (20:00) | +0 min
23:00:10 [INFO]   ⛔ Sem mercados
23:00:10 [INFO]     -> Proxima: 20:05 (intervalo 5 min — 0 min p/ inicio)
23:00:10 [INFO]   🔍 Maringa v Brusque FC (20:00) | +0 min
23:00:11 [INFO]   ⛔ Sem mercados
23:00:11 [INFO]     -> Proxima: 20:05 (intervalo 5 min — 0 min p/ inicio)
23:00:11 [INFO]   🔍 Atletico Rafaela v Agropecuario (20:00) | +0 min
23:00:11 [INFO]   ⛔ Sem mercados
23:00:11 [INFO]     -> Proxima: 20:05 (intervalo 5 min — 0 min p/ inicio)
23:00:11 [INFO]   🔍 Deportivo La Guaira v Portuguesa FC (20:00) | +0 min
23:00:11 [INFO]   ⛔ Sem mercados
23:00:11 [INFO]     -> Proxima: 20:05 (intervalo 5 min — 0 min p/ inicio)
23:00:11 [INFO] Fila: 18 aguardando | Cache: 0 bloqueados | Monitor odds: 0 | Monitor saida: 0 | ✅ 0 aprovados | 🔍 541 analisados | 📡 638 chamadas API
23:00:11 [INFO]   Proxima: 20:05 — aguardando 60s
23:01:11 [INFO] Fila: 18 aguardando | Cache: 0 bloqueados | Monitor odds: 0 | Monitor saida: 0 | ✅ 0 aprovados | 🔍 541 analisados | 📡 638 chamadas API
23:01:11 [INFO]   Proxima: 20:05 — aguardando 60s
23:02:11 [INFO] Fila: 18 aguardando | Cache: 0 bloqueados | Monitor odds: 0 | Monitor saida: 0 | ✅ 0 aprovados | 🔍 541 analisados | 📡 638 chamadas API
23:02:11 [INFO]   Proxima: 20:05 — aguardando 60s
23:03:11 [INFO] Fila: 18 aguardando | Cache: 0 bloqueados | Monitor odds: 0 | Monitor saida: 0 | ✅ 0 aprovados | 🔍 541 analisados | 📡 638 chamadas API
23:03:11 [INFO]   Proxima: 20:05 — aguardando 60s
23:04:11 [INFO] Fila: 18 aguardando | Cache: 0 bloqueados | Monitor odds: 0 | Monitor saida: 0 | ✅ 0 aprovados | 🔍 541 analisados | 📡 638 chamadas API
23:04:11 [INFO]   Proxima: 20:05 — aguardando 48s
23:05:00 [INFO] Fila: 18 aguardando | Cache: 0 bloqueados | Monitor odds: 0 | Monitor saida: 0 | ✅ 0 aprovados | 🔍 541 analisados | 📡 638 chamadas API
23:05:00 [INFO]   🔍 Pitbulls v Inter San Carlos (20:00) | -5 min
23:05:00 [INFO]   ⛔ Sem mercados
23:05:00 [INFO]     Descartado: Pitbulls v Inter San Carlos — Janela encerrada (+10 min)
23:05:00 [INFO]   Agendador: 1 jogos removidos da fila
23:05:00 [INFO] Fila: 17 aguardando | Cache: 0 bloqueados | Monitor odds: 0 | Monitor saida: 0 | ✅ 0 aprovados | 🔍 542 analisados | 📡 639 chamadas API
23:05:00 [INFO]   Proxima: 20:05 — aguardando 10s
23:05:10 [INFO] Fila: 17 aguardando | Cache: 0 bloqueados | Monitor odds: 0 | Monitor saida: 0 | ✅ 0 aprovados | 🔍 542 analisados | 📡 639 chamadas API
23:05:10 [INFO]   🔍 Floresta EC v Ferroviaria (20:00) | -5 min
23:05:11 [INFO]   ⛔ Sem mercados
23:05:11 [INFO]     Descartado: Floresta EC v Ferroviaria — Janela encerrada (+10 min)
23:05:11 [INFO]   Agendador: 1 jogos removidos da fila
23:05:11 [INFO] Fila: 16 aguardando | Cache: 0 bloqueados | Monitor odds: 0 | Monitor saida: 0 | ✅ 0 aprovados | 🔍 543 analisados | 📡 640 chamadas API
23:05:11 [INFO]   🔍 Maringa v Brusque FC (20:00) | -5 min
23:05:11 [INFO]   ⛔ Sem mercados
23:05:11 [INFO]     Descartado: Maringa v Brusque FC — Janela encerrada (+10 min)
23:05:11 [INFO]   Agendador: 1 jogos removidos da fila
23:05:11 [INFO] Fila: 15 aguardando | Cache: 0 bloqueados | Monitor odds: 0 | Monitor saida: 0 | ✅ 0 aprovados | 🔍 544 analisados | 📡 641 chamadas API
23:05:11 [INFO]   Proxima: 20:05 — aguardando 10s
23:05:21 [INFO] Fila: 15 aguardando | Cache: 0 bloqueados | Monitor odds: 0 | Monitor saida: 0 | ✅ 0 aprovados | 🔍 544 analisados | 📡 641 chamadas API
23:05:21 [INFO]   🔍 Atletico Rafaela v Agropecuario (20:00) | -5 min
23:05:21 [INFO]   ⛔ Sem mercados
23:05:21 [INFO]     Descartado: Atletico Rafaela v Agropecuario — Janela encerrada (+10 min)
23:05:21 [INFO]   🔍 Deportivo La Guaira v Portuguesa FC (20:00) | -5 min
23:05:21 [INFO]   ⛔ Sem mercados
23:05:21 [INFO]     Descartado: Deportivo La Guaira v Portuguesa FC — Janela encerrada (+10 min)
23:05:21 [INFO]   Agendador: 2 jogos removidos da fila
23:05:21 [INFO] Fila: 13 aguardando | Cache: 0 bloqueados | Monitor odds: 0 | Monitor saida: 0 | ✅ 0 aprovados | 🔍 546 analisados | 📡 643 chamadas API
23:05:21 [INFO]   Proxima: 20:15 — aguardando 60s
23:06:21 [INFO] Fila: 13 aguardando | Cache: 0 bloqueados | Monitor odds: 0 | Monitor saida: 0 | ✅ 0 aprovados | 🔍 546 analisados | 📡 643 chamadas API
23:06:21 [INFO]   Proxima: 20:15 — aguardando 60s
23:07:21 [INFO] Fila: 13 aguardando | Cache: 0 bloqueados | Monitor odds: 0 | Monitor saida: 0 | ✅ 0 aprovados | 🔍 546 analisados | 📡 643 chamadas API
23:07:21 [INFO]   Proxima: 20:15 — aguardando 60s
23:08:21 [INFO] Fila: 13 aguardando | Cache: 0 bloqueados | Monitor odds: 0 | Monitor saida: 0 | ✅ 0 aprovados | 🔍 546 analisados | 📡 643 chamadas API
23:08:21 [INFO]   Proxima: 20:15 — aguardando 60s
23:09:21 [INFO] Fila: 13 aguardando | Cache: 0 bloqueados | Monitor odds: 0 | Monitor saida: 0 | ✅ 0 aprovados | 🔍 546 analisados | 📡 643 chamadas API
23:09:21 [INFO]   Proxima: 20:15 — aguardando 60s
23:10:21 [INFO] Fila: 13 aguardando | Cache: 0 bloqueados | Monitor odds: 0 | Monitor saida: 0 | ✅ 0 aprovados | 🔍 546 analisados | 📡 643 chamadas API
23:10:21 [INFO]   Proxima: 20:15 — aguardando 60s
23:11:21 [INFO] Fila: 13 aguardando | Cache: 0 bloqueados | Monitor odds: 0 | Monitor saida: 0 | ✅ 0 aprovados | 🔍 546 analisados | 📡 643 chamadas API
23:11:21 [INFO]   Proxima: 20:15 — aguardando 60s
23:12:21 [INFO] Fila: 13 aguardando | Cache: 0 bloqueados | Monitor odds: 0 | Monitor saida: 0 | ✅ 0 aprovados | 🔍 546 analisados | 📡 643 chamadas API
23:12:21 [INFO]   Proxima: 20:15 — aguardando 60s
23:13:21 [INFO] Fila: 13 aguardando | Cache: 0 bloqueados | Monitor odds: 0 | Monitor saida: 0 | ✅ 0 aprovados | 🔍 546 analisados | 📡 643 chamadas API
23:13:21 [INFO]   Proxima: 20:15 — aguardando 60s
23:14:21 [INFO] Fila: 13 aguardando | Cache: 0 bloqueados | Monitor odds: 0 | Monitor saida: 0 | ✅ 0 aprovados | 🔍 546 analisados | 📡 643 chamadas API
23:14:21 [INFO]   Proxima: 20:15 — aguardando 38s
23:15:00 [INFO] Fila: 13 aguardando | Cache: 0 bloqueados | Monitor odds: 0 | Monitor saida: 0 | ✅ 0 aprovados | 🔍 546 analisados | 📡 643 chamadas API
23:15:00 [INFO]   🔍 Once Caldas v Internacional de Bogotá (20:20) | +4 min
23:15:00 [INFO]   ⛔ Sem mercados
23:15:00 [INFO]     -> Proxima: 20:20 (intervalo 5 min — 4 min p/ inicio)
23:15:00 [INFO] Fila: 13 aguardando | Cache: 0 bloqueados | Monitor odds: 0 | Monitor saida: 0 | ✅ 0 aprovados | 🔍 547 analisados | 📡 644 chamadas API
23:15:00 [INFO]   Proxima: 20:20 — aguardando 60s
23:16:00 [INFO] Fila: 13 aguardando | Cache: 0 bloqueados | Monitor odds: 0 | Monitor saida: 0 | ✅ 0 aprovados | 🔍 547 analisados | 📡 644 chamadas API
23:16:00 [INFO]   Proxima: 20:20 — aguardando 60s
23:17:00 [INFO] Fila: 13 aguardando | Cache: 0 bloqueados | Monitor odds: 0 | Monitor saida: 0 | ✅ 0 aprovados | 🔍 547 analisados | 📡 644 chamadas API
23:17:00 [INFO]   Proxima: 20:20 — aguardando 60s
23:18:00 [INFO] Fila: 13 aguardando | Cache: 0 bloqueados | Monitor odds: 0 | Monitor saida: 0 | ✅ 0 aprovados | 🔍 547 analisados | 📡 644 chamadas API
23:18:00 [INFO]   Proxima: 20:20 — aguardando 60s
23:19:00 [INFO] Fila: 13 aguardando | Cache: 0 bloqueados | Monitor odds: 0 | Monitor saida: 0 | ✅ 0 aprovados | 🔍 547 analisados | 📡 644 chamadas API
23:19:00 [INFO]   Proxima: 20:20 — aguardando 59s
23:20:00 [INFO] Fila: 13 aguardando | Cache: 0 bloqueados | Monitor odds: 0 | Monitor saida: 0 | ✅ 0 aprovados | 🔍 547 analisados | 📡 644 chamadas API
23:20:00 [INFO]   🔍 Once Caldas v Internacional de Bogotá (20:20) | +0 min
23:20:00 [INFO]   ⛔ Sem mercados
23:20:00 [INFO]     -> Proxima: 20:25 (intervalo 5 min — 0 min p/ inicio)
23:20:00 [INFO] Fila: 13 aguardando | Cache: 0 bloqueados | Monitor odds: 0 | Monitor saida: 0 | ✅ 0 aprovados | 🔍 548 analisados | 📡 645 chamadas API
23:20:00 [INFO]   Proxima: 20:25 — aguardando 60s
23:21:00 [INFO] Fila: 13 aguardando | Cache: 0 bloqueados | Monitor odds: 0 | Monitor saida: 0 | ✅ 0 aprovados | 🔍 548 analisados | 📡 645 chamadas API
23:21:00 [INFO]   Proxima: 20:25 — aguardando 60s
23:22:00 [INFO] Fila: 13 aguardando | Cache: 0 bloqueados | Monitor odds: 0 | Monitor saida: 0 | ✅ 0 aprovados | 🔍 548 analisados | 📡 645 chamadas API
23:22:00 [INFO]   Proxima: 20:25 — aguardando 60s
23:23:00 [INFO] Fila: 13 aguardando | Cache: 0 bloqueados | Monitor odds: 0 | Monitor saida: 0 | ✅ 0 aprovados | 🔍 548 analisados | 📡 645 chamadas API
23:23:00 [INFO] Buscando lista de jogos do dia...
23:23:00 [WARNING] Nenhum jogo retornado pela API Betfair!
23:23:01 [INFO]   Proxima: 20:25 — aguardando 60s
23:24:01 [INFO] Fila: 13 aguardando | Cache: 0 bloqueados | Monitor odds: 0 | Monitor saida: 0 | ✅ 0 aprovados | 🔍 548 analisados | 📡 646 chamadas API
23:24:01 [INFO]   Proxima: 20:25 — aguardando 58s
23:25:00 [INFO] Fila: 13 aguardando | Cache: 0 bloqueados | Monitor odds: 0 | Monitor saida: 0 | ✅ 0 aprovados | 🔍 548 analisados | 📡 646 chamadas API
23:25:00 [INFO]   🔍 Club Sportivo Ameliano v Nacional (Par) (20:30) | +4 min
23:25:00 [INFO]   ⛔ Sem mercados
23:25:00 [INFO]     -> Proxima: 20:30 (intervalo 5 min — 4 min p/ inicio)
23:25:00 [INFO]   🔍 Penarol v Juventud De Las Piedras (20:30) | +4 min
23:25:00 [INFO]   ⛔ Sem mercados
23:25:00 [INFO]     -> Proxima: 20:30 (intervalo 5 min — 4 min p/ inicio)
23:25:00 [INFO] Fila: 13 aguardando | Cache: 0 bloqueados | Monitor odds: 0 | Monitor saida: 0 | ✅ 0 aprovados | 🔍 550 analisados | 📡 648 chamadas API
23:25:00 [INFO]   Proxima: 20:25 — aguardando 10s
23:25:10 [INFO] Fila: 13 aguardando | Cache: 0 bloqueados | Monitor odds: 0 | Monitor saida: 0 | ✅ 0 aprovados | 🔍 550 analisados | 📡 648 chamadas API
23:25:10 [INFO]   🔍 Once Caldas v Internacional de Bogotá (20:20) | -5 min
23:25:10 [INFO]   ⛔ Sem mercados
23:25:10 [INFO]     Descartado: Once Caldas v Internacional de Bogotá — Janela encerrada (+10 min)
23:25:10 [INFO]   Agendador: 1 jogos removidos da fila
23:25:10 [INFO] Fila: 12 aguardando | Cache: 0 bloqueados | Monitor odds: 0 | Monitor saida: 0 | ✅ 0 aprovados | 🔍 551 analisados | 📡 649 chamadas API
23:25:10 [INFO]   Proxima: 20:30 — aguardando 60s
23:26:10 [INFO] Fila: 12 aguardando | Cache: 0 bloqueados | Monitor odds: 0 | Monitor saida: 0 | ✅ 0 aprovados | 🔍 551 analisados | 📡 649 chamadas API
23:26:10 [INFO]   Proxima: 20:30 — aguardando 60s
23:27:10 [INFO] Fila: 12 aguardando | Cache: 0 bloqueados | Monitor odds: 0 | Monitor saida: 0 | ✅ 0 aprovados | 🔍 551 analisados | 📡 649 chamadas API
23:27:10 [INFO]   Proxima: 20:30 — aguardando 60s
23:28:10 [INFO] Fila: 12 aguardando | Cache: 0 bloqueados | Monitor odds: 0 | Monitor saida: 0 | ✅ 0 aprovados | 🔍 551 analisados | 📡 649 chamadas API
23:28:10 [INFO]   Proxima: 20:30 — aguardando 60s
23:29:10 [INFO] Fila: 12 aguardando | Cache: 0 bloqueados | Monitor odds: 0 | Monitor saida: 0 | ✅ 0 aprovados | 🔍 551 analisados | 📡 649 chamadas API
23:29:10 [INFO]   Proxima: 20:30 — aguardando 49s
23:30:00 [INFO] Fila: 12 aguardando | Cache: 0 bloqueados | Monitor odds: 0 | Monitor saida: 0 | ✅ 0 aprovados | 🔍 551 analisados | 📡 649 chamadas API
23:30:00 [INFO]   🔍 Club Sportivo Ameliano v Nacional (Par) (20:30) | +0 min
23:30:00 [INFO]   ⛔ Sem mercados
23:30:00 [INFO]     -> Proxima: 20:35 (intervalo 5 min — 0 min p/ inicio)
23:30:00 [INFO] Fila: 12 aguardando | Cache: 0 bloqueados | Monitor odds: 0 | Monitor saida: 0 | ✅ 0 aprovados | 🔍 552 analisados | 📡 650 chamadas API
23:30:00 [INFO]   🔍 Penarol v Juventud De Las Piedras (20:30) | +0 min
23:30:00 [INFO]   ⛔ Sem mercados
23:30:00 [INFO]     -> Proxima: 20:35 (intervalo 5 min — 0 min p/ inicio)
23:30:00 [INFO] Fila: 12 aguardando | Cache: 0 bloqueados | Monitor odds: 0 | Monitor saida: 0 | ✅ 0 aprovados | 🔍 553 analisados | 📡 651 chamadas API
23:30:00 [INFO]   Proxima: 20:35 — aguardando 60s
23:31:00 [INFO] Fila: 12 aguardando | Cache: 0 bloqueados | Monitor odds: 0 | Monitor saida: 0 | ✅ 0 aprovados | 🔍 553 analisados | 📡 651 chamadas API
23:31:00 [INFO]   Proxima: 20:35 — aguardando 60s
23:32:00 [INFO] Fila: 12 aguardando | Cache: 0 bloqueados | Monitor odds: 0 | Monitor saida: 0 | ✅ 0 aprovados | 🔍 553 analisados | 📡 651 chamadas API
23:32:00 [INFO]   Proxima: 20:35 — aguardando 60s
23:33:00 [INFO] Fila: 12 aguardando | Cache: 0 bloqueados | Monitor odds: 0 | Monitor saida: 0 | ✅ 0 aprovados | 🔍 553 analisados | 📡 651 chamadas API
23:33:00 [INFO]   Proxima: 20:35 — aguardando 60s
23:34:00 [INFO] Fila: 12 aguardando | Cache: 0 bloqueados | Monitor odds: 0 | Monitor saida: 0 | ✅ 0 aprovados | 🔍 553 analisados | 📡 651 chamadas API
23:34:00 [INFO]   Proxima: 20:35 — aguardando 59s
23:35:00 [INFO] Fila: 12 aguardando | Cache: 0 bloqueados | Monitor odds: 0 | Monitor saida: 0 | ✅ 0 aprovados | 🔍 553 analisados | 📡 651 chamadas API
23:35:00 [INFO]   🔍 Club Sportivo Ameliano v Nacional (Par) (20:30) | -5 min
23:35:00 [INFO]   ⛔ Sem mercados
23:35:00 [INFO]     Descartado: Club Sportivo Ameliano v Nacional (Par) — Janela encerrada (+10 min)
23:35:00 [INFO]   Agendador: 1 jogos removidos da fila
23:35:00 [INFO] Fila: 11 aguardando | Cache: 0 bloqueados | Monitor odds: 0 | Monitor saida: 0 | ✅ 0 aprovados | 🔍 554 analisados | 📡 652 chamadas API
23:35:00 [INFO]   🔍 Penarol v Juventud De Las Piedras (20:30) | -5 min
23:35:01 [INFO]   ⛔ Sem mercados
23:35:01 [INFO]     Descartado: Penarol v Juventud De Las Piedras — Janela encerrada (+10 min)
23:35:01 [INFO]   Agendador: 1 jogos removidos da fila
23:35:01 [INFO] Fila: 10 aguardando | Cache: 0 bloqueados | Monitor odds: 0 | Monitor saida: 0 | ✅ 0 aprovados | 🔍 555 analisados | 📡 653 chamadas API
23:35:01 [INFO]   Proxima: 20:55 — aguardando 60s
23:36:01 [INFO] Fila: 10 aguardando | Cache: 0 bloqueados | Monitor odds: 0 | Monitor saida: 0 | ✅ 0 aprovados | 🔍 555 analisados | 📡 653 chamadas API
23:36:01 [INFO]   Proxima: 20:55 — aguardando 60s
23:37:01 [INFO] Fila: 10 aguardando | Cache: 0 bloqueados | Monitor odds: 0 | Monitor saida: 0 | ✅ 0 aprovados | 🔍 555 analisados | 📡 653 chamadas API
23:37:01 [INFO]   Proxima: 20:55 — aguardando 60s
23:38:01 [INFO] Fila: 10 aguardando | Cache: 0 bloqueados | Monitor odds: 0 | Monitor saida: 0 | ✅ 0 aprovados | 🔍 555 analisados | 📡 653 chamadas API
23:38:01 [INFO]   Proxima: 20:55 — aguardando 60s
23:39:01 [INFO] Fila: 10 aguardando | Cache: 0 bloqueados | Monitor odds: 0 | Monitor saida: 0 | ✅ 0 aprovados | 🔍 555 analisados | 📡 653 chamadas API
23:39:01 [INFO]   Proxima: 20:55 — aguardando 60s
23:40:01 [INFO] Fila: 10 aguardando | Cache: 0 bloqueados | Monitor odds: 0 | Monitor saida: 0 | ✅ 0 aprovados | 🔍 555 analisados | 📡 653 chamadas API
23:40:01 [INFO]   Proxima: 20:55 — aguardando 60s
23:41:01 [INFO] Fila: 10 aguardando | Cache: 0 bloqueados | Monitor odds: 0 | Monitor saida: 0 | ✅ 0 aprovados | 🔍 555 analisados | 📡 653 chamadas API
23:41:01 [INFO]   Proxima: 20:55 — aguardando 60s
23:42:01 [INFO] Fila: 10 aguardando | Cache: 0 bloqueados | Monitor odds: 0 | Monitor saida: 0 | ✅ 0 aprovados | 🔍 555 analisados | 📡 653 chamadas API
23:42:01 [INFO]   Proxima: 20:55 — aguardando 60s
23:43:01 [INFO] Fila: 10 aguardando | Cache: 0 bloqueados | Monitor odds: 0 | Monitor saida: 0 | ✅ 0 aprovados | 🔍 555 analisados | 📡 653 chamadas API
23:43:01 [INFO]   Proxima: 20:55 — aguardando 60s
23:44:01 [INFO] Fila: 10 aguardando | Cache: 0 bloqueados | Monitor odds: 0 | Monitor saida: 0 | ✅ 0 aprovados | 🔍 555 analisados | 📡 653 chamadas API
23:44:01 [INFO]   Proxima: 20:55 — aguardando 60s
23:45:01 [INFO] Fila: 10 aguardando | Cache: 0 bloqueados | Monitor odds: 0 | Monitor saida: 0 | ✅ 0 aprovados | 🔍 555 analisados | 📡 653 chamadas API
23:45:01 [INFO]   Proxima: 20:55 — aguardando 60s
23:46:01 [INFO] Fila: 10 aguardando | Cache: 0 bloqueados | Monitor odds: 0 | Monitor saida: 0 | ✅ 0 aprovados | 🔍 555 analisados | 📡 653 chamadas API
23:46:01 [INFO]   Proxima: 20:55 — aguardando 60s
23:47:01 [INFO] Fila: 10 aguardando | Cache: 0 bloqueados | Monitor odds: 0 | Monitor saida: 0 | ✅ 0 aprovados | 🔍 555 analisados | 📡 653 chamadas API
23:47:01 [INFO]   Proxima: 20:55 — aguardando 60s
23:48:01 [INFO] Fila: 10 aguardando | Cache: 0 bloqueados | Monitor odds: 0 | Monitor saida: 0 | ✅ 0 aprovados | 🔍 555 analisados | 📡 653 chamadas API
23:48:01 [INFO]   Proxima: 20:55 — aguardando 60s
23:49:01 [INFO] Fila: 10 aguardando | Cache: 0 bloqueados | Monitor odds: 0 | Monitor saida: 0 | ✅ 0 aprovados | 🔍 555 analisados | 📡 653 chamadas API
23:49:01 [INFO]   Proxima: 20:55 — aguardando 60s
23:50:01 [INFO] Fila: 10 aguardando | Cache: 0 bloqueados | Monitor odds: 0 | Monitor saida: 0 | ✅ 0 aprovados | 🔍 555 analisados | 📡 653 chamadas API
23:50:01 [INFO]   Proxima: 20:55 — aguardando 60s
23:51:01 [INFO] Fila: 10 aguardando | Cache: 0 bloqueados | Monitor odds: 0 | Monitor saida: 0 | ✅ 0 aprovados | 🔍 555 analisados | 📡 653 chamadas API
23:51:01 [INFO]   Proxima: 20:55 — aguardando 60s
23:52:01 [INFO] Fila: 10 aguardando | Cache: 0 bloqueados | Monitor odds: 0 | Monitor saida: 0 | ✅ 0 aprovados | 🔍 555 analisados | 📡 653 chamadas API
23:52:01 [INFO]   Proxima: 20:55 — aguardando 60s
23:53:01 [INFO] Fila: 10 aguardando | Cache: 0 bloqueados | Monitor odds: 0 | Monitor saida: 0 | ✅ 0 aprovados | 🔍 555 analisados | 📡 653 chamadas API
23:53:01 [INFO]   Proxima: 20:55 — aguardando 60s
23:54:01 [INFO] Fila: 10 aguardando | Cache: 0 bloqueados | Monitor odds: 0 | Monitor saida: 0 | ✅ 0 aprovados | 🔍 555 analisados | 📡 653 chamadas API
23:54:01 [INFO]   Proxima: 20:55 — aguardando 58s
23:55:00 [INFO] Fila: 10 aguardando | Cache: 0 bloqueados | Monitor odds: 0 | Monitor saida: 0 | ✅ 0 aprovados | 🔍 555 analisados | 📡 653 chamadas API
23:55:00 [INFO]   🔍 CA Atlanta v Chacarita (21:00) | +4 min
23:55:00 [INFO]   ⛔ Sem mercados
23:55:00 [INFO]     -> Proxima: 21:00 (intervalo 5 min — 4 min p/ inicio)
23:55:00 [INFO]   🔍 Puerto Montt v Deportes Temuco (21:00) | +4 min
23:55:00 [INFO]   ⛔ Sem mercados
23:55:00 [INFO]     -> Proxima: 21:00 (intervalo 5 min — 4 min p/ inicio)
23:55:00 [INFO] Fila: 10 aguardando | Cache: 0 bloqueados | Monitor odds: 0 | Monitor saida: 0 | ✅ 0 aprovados | 🔍 557 analisados | 📡 655 chamadas API
23:55:00 [INFO]   Proxima: 21:00 — aguardando 60s
23:56:00 [INFO] Fila: 10 aguardando | Cache: 0 bloqueados | Monitor odds: 0 | Monitor saida: 0 | ✅ 0 aprovados | 🔍 557 analisados | 📡 655 chamadas API
23:56:00 [INFO]   Proxima: 21:00 — aguardando 60s
23:57:00 [INFO] Fila: 10 aguardando | Cache: 0 bloqueados | Monitor odds: 0 | Monitor saida: 0 | ✅ 0 aprovados | 🔍 557 analisados | 📡 655 chamadas API
23:57:00 [INFO]   Proxima: 21:00 — aguardando 60s
23:58:00 [INFO] Fila: 10 aguardando | Cache: 0 bloqueados | Monitor odds: 0 | Monitor saida: 0 | ✅ 0 aprovados | 🔍 557 analisados | 📡 655 chamadas API
23:58:00 [INFO]   Proxima: 21:00 — aguardando 60s
23:59:00 [INFO] Fila: 10 aguardando | Cache: 0 bloqueados | Monitor odds: 0 | Monitor saida: 0 | ✅ 0 aprovados | 🔍 557 analisados | 📡 655 chamadas API
23:59:00 [INFO]   Proxima: 21:00 — aguardando 59s
00:00:00 [INFO] Fila: 10 aguardando | Cache: 0 bloqueados | Monitor odds: 0 | Monitor saida: 0 | ✅ 0 aprovados | 🔍 557 analisados | 📡 655 chamadas API
00:00:00 [INFO]   🔍 CA Atlanta v Chacarita (21:00) | +0 min
00:00:00 [INFO]   ⛔ Sem mercados
00:00:00 [INFO]     -> Proxima: 21:05 (intervalo 5 min — 0 min p/ inicio)
00:00:00 [INFO] Fila: 10 aguardando | Cache: 0 bloqueados | Monitor odds: 0 | Monitor saida: 0 | ✅ 0 aprovados | 🔍 558 analisados | 📡 656 chamadas API
00:00:00 [INFO]   🔍 Puerto Montt v Deportes Temuco (21:00) | +0 min
00:00:00 [INFO]   ⛔ Sem mercados
00:00:00 [INFO]     -> Proxima: 21:05 (intervalo 5 min — 0 min p/ inicio)
00:00:00 [INFO] Fila: 10 aguardando | Cache: 0 bloqueados | Monitor odds: 0 | Monitor saida: 0 | ✅ 0 aprovados | 🔍 559 analisados | 📡 657 chamadas API
00:00:00 [INFO]   Proxima: 21:05 — aguardando 60s
00:01:00 [INFO] Fila: 10 aguardando | Cache: 0 bloqueados | Monitor odds: 0 | Monitor saida: 0 | ✅ 0 aprovados | 🔍 559 analisados | 📡 657 chamadas API
00:01:00 [INFO]   Proxima: 21:05 — aguardando 60s
00:02:00 [INFO] Fila: 10 aguardando | Cache: 0 bloqueados | Monitor odds: 0 | Monitor saida: 0 | ✅ 0 aprovados | 🔍 559 analisados | 📡 657 chamadas API
00:02:00 [INFO]   Proxima: 21:05 — aguardando 60s
00:03:00 [INFO] Fila: 10 aguardando | Cache: 0 bloqueados | Monitor odds: 0 | Monitor saida: 0 | ✅ 0 aprovados | 🔍 559 analisados | 📡 657 chamadas API
00:03:00 [INFO]   Proxima: 21:05 — aguardando 60s
00:04:00 [INFO] Fila: 10 aguardando | Cache: 0 bloqueados | Monitor odds: 0 | Monitor saida: 0 | ✅ 0 aprovados | 🔍 559 analisados | 📡 657 chamadas API
00:04:00 [INFO]   Proxima: 21:05 — aguardando 59s
00:05:00 [INFO] Fila: 10 aguardando | Cache: 0 bloqueados | Monitor odds: 0 | Monitor saida: 0 | ✅ 0 aprovados | 🔍 559 analisados | 📡 657 chamadas API
00:05:00 [INFO]   🔍 CA Atlanta v Chacarita (21:00) | -5 min
00:05:00 [INFO]   ⛔ Sem mercados
00:05:00 [INFO]     Descartado: CA Atlanta v Chacarita — Janela encerrada (+10 min)
00:05:00 [INFO]   Agendador: 1 jogos removidos da fila
00:05:00 [INFO] Fila: 9 aguardando | Cache: 0 bloqueados | Monitor odds: 0 | Monitor saida: 0 | ✅ 0 aprovados | 🔍 560 analisados | 📡 658 chamadas API
00:05:00 [INFO]   🔍 Puerto Montt v Deportes Temuco (21:00) | -5 min
00:05:01 [INFO]   ⛔ Sem mercados
00:05:01 [INFO]     Descartado: Puerto Montt v Deportes Temuco — Janela encerrada (+10 min)
00:05:01 [INFO]   Agendador: 1 jogos removidos da fila
00:05:01 [INFO] Fila: 8 aguardando | Cache: 0 bloqueados | Monitor odds: 0 | Monitor saida: 0 | ✅ 0 aprovados | 🔍 561 analisados | 📡 659 chamadas API
00:05:01 [INFO]   Proxima: 21:25 — aguardando 60s
00:06:01 [INFO] Fila: 8 aguardando | Cache: 0 bloqueados | Monitor odds: 0 | Monitor saida: 0 | ✅ 0 aprovados | 🔍 561 analisados | 📡 659 chamadas API
00:06:01 [INFO]   Proxima: 21:25 — aguardando 60s
00:07:01 [INFO] Fila: 8 aguardando | Cache: 0 bloqueados | Monitor odds: 0 | Monitor saida: 0 | ✅ 0 aprovados | 🔍 561 analisados | 📡 659 chamadas API
00:07:01 [INFO]   Proxima: 21:25 — aguardando 60s
00:08:01 [INFO] Fila: 8 aguardando | Cache: 0 bloqueados | Monitor odds: 0 | Monitor saida: 0 | ✅ 0 aprovados | 🔍 561 analisados | 📡 659 chamadas API
00:08:01 [INFO]   Proxima: 21:25 — aguardando 60s
00:09:01 [INFO] Fila: 8 aguardando | Cache: 0 bloqueados | Monitor odds: 0 | Monitor saida: 0 | ✅ 0 aprovados | 🔍 561 analisados | 📡 659 chamadas API
00:09:01 [INFO]   Proxima: 21:25 — aguardando 60s
00:10:01 [INFO] Fila: 8 aguardando | Cache: 0 bloqueados | Monitor odds: 0 | Monitor saida: 0 | ✅ 0 aprovados | 🔍 561 analisados | 📡 659 chamadas API
00:10:01 [INFO]   Proxima: 21:25 — aguardando 60s
00:11:01 [INFO] Fila: 8 aguardando | Cache: 0 bloqueados | Monitor odds: 0 | Monitor saida: 0 | ✅ 0 aprovados | 🔍 561 analisados | 📡 659 chamadas API
00:11:01 [INFO]   Proxima: 21:25 — aguardando 60s
00:12:01 [INFO] Fila: 8 aguardando | Cache: 0 bloqueados | Monitor odds: 0 | Monitor saida: 0 | ✅ 0 aprovados | 🔍 561 analisados | 📡 659 chamadas API
00:12:01 [INFO]   Proxima: 21:25 — aguardando 60s
00:13:01 [INFO] Fila: 8 aguardando | Cache: 0 bloqueados | Monitor odds: 0 | Monitor saida: 0 | ✅ 0 aprovados | 🔍 561 analisados | 📡 659 chamadas API
00:13:01 [INFO]   Proxima: 21:25 — aguardando 60s
00:14:01 [INFO] Fila: 8 aguardando | Cache: 0 bloqueados | Monitor odds: 0 | Monitor saida: 0 | ✅ 0 aprovados | 🔍 561 analisados | 📡 659 chamadas API
00:14:01 [INFO]   Proxima: 21:25 — aguardando 60s
00:15:01 [INFO] Fila: 8 aguardando | Cache: 0 bloqueados | Monitor odds: 0 | Monitor saida: 0 | ✅ 0 aprovados | 🔍 561 analisados | 📡 659 chamadas API
00:15:01 [INFO]   Proxima: 21:25 — aguardando 60s
00:16:01 [INFO] Fila: 8 aguardando | Cache: 0 bloqueados | Monitor odds: 0 | Monitor saida: 0 | ✅ 0 aprovados | 🔍 561 analisados | 📡 659 chamadas API
00:16:01 [INFO]   Proxima: 21:25 — aguardando 60s
00:17:01 [INFO] Fila: 8 aguardando | Cache: 0 bloqueados | Monitor odds: 0 | Monitor saida: 0 | ✅ 0 aprovados | 🔍 561 analisados | 📡 659 chamadas API
00:17:01 [INFO]   Proxima: 21:25 — aguardando 60s
00:18:01 [INFO] Fila: 8 aguardando | Cache: 0 bloqueados | Monitor odds: 0 | Monitor saida: 0 | ✅ 0 aprovados | 🔍 561 analisados | 📡 659 chamadas API
00:18:01 [INFO]   Proxima: 21:25 — aguardando 60s
00:19:01 [INFO] Fila: 8 aguardando | Cache: 0 bloqueados | Monitor odds: 0 | Monitor saida: 0 | ✅ 0 aprovados | 🔍 561 analisados | 📡 659 chamadas API
00:19:01 [INFO]   Proxima: 21:25 — aguardando 60s
00:20:01 [INFO] Fila: 8 aguardando | Cache: 0 bloqueados | Monitor odds: 0 | Monitor saida: 0 | ✅ 0 aprovados | 🔍 561 analisados | 📡 659 chamadas API
00:20:01 [INFO]   Proxima: 21:25 — aguardando 60s
00:21:01 [INFO] Fila: 8 aguardando | Cache: 0 bloqueados | Monitor odds: 0 | Monitor saida: 0 | ✅ 0 aprovados | 🔍 561 analisados | 📡 659 chamadas API
00:21:01 [INFO]   Proxima: 21:25 — aguardando 60s
00:22:01 [INFO] Fila: 8 aguardando | Cache: 0 bloqueados | Monitor odds: 0 | Monitor saida: 0 | ✅ 0 aprovados | 🔍 561 analisados | 📡 659 chamadas API
00:22:01 [INFO]   Proxima: 21:25 — aguardando 60s
00:23:01 [INFO] Fila: 8 aguardando | Cache: 0 bloqueados | Monitor odds: 0 | Monitor saida: 0 | ✅ 0 aprovados | 🔍 561 analisados | 📡 659 chamadas API
00:23:01 [INFO] Buscando lista de jogos do dia...
00:23:01 [WARNING] Nenhum jogo retornado pela API Betfair!
00:23:02 [INFO]   Proxima: 21:25 — aguardando 60s
00:24:02 [INFO] Fila: 8 aguardando | Cache: 0 bloqueados | Monitor odds: 0 | Monitor saida: 0 | ✅ 0 aprovados | 🔍 561 analisados | 📡 660 chamadas API
00:24:02 [INFO]   Proxima: 21:25 — aguardando 57s
00:25:00 [INFO] Fila: 8 aguardando | Cache: 0 bloqueados | Monitor odds: 0 | Monitor saida: 0 | ✅ 0 aprovados | 🔍 561 analisados | 📡 660 chamadas API
00:25:00 [INFO]   🔍 Univ Catolica (Chile) v Union La Calera (21:30) | +4 min
00:25:00 [INFO]   ⛔ Sem mercados
00:25:00 [INFO]     -> Proxima: 21:30 (intervalo 5 min — 4 min p/ inicio)
00:25:00 [INFO] Fila: 8 aguardando | Cache: 0 bloqueados | Monitor odds: 0 | Monitor saida: 0 | ✅ 0 aprovados | 🔍 562 analisados | 📡 661 chamadas API
00:25:00 [INFO]   Proxima: 21:30 — aguardando 60s
00:26:00 [INFO] Fila: 8 aguardando | Cache: 0 bloqueados | Monitor odds: 0 | Monitor saida: 0 | ✅ 0 aprovados | 🔍 562 analisados | 📡 661 chamadas API
00:26:00 [INFO]   Proxima: 21:30 — aguardando 60s
00:27:00 [INFO] Fila: 8 aguardando | Cache: 0 bloqueados | Monitor odds: 0 | Monitor saida: 0 | ✅ 0 aprovados | 🔍 562 analisados | 📡 661 chamadas API
00:27:00 [INFO]   Proxima: 21:30 — aguardando 60s
00:28:00 [INFO] Fila: 8 aguardando | Cache: 0 bloqueados | Monitor odds: 0 | Monitor saida: 0 | ✅ 0 aprovados | 🔍 562 analisados | 📡 661 chamadas API
00:28:00 [INFO]   Proxima: 21:30 — aguardando 60s
00:29:00 [INFO] Fila: 8 aguardando | Cache: 0 bloqueados | Monitor odds: 0 | Monitor saida: 0 | ✅ 0 aprovados | 🔍 562 analisados | 📡 661 chamadas API
00:29:00 [INFO]   Proxima: 21:30 — aguardando 59s
00:30:00 [INFO] Fila: 8 aguardando | Cache: 0 bloqueados | Monitor odds: 0 | Monitor saida: 0 | ✅ 0 aprovados | 🔍 562 analisados | 📡 661 chamadas API
00:30:00 [INFO]   🔍 Univ Catolica (Chile) v Union La Calera (21:30) | +0 min
00:30:00 [INFO]   ⛔ Sem mercados
00:30:00 [INFO]     -> Proxima: 21:35 (intervalo 5 min — 0 min p/ inicio)
00:30:00 [INFO] Fila: 8 aguardando | Cache: 0 bloqueados | Monitor odds: 0 | Monitor saida: 0 | ✅ 0 aprovados | 🔍 563 analisados | 📡 662 chamadas API
00:30:00 [INFO]   Proxima: 21:35 — aguardando 60s
00:31:00 [INFO] Fila: 8 aguardando | Cache: 0 bloqueados | Monitor odds: 0 | Monitor saida: 0 | ✅ 0 aprovados | 🔍 563 analisados | 📡 662 chamadas API
00:31:00 [INFO]   Proxima: 21:35 — aguardando 60s
00:32:00 [INFO] Fila: 8 aguardando | Cache: 0 bloqueados | Monitor odds: 0 | Monitor saida: 0 | ✅ 0 aprovados | 🔍 563 analisados | 📡 662 chamadas API
00:32:00 [INFO]   Proxima: 21:35 — aguardando 60s
00:33:00 [INFO] Fila: 8 aguardando | Cache: 0 bloqueados | Monitor odds: 0 | Monitor saida: 0 | ✅ 0 aprovados | 🔍 563 analisados | 📡 662 chamadas API
00:33:00 [INFO]   Proxima: 21:35 — aguardando 60s
00:34:00 [INFO] Fila: 8 aguardando | Cache: 0 bloqueados | Monitor odds: 0 | Monitor saida: 0 | ✅ 0 aprovados | 🔍 563 analisados | 📡 662 chamadas API
00:34:00 [INFO]   Proxima: 21:35 — aguardando 59s
00:35:00 [INFO] Fila: 8 aguardando | Cache: 0 bloqueados | Monitor odds: 0 | Monitor saida: 0 | ✅ 0 aprovados | 🔍 563 analisados | 📡 662 chamadas API
00:35:00 [INFO]   🔍 Univ Catolica (Chile) v Union La Calera (21:30) | -5 min
00:35:00 [INFO]   ⛔ Sem mercados
00:35:00 [INFO]     Descartado: Univ Catolica (Chile) v Union La Calera — Janela encerrada (+10 min)
00:35:00 [INFO]   Agendador: 1 jogos removidos da fila
00:35:00 [INFO] Fila: 7 aguardando | Cache: 0 bloqueados | Monitor odds: 0 | Monitor saida: 0 | ✅ 0 aprovados | 🔍 564 analisados | 📡 663 chamadas API
00:35:00 [INFO]   Proxima: 21:40 — aguardando 60s
00:36:00 [INFO] Fila: 7 aguardando | Cache: 0 bloqueados | Monitor odds: 0 | Monitor saida: 0 | ✅ 0 aprovados | 🔍 564 analisados | 📡 663 chamadas API
00:36:00 [INFO]   Proxima: 21:40 — aguardando 60s
00:37:00 [INFO] Fila: 7 aguardando | Cache: 0 bloqueados | Monitor odds: 0 | Monitor saida: 0 | ✅ 0 aprovados | 🔍 564 analisados | 📡 663 chamadas API
00:37:00 [INFO]   Proxima: 21:40 — aguardando 60s
00:38:00 [INFO] Fila: 7 aguardando | Cache: 0 bloqueados | Monitor odds: 0 | Monitor saida: 0 | ✅ 0 aprovados | 🔍 564 analisados | 📡 663 chamadas API
00:38:00 [INFO]   Proxima: 21:40 — aguardando 60s
00:39:00 [INFO] Fila: 7 aguardando | Cache: 0 bloqueados | Monitor odds: 0 | Monitor saida: 0 | ✅ 0 aprovados | 🔍 564 analisados | 📡 663 chamadas API
00:39:00 [INFO]   Proxima: 21:40 — aguardando 59s
00:40:00 [INFO] Fila: 7 aguardando | Cache: 0 bloqueados | Monitor odds: 0 | Monitor saida: 0 | ✅ 0 aprovados | 🔍 564 analisados | 📡 663 chamadas API
00:40:00 [INFO]   🔍 Tigre v CA Huracan (21:45) | +4 min
00:40:00 [INFO]   ⛔ Sem mercados
00:40:00 [INFO]     -> Proxima: 21:45 (intervalo 5 min — 4 min p/ inicio)
00:40:00 [INFO]   🔍 Gimnasia Mendoza v Lanus (21:45) | +4 min
00:40:00 [INFO]   ⛔ Sem mercados
00:40:00 [INFO]     -> Proxima: 21:45 (intervalo 5 min — 4 min p/ inicio)
00:40:00 [INFO] Fila: 7 aguardando | Cache: 0 bloqueados | Monitor odds: 0 | Monitor saida: 0 | ✅ 0 aprovados | 🔍 566 analisados | 📡 665 chamadas API
00:40:00 [INFO]   Proxima: 21:45 — aguardando 60s
00:41:00 [INFO] Fila: 7 aguardando | Cache: 0 bloqueados | Monitor odds: 0 | Monitor saida: 0 | ✅ 0 aprovados | 🔍 566 analisados | 📡 665 chamadas API
00:41:00 [INFO]   Proxima: 21:45 — aguardando 60s
00:42:00 [INFO] Fila: 7 aguardando | Cache: 0 bloqueados | Monitor odds: 0 | Monitor saida: 0 | ✅ 0 aprovados | 🔍 566 analisados | 📡 665 chamadas API
00:42:00 [INFO]   Proxima: 21:45 — aguardando 60s
00:43:00 [INFO] Fila: 7 aguardando | Cache: 0 bloqueados | Monitor odds: 0 | Monitor saida: 0 | ✅ 0 aprovados | 🔍 566 analisados | 📡 665 chamadas API
00:43:00 [INFO]   Proxima: 21:45 — aguardando 60s
00:44:00 [INFO] Fila: 7 aguardando | Cache: 0 bloqueados | Monitor odds: 0 | Monitor saida: 0 | ✅ 0 aprovados | 🔍 566 analisados | 📡 665 chamadas API
00:44:00 [INFO]   Proxima: 21:45 — aguardando 59s
00:45:00 [INFO] Fila: 7 aguardando | Cache: 0 bloqueados | Monitor odds: 0 | Monitor saida: 0 | ✅ 0 aprovados | 🔍 566 analisados | 📡 665 chamadas API
00:45:00 [INFO]   🔍 Tigre v CA Huracan (21:45) | +0 min
00:45:00 [INFO]   ⛔ Sem mercados
00:45:00 [INFO]     -> Proxima: 21:50 (intervalo 5 min — 0 min p/ inicio)
00:45:00 [INFO] Fila: 7 aguardando | Cache: 0 bloqueados | Monitor odds: 0 | Monitor saida: 0 | ✅ 0 aprovados | 🔍 567 analisados | 📡 666 chamadas API
00:45:00 [INFO]   Proxima: 21:45 — aguardando 10s
00:45:10 [INFO] Fila: 7 aguardando | Cache: 0 bloqueados | Monitor odds: 0 | Monitor saida: 0 | ✅ 0 aprovados | 🔍 567 analisados | 📡 666 chamadas API
00:45:10 [INFO]   🔍 Gimnasia Mendoza v Lanus (21:45) | +0 min
00:45:10 [INFO]   ⛔ Sem mercados
00:45:10 [INFO]     -> Proxima: 21:50 (intervalo 5 min — 0 min p/ inicio)
00:45:10 [INFO] Fila: 7 aguardando | Cache: 0 bloqueados | Monitor odds: 0 | Monitor saida: 0 | ✅ 0 aprovados | 🔍 568 analisados | 📡 667 chamadas API
00:45:10 [INFO]   Proxima: 21:50 — aguardando 60s
00:46:10 [INFO] Fila: 7 aguardando | Cache: 0 bloqueados | Monitor odds: 0 | Monitor saida: 0 | ✅ 0 aprovados | 🔍 568 analisados | 📡 667 chamadas API
00:46:10 [INFO]   Proxima: 21:50 — aguardando 60s
00:47:10 [INFO] Fila: 7 aguardando | Cache: 0 bloqueados | Monitor odds: 0 | Monitor saida: 0 | ✅ 0 aprovados | 🔍 568 analisados | 📡 667 chamadas API
00:47:10 [INFO]   Proxima: 21:50 — aguardando 60s
00:48:10 [INFO] Fila: 7 aguardando | Cache: 0 bloqueados | Monitor odds: 0 | Monitor saida: 0 | ✅ 0 aprovados | 🔍 568 analisados | 📡 667 chamadas API
00:48:10 [INFO]   Proxima: 21:50 — aguardando 60s
00:49:10 [INFO] Fila: 7 aguardando | Cache: 0 bloqueados | Monitor odds: 0 | Monitor saida: 0 | ✅ 0 aprovados | 🔍 568 analisados | 📡 667 chamadas API
00:49:10 [INFO]   Proxima: 21:50 — aguardando 49s
00:50:00 [INFO] Fila: 7 aguardando | Cache: 0 bloqueados | Monitor odds: 0 | Monitor saida: 0 | ✅ 0 aprovados | 🔍 568 analisados | 📡 667 chamadas API
00:50:00 [INFO]   🔍 Tigre v CA Huracan (21:45) | -5 min
00:50:00 [INFO]   ⛔ Sem mercados
00:50:00 [INFO]     Descartado: Tigre v CA Huracan — Janela encerrada (+10 min)
00:50:00 [INFO]   Agendador: 1 jogos removidos da fila
00:50:00 [INFO] Fila: 6 aguardando | Cache: 0 bloqueados | Monitor odds: 0 | Monitor saida: 0 | ✅ 0 aprovados | 🔍 569 analisados | 📡 668 chamadas API
00:50:00 [INFO]   Proxima: 21:50 — aguardando 10s
00:50:10 [INFO] Fila: 6 aguardando | Cache: 0 bloqueados | Monitor odds: 0 | Monitor saida: 0 | ✅ 0 aprovados | 🔍 569 analisados | 📡 668 chamadas API
00:50:10 [INFO]   🔍 Gimnasia Mendoza v Lanus (21:45) | -5 min
00:50:11 [INFO]   ⛔ Sem mercados
00:50:11 [INFO]     Descartado: Gimnasia Mendoza v Lanus — Janela encerrada (+10 min)
00:50:11 [INFO]   Agendador: 1 jogos removidos da fila
00:50:11 [INFO] Fila: 5 aguardando | Cache: 0 bloqueados | Monitor odds: 0 | Monitor saida: 0 | ✅ 0 aprovados | 🔍 570 analisados | 📡 669 chamadas API
00:50:11 [INFO]   Proxima: 21:55 — aguardando 60s
00:51:11 [INFO] Fila: 5 aguardando | Cache: 0 bloqueados | Monitor odds: 0 | Monitor saida: 0 | ✅ 0 aprovados | 🔍 570 analisados | 📡 669 chamadas API
00:51:11 [INFO]   Proxima: 21:55 — aguardando 60s
00:52:11 [INFO] Fila: 5 aguardando | Cache: 0 bloqueados | Monitor odds: 0 | Monitor saida: 0 | ✅ 0 aprovados | 🔍 570 analisados | 📡 669 chamadas API
00:52:11 [INFO]   Proxima: 21:55 — aguardando 60s
00:53:11 [INFO] Fila: 5 aguardando | Cache: 0 bloqueados | Monitor odds: 0 | Monitor saida: 0 | ✅ 0 aprovados | 🔍 570 analisados | 📡 669 chamadas API
00:53:11 [INFO]   Proxima: 21:55 — aguardando 60s
00:54:11 [INFO] Fila: 5 aguardando | Cache: 0 bloqueados | Monitor odds: 0 | Monitor saida: 0 | ✅ 0 aprovados | 🔍 570 analisados | 📡 669 chamadas API
00:54:11 [INFO]   Proxima: 21:55 — aguardando 48s
00:55:00 [INFO] Fila: 5 aguardando | Cache: 0 bloqueados | Monitor odds: 0 | Monitor saida: 0 | ✅ 0 aprovados | 🔍 570 analisados | 📡 669 chamadas API
00:55:00 [INFO]   🔍 Consultants Desamparados v ADR Jicaral (22:00) | +4 min
00:55:00 [INFO]   ⛔ Sem mercados
00:55:00 [INFO]     -> Proxima: 22:00 (intervalo 5 min — 4 min p/ inicio)
00:55:00 [INFO]   🔍 Comunicaciones v Guastatoya (22:00) | +4 min
00:55:00 [INFO]   ⛔ Sem mercados
00:55:00 [INFO]     -> Proxima: 22:00 (intervalo 5 min — 4 min p/ inicio)
00:55:00 [INFO] Fila: 5 aguardando | Cache: 0 bloqueados | Monitor odds: 0 | Monitor saida: 0 | ✅ 0 aprovados | 🔍 572 analisados | 📡 671 chamadas API
00:55:00 [INFO]   Proxima: 22:00 — aguardando 60s
00:56:00 [INFO] Fila: 5 aguardando | Cache: 0 bloqueados | Monitor odds: 0 | Monitor saida: 0 | ✅ 0 aprovados | 🔍 572 analisados | 📡 671 chamadas API
00:56:00 [INFO]   Proxima: 22:00 — aguardando 60s
00:57:00 [INFO] Fila: 5 aguardando | Cache: 0 bloqueados | Monitor odds: 0 | Monitor saida: 0 | ✅ 0 aprovados | 🔍 572 analisados | 📡 671 chamadas API
00:57:00 [INFO]   Proxima: 22:00 — aguardando 60s
00:58:00 [INFO] Fila: 5 aguardando | Cache: 0 bloqueados | Monitor odds: 0 | Monitor saida: 0 | ✅ 0 aprovados | 🔍 572 analisados | 📡 671 chamadas API
00:58:00 [INFO]   Proxima: 22:00 — aguardando 60s
00:59:00 [INFO] Fila: 5 aguardando | Cache: 0 bloqueados | Monitor odds: 0 | Monitor saida: 0 | ✅ 0 aprovados | 🔍 572 analisados | 📡 671 chamadas API
00:59:00 [INFO]   Proxima: 22:00 — aguardando 59s
01:00:00 [INFO] Fila: 5 aguardando | Cache: 0 bloqueados | Monitor odds: 0 | Monitor saida: 0 | ✅ 0 aprovados | 🔍 572 analisados | 📡 671 chamadas API
01:00:00 [INFO]   🔍 Consultants Desamparados v ADR Jicaral (22:00) | +0 min
01:00:00 [INFO]   ⛔ Sem mercados
01:00:00 [INFO]     -> Proxima: 22:05 (intervalo 5 min — 0 min p/ inicio)
01:00:00 [INFO] Fila: 5 aguardando | Cache: 0 bloqueados | Monitor odds: 0 | Monitor saida: 0 | ✅ 0 aprovados | 🔍 573 analisados | 📡 672 chamadas API
01:00:00 [INFO]   🔍 Comunicaciones v Guastatoya (22:00) | +0 min
01:00:00 [INFO]   ⛔ Sem mercados
01:00:00 [INFO]     -> Proxima: 22:05 (intervalo 5 min — 0 min p/ inicio)
01:00:00 [INFO] Fila: 5 aguardando | Cache: 0 bloqueados | Monitor odds: 0 | Monitor saida: 0 | ✅ 0 aprovados | 🔍 574 analisados | 📡 673 chamadas API
01:00:00 [INFO]   Proxima: 22:01 — aguardando 59s
01:01:00 [INFO] Fila: 5 aguardando | Cache: 0 bloqueados | Monitor odds: 0 | Monitor saida: 0 | ✅ 0 aprovados | 🔍 574 analisados | 📡 673 chamadas API
01:01:00 [INFO]   🔍 FC Juarez (W) v Guadalajara (W) (22:06) | +4 min
01:01:00 [INFO]   ⛔ Sem mercados
01:01:00 [INFO]     -> Proxima: 22:06 (intervalo 5 min — 4 min p/ inicio)
01:01:00 [INFO] Fila: 5 aguardando | Cache: 0 bloqueados | Monitor odds: 0 | Monitor saida: 0 | ✅ 0 aprovados | 🔍 575 analisados | 📡 674 chamadas API
01:01:00 [INFO]   Proxima: 22:05 — aguardando 60s
01:02:00 [INFO] Fila: 5 aguardando | Cache: 0 bloqueados | Monitor odds: 0 | Monitor saida: 0 | ✅ 0 aprovados | 🔍 575 analisados | 📡 674 chamadas API
01:02:00 [INFO]   Proxima: 22:05 — aguardando 60s
01:03:00 [INFO] Fila: 5 aguardando | Cache: 0 bloqueados | Monitor odds: 0 | Monitor saida: 0 | ✅ 0 aprovados | 🔍 575 analisados | 📡 674 chamadas API
01:03:00 [INFO]   Proxima: 22:05 — aguardando 60s
01:04:00 [INFO] Fila: 5 aguardando | Cache: 0 bloqueados | Monitor odds: 0 | Monitor saida: 0 | ✅ 0 aprovados | 🔍 575 analisados | 📡 674 chamadas API
01:04:00 [INFO]   Proxima: 22:05 — aguardando 60s
01:05:00 [INFO] Fila: 5 aguardando | Cache: 0 bloqueados | Monitor odds: 0 | Monitor saida: 0 | ✅ 0 aprovados | 🔍 575 analisados | 📡 674 chamadas API
01:05:00 [INFO]   Proxima: 22:05 — aguardando 10s
01:05:10 [INFO] Fila: 5 aguardando | Cache: 0 bloqueados | Monitor odds: 0 | Monitor saida: 0 | ✅ 0 aprovados | 🔍 575 analisados | 📡 674 chamadas API
01:05:10 [INFO]   🔍 Consultants Desamparados v ADR Jicaral (22:00) | -5 min
01:05:10 [INFO]   ⛔ Sem mercados
01:05:10 [INFO]     Descartado: Consultants Desamparados v ADR Jicaral — Janela encerrada (+10 min)
01:05:10 [INFO]   🔍 Comunicaciones v Guastatoya (22:00) | -5 min
01:05:10 [INFO]   ⛔ Sem mercados
01:05:10 [INFO]     Descartado: Comunicaciones v Guastatoya — Janela encerrada (+10 min)
01:05:10 [INFO]   Agendador: 2 jogos removidos da fila
01:05:10 [INFO] Fila: 3 aguardando | Cache: 0 bloqueados | Monitor odds: 0 | Monitor saida: 0 | ✅ 0 aprovados | 🔍 577 analisados | 📡 676 chamadas API
01:05:10 [INFO]   Proxima: 22:06 — aguardando 49s
01:06:00 [INFO] Fila: 3 aguardando | Cache: 0 bloqueados | Monitor odds: 0 | Monitor saida: 0 | ✅ 0 aprovados | 🔍 577 analisados | 📡 676 chamadas API
01:06:00 [INFO]   🔍 FC Juarez (W) v Guadalajara (W) (22:06) | +0 min
01:06:00 [INFO]   ⛔ Sem mercados
01:06:00 [INFO]     -> Proxima: 22:11 (intervalo 5 min — 0 min p/ inicio)
01:06:00 [INFO] Fila: 3 aguardando | Cache: 0 bloqueados | Monitor odds: 0 | Monitor saida: 0 | ✅ 0 aprovados | 🔍 578 analisados | 📡 677 chamadas API
01:06:00 [INFO]   Proxima: 22:11 — aguardando 60s
01:07:00 [INFO] Fila: 3 aguardando | Cache: 0 bloqueados | Monitor odds: 0 | Monitor saida: 0 | ✅ 0 aprovados | 🔍 578 analisados | 📡 677 chamadas API
01:07:00 [INFO]   Proxima: 22:11 — aguardando 60s
01:08:00 [INFO] Fila: 3 aguardando | Cache: 0 bloqueados | Monitor odds: 0 | Monitor saida: 0 | ✅ 0 aprovados | 🔍 578 analisados | 📡 677 chamadas API
01:08:00 [INFO]   Proxima: 22:11 — aguardando 60s
01:09:00 [INFO] Fila: 3 aguardando | Cache: 0 bloqueados | Monitor odds: 0 | Monitor saida: 0 | ✅ 0 aprovados | 🔍 578 analisados | 📡 677 chamadas API
01:09:00 [INFO]   Proxima: 22:11 — aguardando 60s
01:10:00 [INFO] Fila: 3 aguardando | Cache: 0 bloqueados | Monitor odds: 0 | Monitor saida: 0 | ✅ 0 aprovados | 🔍 578 analisados | 📡 677 chamadas API
01:10:00 [INFO]   Proxima: 22:11 — aguardando 59s
01:11:00 [INFO] Fila: 3 aguardando | Cache: 0 bloqueados | Monitor odds: 0 | Monitor saida: 0 | ✅ 0 aprovados | 🔍 578 analisados | 📡 677 chamadas API
01:11:00 [INFO]   🔍 FC Juarez (W) v Guadalajara (W) (22:06) | -5 min
01:11:00 [INFO]   ⛔ Sem mercados
01:11:00 [INFO]     Descartado: FC Juarez (W) v Guadalajara (W) — Janela encerrada (+10 min)
01:11:00 [INFO]   Agendador: 1 jogos removidos da fila
01:11:00 [INFO] Fila: 2 aguardando | Cache: 0 bloqueados | Monitor odds: 0 | Monitor saida: 0 | ✅ 0 aprovados | 🔍 579 analisados | 📡 678 chamadas API
01:11:00 [INFO]   Proxima: 22:25 — aguardando 60s
01:12:00 [INFO] Fila: 2 aguardando | Cache: 0 bloqueados | Monitor odds: 0 | Monitor saida: 0 | ✅ 0 aprovados | 🔍 579 analisados | 📡 678 chamadas API
01:12:00 [INFO]   Proxima: 22:25 — aguardando 60s
01:13:00 [INFO] Fila: 2 aguardando | Cache: 0 bloqueados | Monitor odds: 0 | Monitor saida: 0 | ✅ 0 aprovados | 🔍 579 analisados | 📡 678 chamadas API
01:13:00 [INFO]   Proxima: 22:25 — aguardando 60s
01:14:00 [INFO] Fila: 2 aguardando | Cache: 0 bloqueados | Monitor odds: 0 | Monitor saida: 0 | ✅ 0 aprovados | 🔍 579 analisados | 📡 678 chamadas API
01:14:00 [INFO]   Proxima: 22:25 — aguardando 60s
01:15:00 [INFO] Fila: 2 aguardando | Cache: 0 bloqueados | Monitor odds: 0 | Monitor saida: 0 | ✅ 0 aprovados | 🔍 579 analisados | 📡 678 chamadas API
01:15:00 [INFO]   Proxima: 22:25 — aguardando 60s
01:16:00 [INFO] Fila: 2 aguardando | Cache: 0 bloqueados | Monitor odds: 0 | Monitor saida: 0 | ✅ 0 aprovados | 🔍 579 analisados | 📡 678 chamadas API
01:16:00 [INFO]   Proxima: 22:25 — aguardando 60s
01:17:00 [INFO] Fila: 2 aguardando | Cache: 0 bloqueados | Monitor odds: 0 | Monitor saida: 0 | ✅ 0 aprovados | 🔍 579 analisados | 📡 678 chamadas API
01:17:00 [INFO]   Proxima: 22:25 — aguardando 60s
01:18:00 [INFO] Fila: 2 aguardando | Cache: 0 bloqueados | Monitor odds: 0 | Monitor saida: 0 | ✅ 0 aprovados | 🔍 579 analisados | 📡 678 chamadas API
01:18:00 [INFO]   Proxima: 22:25 — aguardando 60s
01:19:00 [INFO] Fila: 2 aguardando | Cache: 0 bloqueados | Monitor odds: 0 | Monitor saida: 0 | ✅ 0 aprovados | 🔍 579 analisados | 📡 678 chamadas API
01:19:00 [INFO]   Proxima: 22:25 — aguardando 60s
01:20:00 [INFO] Fila: 2 aguardando | Cache: 0 bloqueados | Monitor odds: 0 | Monitor saida: 0 | ✅ 0 aprovados | 🔍 579 analisados | 📡 678 chamadas API
01:20:00 [INFO]   Proxima: 22:25 — aguardando 60s
01:21:00 [INFO] Fila: 2 aguardando | Cache: 0 bloqueados | Monitor odds: 0 | Monitor saida: 0 | ✅ 0 aprovados | 🔍 579 analisados | 📡 678 chamadas API
01:21:00 [INFO]   Proxima: 22:25 — aguardando 60s
01:22:00 [INFO] Fila: 2 aguardando | Cache: 0 bloqueados | Monitor odds: 0 | Monitor saida: 0 | ✅ 0 aprovados | 🔍 579 analisados | 📡 678 chamadas API
01:22:00 [INFO]   Proxima: 22:25 — aguardando 60s
01:23:00 [INFO] Fila: 2 aguardando | Cache: 0 bloqueados | Monitor odds: 0 | Monitor saida: 0 | ✅ 0 aprovados | 🔍 579 analisados | 📡 678 chamadas API
01:23:00 [INFO]   Proxima: 22:25 — aguardando 60s
01:24:00 [INFO] Fila: 2 aguardando | Cache: 0 bloqueados | Monitor odds: 0 | Monitor saida: 0 | ✅ 0 aprovados | 🔍 579 analisados | 📡 678 chamadas API
01:24:00 [INFO] Buscando lista de jogos do dia...
01:24:01 [WARNING] Nenhum jogo retornado pela API Betfair!
01:24:01 [INFO]   Proxima: 22:25 — aguardando 58s
01:25:00 [INFO] Fila: 2 aguardando | Cache: 0 bloqueados | Monitor odds: 0 | Monitor saida: 0 | ✅ 0 aprovados | 🔍 579 analisados | 📡 679 chamadas API
01:25:00 [INFO]   🔍 Atletico Independiente v Herrera FC (22:30) | +4 min
01:25:00 [INFO]   ⛔ Sem mercados
01:25:00 [INFO]     -> Proxima: 22:30 (intervalo 5 min — 4 min p/ inicio)
01:25:00 [INFO]   🔍 Atletico Nacional Medellin v Atletico Bucaramanga (22:30) | +4 min
01:25:00 [INFO]   ⛔ Sem mercados
01:25:00 [INFO]     -> Proxima: 22:30 (intervalo 5 min — 4 min p/ inicio)
01:25:00 [INFO] Fila: 2 aguardando | Cache: 0 bloqueados | Monitor odds: 0 | Monitor saida: 0 | ✅ 0 aprovados | 🔍 581 analisados | 📡 681 chamadas API
01:25:00 [INFO]   Proxima: 22:30 — aguardando 60s
01:26:00 [INFO] Fila: 2 aguardando | Cache: 0 bloqueados | Monitor odds: 0 | Monitor saida: 0 | ✅ 0 aprovados | 🔍 581 analisados | 📡 681 chamadas API
01:26:00 [INFO]   Proxima: 22:30 — aguardando 60s
01:27:00 [INFO] Fila: 2 aguardando | Cache: 0 bloqueados | Monitor odds: 0 | Monitor saida: 0 | ✅ 0 aprovados | 🔍 581 analisados | 📡 681 chamadas API
01:27:00 [INFO]   Proxima: 22:30 — aguardando 60s
01:28:00 [INFO] Fila: 2 aguardando | Cache: 0 bloqueados | Monitor odds: 0 | Monitor saida: 0 | ✅ 0 aprovados | 🔍 581 analisados | 📡 681 chamadas API
01:28:00 [INFO]   Proxima: 22:30 — aguardando 60s
01:29:00 [INFO] Fila: 2 aguardando | Cache: 0 bloqueados | Monitor odds: 0 | Monitor saida: 0 | ✅ 0 aprovados | 🔍 581 analisados | 📡 681 chamadas API
01:29:00 [INFO]   Proxima: 22:30 — aguardando 59s
01:30:00 [INFO] Fila: 2 aguardando | Cache: 0 bloqueados | Monitor odds: 0 | Monitor saida: 0 | ✅ 0 aprovados | 🔍 581 analisados | 📡 681 chamadas API
01:30:00 [INFO]   🔍 Atletico Independiente v Herrera FC (22:30) | +0 min
01:30:00 [INFO]   ⛔ Sem mercados
01:30:00 [INFO]     -> Proxima: 22:35 (intervalo 5 min — 0 min p/ inicio)
01:30:00 [INFO] Fila: 2 aguardando | Cache: 0 bloqueados | Monitor odds: 0 | Monitor saida: 0 | ✅ 0 aprovados | 🔍 582 analisados | 📡 682 chamadas API
01:30:00 [INFO]   🔍 Atletico Nacional Medellin v Atletico Bucaramanga (22:30) | +0 min
01:30:00 [INFO]   ⛔ Sem mercados
01:30:00 [INFO]     -> Proxima: 22:35 (intervalo 5 min — 0 min p/ inicio)
01:30:00 [INFO] Fila: 2 aguardando | Cache: 0 bloqueados | Monitor odds: 0 | Monitor saida: 0 | ✅ 0 aprovados | 🔍 583 analisados | 📡 683 chamadas API
01:30:00 [INFO]   Proxima: 22:35 — aguardando 60s
01:31:00 [INFO] Fila: 2 aguardando | Cache: 0 bloqueados | Monitor odds: 0 | Monitor saida: 0 | ✅ 0 aprovados | 🔍 583 analisados | 📡 683 chamadas API
01:31:00 [INFO]   Proxima: 22:35 — aguardando 60s
01:32:00 [INFO] Fila: 2 aguardando | Cache: 0 bloqueados | Monitor odds: 0 | Monitor saida: 0 | ✅ 0 aprovados | 🔍 583 analisados | 📡 683 chamadas API
01:32:00 [INFO]   Proxima: 22:35 — aguardando 60s
01:33:00 [INFO] Fila: 2 aguardando | Cache: 0 bloqueados | Monitor odds: 0 | Monitor saida: 0 | ✅ 0 aprovados | 🔍 583 analisados | 📡 683 chamadas API
01:33:00 [INFO]   Proxima: 22:35 — aguardando 60s
01:34:00 [INFO] Fila: 2 aguardando | Cache: 0 bloqueados | Monitor odds: 0 | Monitor saida: 0 | ✅ 0 aprovados | 🔍 583 analisados | 📡 683 chamadas API
01:34:00 [INFO]   Proxima: 22:35 — aguardando 59s
01:35:00 [INFO] Fila: 2 aguardando | Cache: 0 bloqueados | Monitor odds: 0 | Monitor saida: 0 | ✅ 0 aprovados | 🔍 583 analisados | 📡 683 chamadas API
01:35:00 [INFO]   🔍 Atletico Independiente v Herrera FC (22:30) | -5 min
01:35:00 [INFO]   ⛔ Sem mercados
01:35:00 [INFO]     Descartado: Atletico Independiente v Herrera FC — Janela encerrada (+10 min)
01:35:00 [INFO]   Agendador: 1 jogos removidos da fila
01:35:00 [INFO] Fila: 1 aguardando | Cache: 0 bloqueados | Monitor odds: 0 | Monitor saida: 0 | ✅ 0 aprovados | 🔍 584 analisados | 📡 684 chamadas API
01:35:00 [INFO]   Proxima: 22:35 — aguardando 10s
01:35:10 [INFO] Fila: 1 aguardando | Cache: 0 bloqueados | Monitor odds: 0 | Monitor saida: 0 | ✅ 0 aprovados | 🔍 584 analisados | 📡 684 chamadas API
01:35:10 [INFO]   🔍 Atletico Nacional Medellin v Atletico Bucaramanga (22:30) | -5 min
01:35:11 [INFO]   ⛔ Sem mercados
01:35:11 [INFO]     Descartado: Atletico Nacional Medellin v Atletico Bucaramanga — Janela encerrada (+10 min)
01:35:11 [INFO]   Agendador: 1 jogos removidos da fila
01:35:11 [INFO] Fila: 0 aguardando | Cache: 0 bloqueados | Monitor odds: 0 | Monitor saida: 0 | ✅ 0 aprovados | 🔍 585 analisados | 📡 685 chamadas API
01:35:11 [INFO]   Sem jogos na fila. Aguardando 60s...
01:36:11 [INFO] Fila: 0 aguardando | Cache: 0 bloqueados | Monitor odds: 0 | Monitor saida: 0 | ✅ 0 aprovados | 🔍 585 analisados | 📡 685 chamadas API
01:36:11 [INFO]   Sem jogos na fila. Aguardando 60s...
01:37:11 [INFO] Fila: 0 aguardando | Cache: 0 bloqueados | Monitor odds: 0 | Monitor saida: 0 | ✅ 0 aprovados | 🔍 585 analisados | 📡 685 chamadas API
01:37:11 [INFO]   Sem jogos na fila. Aguardando 60s...
01:38:11 [INFO] Fila: 0 aguardando | Cache: 0 bloqueados | Monitor odds: 0 | Monitor saida: 0 | ✅ 0 aprovados | 🔍 585 analisados | 📡 685 chamadas API
01:38:11 [INFO]   Sem jogos na fila. Aguardando 60s...
01:39:11 [INFO] Fila: 0 aguardando | Cache: 0 bloqueados | Monitor odds: 0 | Monitor saida: 0 | ✅ 0 aprovados | 🔍 585 analisados | 📡 685 chamadas API
01:39:11 [INFO]   Sem jogos na fila. Aguardando 60s...
01:40:11 [INFO] Fila: 0 aguardando | Cache: 0 bloqueados | Monitor odds: 0 | Monitor saida: 0 | ✅ 0 aprovados | 🔍 585 analisados | 📡 685 chamadas API
01:40:11 [INFO]   Sem jogos na fila. Aguardando 60s...
01:41:11 [INFO] Fila: 0 aguardando | Cache: 0 bloqueados | Monitor odds: 0 | Monitor saida: 0 | ✅ 0 aprovados | 🔍 585 analisados | 📡 685 chamadas API
01:41:11 [INFO]   Sem jogos na fila. Aguardando 60s...
01:42:11 [INFO] Fila: 0 aguardando | Cache: 0 bloqueados | Monitor odds: 0 | Monitor saida: 0 | ✅ 0 aprovados | 🔍 585 analisados | 📡 685 chamadas API
01:42:11 [INFO]   Sem jogos na fila. Aguardando 60s...
01:43:11 [INFO] Fila: 0 aguardando | Cache: 0 bloqueados | Monitor odds: 0 | Monitor saida: 0 | ✅ 0 aprovados | 🔍 585 analisados | 📡 685 chamadas API
01:43:11 [INFO]   Sem jogos na fila. Aguardando 60s...
01:44:11 [INFO] Fila: 0 aguardando | Cache: 0 bloqueados | Monitor odds: 0 | Monitor saida: 0 | ✅ 0 aprovados | 🔍 585 analisados | 📡 685 chamadas API
01:44:11 [INFO]   Sem jogos na fila. Aguardando 60s...
01:45:11 [INFO] Fila: 0 aguardando | Cache: 0 bloqueados | Monitor odds: 0 | Monitor saida: 0 | ✅ 0 aprovados | 🔍 585 analisados | 📡 685 chamadas API
01:45:11 [INFO]   Sem jogos na fila. Aguardando 60s...
01:46:11 [INFO] Fila: 0 aguardando | Cache: 0 bloqueados | Monitor odds: 0 | Monitor saida: 0 | ✅ 0 aprovados | 🔍 585 analisados | 📡 685 chamadas API
01:46:11 [INFO]   Sem jogos na fila. Aguardando 60s...
01:47:11 [INFO] Fila: 0 aguardando | Cache: 0 bloqueados | Monitor odds: 0 | Monitor saida: 0 | ✅ 0 aprovados | 🔍 585 analisados | 📡 685 chamadas API
01:47:11 [INFO]   Sem jogos na fila. Aguardando 60s...
01:48:11 [INFO] Fila: 0 aguardando | Cache: 0 bloqueados | Monitor odds: 0 | Monitor saida: 0 | ✅ 0 aprovados | 🔍 585 analisados | 📡 685 chamadas API
01:48:11 [INFO]   Sem jogos na fila. Aguardando 60s...
01:49:11 [INFO] Fila: 0 aguardando | Cache: 0 bloqueados | Monitor odds: 0 | Monitor saida: 0 | ✅ 0 aprovados | 🔍 585 analisados | 📡 685 chamadas API
01:49:11 [INFO]   Sem jogos na fila. Aguardando 60s...
01:50:11 [INFO] Fila: 0 aguardando | Cache: 0 bloqueados | Monitor odds: 0 | Monitor saida: 0 | ✅ 0 aprovados | 🔍 585 analisados | 📡 685 chamadas API
01:50:11 [INFO]   Sem jogos na fila. Aguardando 60s...
01:51:11 [INFO] Fila: 0 aguardando | Cache: 0 bloqueados | Monitor odds: 0 | Monitor saida: 0 | ✅ 0 aprovados | 🔍 585 analisados | 📡 685 chamadas API
01:51:11 [INFO]   Sem jogos na fila. Aguardando 60s...
01:52:11 [INFO] Fila: 0 aguardando | Cache: 0 bloqueados | Monitor odds: 0 | Monitor saida: 0 | ✅ 0 aprovados | 🔍 585 analisados | 📡 685 chamadas API
01:52:11 [INFO]   Sem jogos na fila. Aguardando 60s...
01:53:11 [INFO] Fila: 0 aguardando | Cache: 0 bloqueados | Monitor odds: 0 | Monitor saida: 0 | ✅ 0 aprovados | 🔍 585 analisados | 📡 685 chamadas API
01:53:11 [INFO]   Sem jogos na fila. Aguardando 60s...
01:54:11 [INFO] Fila: 0 aguardando | Cache: 0 bloqueados | Monitor odds: 0 | Monitor saida: 0 | ✅ 0 aprovados | 🔍 585 analisados | 📡 685 chamadas API
01:54:11 [INFO]   Sem jogos na fila. Aguardando 60s...
01:55:11 [INFO] Fila: 0 aguardando | Cache: 0 bloqueados | Monitor odds: 0 | Monitor saida: 0 | ✅ 0 aprovados | 🔍 585 analisados | 📡 685 chamadas API
01:55:11 [INFO]   Sem jogos na fila. Aguardando 60s...
01:56:11 [INFO] Fila: 0 aguardando | Cache: 0 bloqueados | Monitor odds: 0 | Monitor saida: 0 | ✅ 0 aprovados | 🔍 585 analisados | 📡 685 chamadas API
01:56:11 [INFO]   Sem jogos na fila. Aguardando 60s...
01:57:11 [INFO] Fila: 0 aguardando | Cache: 0 bloqueados | Monitor odds: 0 | Monitor saida: 0 | ✅ 0 aprovados | 🔍 585 analisados | 📡 685 chamadas API
01:57:11 [INFO]   Sem jogos na fila. Aguardando 60s...
01:58:11 [INFO] Fila: 0 aguardando | Cache: 0 bloqueados | Monitor odds: 0 | Monitor saida: 0 | ✅ 0 aprovados | 🔍 585 analisados | 📡 685 chamadas API
01:58:11 [INFO]   Sem jogos na fila. Aguardando 60s...
01:59:11 [INFO] Fila: 0 aguardando | Cache: 0 bloqueados | Monitor odds: 0 | Monitor saida: 0 | ✅ 0 aprovados | 🔍 585 analisados | 📡 685 chamadas API
01:59:11 [INFO]   Sem jogos na fila. Aguardando 60s...
02:00:11 [INFO] Fila: 0 aguardando | Cache: 0 bloqueados | Monitor odds: 0 | Monitor saida: 0 | ✅ 0 aprovados | 🔍 585 analisados | 📡 685 chamadas API
02:00:11 [INFO]   Sem jogos na fila. Aguardando 60s...
02:01:11 [INFO] Fila: 0 aguardando | Cache: 0 bloqueados | Monitor odds: 0 | Monitor saida: 0 | ✅ 0 aprovados | 🔍 585 analisados | 📡 685 chamadas API
02:01:11 [INFO]   Sem jogos na fila. Aguardando 60s...
02:02:11 [INFO] Fila: 0 aguardando | Cache: 0 bloqueados | Monitor odds: 0 | Monitor saida: 0 | ✅ 0 aprovados | 🔍 585 analisados | 📡 685 chamadas API
02:02:11 [INFO]   Sem jogos na fila. Aguardando 60s...
02:03:11 [INFO] Fila: 0 aguardando | Cache: 0 bloqueados | Monitor odds: 0 | Monitor saida: 0 | ✅ 0 aprovados | 🔍 585 analisados | 📡 685 chamadas API
02:03:11 [INFO]   Sem jogos na fila. Aguardando 60s...
02:04:11 [INFO] Fila: 0 aguardando | Cache: 0 bloqueados | Monitor odds: 0 | Monitor saida: 0 | ✅ 0 aprovados | 🔍 585 analisados | 📡 685 chamadas API
02:04:11 [INFO]   Sem jogos na fila. Aguardando 60s...
02:05:11 [INFO] Fila: 0 aguardando | Cache: 0 bloqueados | Monitor odds: 0 | Monitor saida: 0 | ✅ 0 aprovados | 🔍 585 analisados | 📡 685 chamadas API
02:05:11 [INFO]   Sem jogos na fila. Aguardando 60s...
02:06:11 [INFO] Fila: 0 aguardando | Cache: 0 bloqueados | Monitor odds: 0 | Monitor saida: 0 | ✅ 0 aprovados | 🔍 585 analisados | 📡 685 chamadas API
02:06:11 [INFO]   Sem jogos na fila. Aguardando 60s...
02:07:11 [INFO] Fila: 0 aguardando | Cache: 0 bloqueados | Monitor odds: 0 | Monitor saida: 0 | ✅ 0 aprovados | 🔍 585 analisados | 📡 685 chamadas API
02:07:11 [INFO]   Sem jogos na fila. Aguardando 60s...
02:08:11 [INFO] Fila: 0 aguardando | Cache: 0 bloqueados | Monitor odds: 0 | Monitor saida: 0 | ✅ 0 aprovados | 🔍 585 analisados | 📡 685 chamadas API
02:08:11 [INFO]   Sem jogos na fila. Aguardando 60s...
02:09:11 [INFO] Fila: 0 aguardando | Cache: 0 bloqueados | Monitor odds: 0 | Monitor saida: 0 | ✅ 0 aprovados | 🔍 585 analisados | 📡 685 chamadas API
02:09:11 [INFO]   Sem jogos na fila. Aguardando 60s...
02:10:11 [INFO] Fila: 0 aguardando | Cache: 0 bloqueados | Monitor odds: 0 | Monitor saida: 0 | ✅ 0 aprovados | 🔍 585 analisados | 📡 685 chamadas API
02:10:11 [INFO]   Sem jogos na fila. Aguardando 60s...
02:11:11 [INFO] Fila: 0 aguardando | Cache: 0 bloqueados | Monitor odds: 0 | Monitor saida: 0 | ✅ 0 aprovados | 🔍 585 analisados | 📡 685 chamadas API
02:11:11 [INFO]   Sem jogos na fila. Aguardando 60s...
02:12:11 [INFO] Fila: 0 aguardando | Cache: 0 bloqueados | Monitor odds: 0 | Monitor saida: 0 | ✅ 0 aprovados | 🔍 585 analisados | 📡 685 chamadas API
02:12:11 [INFO]   Sem jogos na fila. Aguardando 60s...
02:13:11 [INFO] Fila: 0 aguardando | Cache: 0 bloqueados | Monitor odds: 0 | Monitor saida: 0 | ✅ 0 aprovados | 🔍 585 analisados | 📡 685 chamadas API
02:13:11 [INFO]   Sem jogos na fila. Aguardando 60s...
02:14:11 [INFO] Fila: 0 aguardando | Cache: 0 bloqueados | Monitor odds: 0 | Monitor saida: 0 | ✅ 0 aprovados | 🔍 585 analisados | 📡 685 chamadas API
02:14:11 [INFO]   Sem jogos na fila. Aguardando 60s...
02:15:11 [INFO] Fila: 0 aguardando | Cache: 0 bloqueados | Monitor odds: 0 | Monitor saida: 0 | ✅ 0 aprovados | 🔍 585 analisados | 📡 685 chamadas API
02:15:11 [INFO]   Sem jogos na fila. Aguardando 60s...
02:16:11 [INFO] Fila: 0 aguardando | Cache: 0 bloqueados | Monitor odds: 0 | Monitor saida: 0 | ✅ 0 aprovados | 🔍 585 analisados | 📡 685 chamadas API
02:16:11 [INFO]   Sem jogos na fila. Aguardando 60s...
02:17:11 [INFO] Fila: 0 aguardando | Cache: 0 bloqueados | Monitor odds: 0 | Monitor saida: 0 | ✅ 0 aprovados | 🔍 585 analisados | 📡 685 chamadas API
02:17:11 [INFO]   Sem jogos na fila. Aguardando 60s...
02:18:11 [INFO] Fila: 0 aguardando | Cache: 0 bloqueados | Monitor odds: 0 | Monitor saida: 0 | ✅ 0 aprovados | 🔍 585 analisados | 📡 685 chamadas API
02:18:11 [INFO]   Sem jogos na fila. Aguardando 60s...
02:19:11 [INFO] Fila: 0 aguardando | Cache: 0 bloqueados | Monitor odds: 0 | Monitor saida: 0 | ✅ 0 aprovados | 🔍 585 analisados | 📡 685 chamadas API
02:19:11 [INFO]   Sem jogos na fila. Aguardando 60s...
02:20:11 [INFO] Fila: 0 aguardando | Cache: 0 bloqueados | Monitor odds: 0 | Monitor saida: 0 | ✅ 0 aprovados | 🔍 585 analisados | 📡 685 chamadas API
02:20:11 [INFO]   Sem jogos na fila. Aguardando 60s...
02:21:11 [INFO] Fila: 0 aguardando | Cache: 0 bloqueados | Monitor odds: 0 | Monitor saida: 0 | ✅ 0 aprovados | 🔍 585 analisados | 📡 685 chamadas API
02:21:11 [INFO]   Sem jogos na fila. Aguardando 60s...
02:22:11 [INFO] Fila: 0 aguardando | Cache: 0 bloqueados | Monitor odds: 0 | Monitor saida: 0 | ✅ 0 aprovados | 🔍 585 analisados | 📡 685 chamadas API
02:22:11 [INFO]   Sem jogos na fila. Aguardando 60s...
02:23:11 [INFO] Fila: 0 aguardando | Cache: 0 bloqueados | Monitor odds: 0 | Monitor saida: 0 | ✅ 0 aprovados | 🔍 585 analisados | 📡 685 chamadas API
02:23:11 [INFO]   Sem jogos na fila. Aguardando 60s...
02:24:11 [INFO] Fila: 0 aguardando | Cache: 0 bloqueados | Monitor odds: 0 | Monitor saida: 0 | ✅ 0 aprovados | 🔍 585 analisados | 📡 685 chamadas API
02:24:11 [INFO] Buscando lista de jogos do dia...
02:24:11 [WARNING] Nenhum jogo retornado pela API Betfair!
02:24:12 [INFO]   Sem jogos na fila. Aguardando 60s...
02:25:12 [INFO] Fila: 0 aguardando | Cache: 0 bloqueados | Monitor odds: 0 | Monitor saida: 0 | ✅ 0 aprovados | 🔍 585 analisados | 📡 686 chamadas API
02:25:12 [INFO]   Sem jogos na fila. Aguardando 60s...
02:26:12 [INFO] Fila: 0 aguardando | Cache: 0 bloqueados | Monitor odds: 0 | Monitor saida: 0 | ✅ 0 aprovados | 🔍 585 analisados | 📡 686 chamadas API
02:26:12 [INFO]   Sem jogos na fila. Aguardando 60s...
02:27:12 [INFO] Fila: 0 aguardando | Cache: 0 bloqueados | Monitor odds: 0 | Monitor saida: 0 | ✅ 0 aprovados | 🔍 585 analisados | 📡 686 chamadas API
02:27:12 [INFO]   Sem jogos na fila. Aguardando 60s...
02:28:12 [INFO] Fila: 0 aguardando | Cache: 0 bloqueados | Monitor odds: 0 | Monitor saida: 0 | ✅ 0 aprovados | 🔍 585 analisados | 📡 686 chamadas API
02:28:12 [INFO]   Sem jogos na fila. Aguardando 60s...
02:29:12 [INFO] Fila: 0 aguardando | Cache: 0 bloqueados | Monitor odds: 0 | Monitor saida: 0 | ✅ 0 aprovados | 🔍 585 analisados | 📡 686 chamadas API
02:29:12 [INFO]   Sem jogos na fila. Aguardando 60s...
02:30:12 [INFO] Fila: 0 aguardando | Cache: 0 bloqueados | Monitor odds: 0 | Monitor saida: 0 | ✅ 0 aprovados | 🔍 585 analisados | 📡 686 chamadas API
02:30:12 [INFO]   Sem jogos na fila. Aguardando 60s...
02:31:12 [INFO] Fila: 0 aguardando | Cache: 0 bloqueados | Monitor odds: 0 | Monitor saida: 0 | ✅ 0 aprovados | 🔍 585 analisados | 📡 686 chamadas API
02:31:12 [INFO]   Sem jogos na fila. Aguardando 60s...
02:32:12 [INFO] Fila: 0 aguardando | Cache: 0 bloqueados | Monitor odds: 0 | Monitor saida: 0 | ✅ 0 aprovados | 🔍 585 analisados | 📡 686 chamadas API
02:32:12 [INFO]   Sem jogos na fila. Aguardando 60s...
02:33:12 [INFO] Fila: 0 aguardando | Cache: 0 bloqueados | Monitor odds: 0 | Monitor saida: 0 | ✅ 0 aprovados | 🔍 585 analisados | 📡 686 chamadas API
02:33:12 [INFO]   Sem jogos na fila. Aguardando 60s...
02:34:12 [INFO] Fila: 0 aguardando | Cache: 0 bloqueados | Monitor odds: 0 | Monitor saida: 0 | ✅ 0 aprovados | 🔍 585 analisados | 📡 686 chamadas API
02:34:12 [INFO]   Sem jogos na fila. Aguardando 60s...
02:35:12 [INFO] Fila: 0 aguardando | Cache: 0 bloqueados | Monitor odds: 0 | Monitor saida: 0 | ✅ 0 aprovados | 🔍 585 analisados | 📡 686 chamadas API
02:35:12 [INFO]   Sem jogos na fila. Aguardando 60s...
02:36:12 [INFO] Fila: 0 aguardando | Cache: 0 bloqueados | Monitor odds: 0 | Monitor saida: 0 | ✅ 0 aprovados | 🔍 585 analisados | 📡 686 chamadas API
02:36:12 [INFO]   Sem jogos na fila. Aguardando 60s...
02:37:12 [INFO] Fila: 0 aguardando | Cache: 0 bloqueados | Monitor odds: 0 | Monitor saida: 0 | ✅ 0 aprovados | 🔍 585 analisados | 📡 686 chamadas API
02:37:12 [INFO]   Sem jogos na fila. Aguardando 60s...
02:38:12 [INFO] Fila: 0 aguardando | Cache: 0 bloqueados | Monitor odds: 0 | Monitor saida: 0 | ✅ 0 aprovados | 🔍 585 analisados | 📡 686 chamadas API
02:38:12 [INFO]   Sem jogos na fila. Aguardando 60s...
02:39:12 [INFO] Fila: 0 aguardando | Cache: 0 bloqueados | Monitor odds: 0 | Monitor saida: 0 | ✅ 0 aprovados | 🔍 585 analisados | 📡 686 chamadas API
02:39:12 [INFO]   Sem jogos na fila. Aguardando 60s...
02:40:12 [INFO] Fila: 0 aguardando | Cache: 0 bloqueados | Monitor odds: 0 | Monitor saida: 0 | ✅ 0 aprovados | 🔍 585 analisados | 📡 686 chamadas API
02:40:12 [INFO]   Sem jogos na fila. Aguardando 60s...
02:41:12 [INFO] Fila: 0 aguardando | Cache: 0 bloqueados | Monitor odds: 0 | Monitor saida: 0 | ✅ 0 aprovados | 🔍 585 analisados | 📡 686 chamadas API
02:41:12 [INFO]   Sem jogos na fila. Aguardando 60s...
02:42:12 [INFO] Fila: 0 aguardando | Cache: 0 bloqueados | Monitor odds: 0 | Monitor saida: 0 | ✅ 0 aprovados | 🔍 585 analisados | 📡 686 chamadas API
02:42:12 [INFO]   Sem jogos na fila. Aguardando 60s...
02:43:12 [INFO] Fila: 0 aguardando | Cache: 0 bloqueados | Monitor odds: 0 | Monitor saida: 0 | ✅ 0 aprovados | 🔍 585 analisados | 📡 686 chamadas API
02:43:12 [INFO]   Sem jogos na fila. Aguardando 60s...
02:44:12 [INFO] Fila: 0 aguardando | Cache: 0 bloqueados | Monitor odds: 0 | Monitor saida: 0 | ✅ 0 aprovados | 🔍 585 analisados | 📡 686 chamadas API
02:44:12 [INFO]   Sem jogos na fila. Aguardando 60s...
02:45:12 [INFO] Fila: 0 aguardando | Cache: 0 bloqueados | Monitor odds: 0 | Monitor saida: 0 | ✅ 0 aprovados | 🔍 585 analisados | 📡 686 chamadas API
02:45:12 [INFO]   Sem jogos na fila. Aguardando 60s...
02:46:12 [INFO] Fila: 0 aguardando | Cache: 0 bloqueados | Monitor odds: 0 | Monitor saida: 0 | ✅ 0 aprovados | 🔍 585 analisados | 📡 686 chamadas API
02:46:12 [INFO]   Sem jogos na fila. Aguardando 60s...
02:47:12 [INFO] Fila: 0 aguardando | Cache: 0 bloqueados | Monitor odds: 0 | Monitor saida: 0 | ✅ 0 aprovados | 🔍 585 analisados | 📡 686 chamadas API
02:47:12 [INFO]   Sem jogos na fila. Aguardando 60s...
